key,input,NTS_70perc_10uM,NTS_90perc_10uM,Adult_IC50_10uM,Adult_IC50_5uM
OLGGEMHVMHDMBQ-CKJJVQESSA-N,C[C@H](C1=CC=CC=C1)N1CC2=C(OC(N)=C(C3=NC(C4=CC=C(Cl)C=C4)=NO3)C2C2=CC=CC3=CC=CC=C23)/C(=C/C2=CC=CC3=CC=CC=C23)C1,0.305418027874241,0.25902912939236,0.722990329904651,0.44048605600535
JDXKRKYSUPFHSI-UHFFFAOYSA-N,C=C(C1=CC=C(C2=CC=CC=C2)C=C1)C1CCOC2(CCC(NC3=CC=C(C(F)(F)F)C=C3)CC2)OO1,0.227261895663272,0.130921039582476,0.661499017988385,0.444927814870041
ITZCQKLMGVPQPT-ZLYZMSFYSA-N,CC(C)[C@@H]1CC[C@]2(CO)CC[C@]3(C)[C@H](CC[C@@H]4[C@@]5(C)CC6=C(ON=C6)C(C)(C)[C@@H]5CC[C@@]34C)[C@@H]12,0.175296671100908,0.16017513145016,0.25532144716735,0.277120114983198
QVHOWIYXXSOEIV-GHXNOFRVSA-N,CC(NC1=NC2=C(/C=C3\NC(=O)NC3=O)C=NN2C(NC2CC2)=N1)C1=CC=CO1,0.138580031852463,0.102632766770847,0.385902887443195,0.442546509001791
AJOIPROOJINBPD-UHFFFAOYSA-N,NCCCC(=O)NCCC(=O)NC1=NN=C(S(N)(=O)=O)S1,0.0799368568445572,0.0476635311156156,0.304020194175753,0.330257114442779
GLNKQEUBUVUTNJ-UHFFFAOYSA-N,O=C1CC(C2=CC=CC=C2)CC2=C1C1(CCCCC1)N=C(NC1=NC3=CC=CC=C3O1)N2,0.183552467558101,0.12761269225021,0.616787679277347,0.499014694201842
WXXKIULLBFLFPW-DVWZZLGYSA-N,COC(=O)CC[C@@H](C)[C@H]1CC[C@H]2[C@@H]3C/C(=N/NC(=S)NC4=CC=C(C)C=C4)[C@@H]4C/C(=N/NC(=S)NC5=CC=C(C)C=C5)CC[C@]4(C)[C@H]3CC[C@]12C,0.338902158446598,0.169156205486313,0.33906017933066,0.313865545108454
DVPYLGDJYYVKAJ-CWCCKSQSSA-N,CC(=O)O[C@H]1CC[C@@]2(C)[C@@H](CC[C@]3(C)[C@@H]2CC=C2[C@@H]4[C@@H](C)[C@H](C)CC[C@]4(C(=O)N(C)O)CC[C@@]32C)C1(C)C,0.211798475031186,0.139885443051322,0.25532144716735,0.205103381008275
SSZMRTAPOVWYHW-LKYMCVAFSA-N,C[C@H]1C[C@@H](N2C=NC3=C(N)N=CC(F)=C23)[C@H](O)[C@@H]1O,0.0569810616566066,0.0235945455076464,0.558943618091536,0.283533911922431
NTCUGFMIELJXCS-UHFFFAOYSA-N,CCN1CCN(CCCNC2=C3C(=NC4=CC=CC=C24)C=CC=C3)CC1,0.198315104132041,0.13390591182614,0.493979362104814,0.380388829351347
ZLXMEKUSNLBNSL-SVEHJYQDSA-N,CC1(C)CC2=NC(C3CCN(C4=NC=C(O)C=N4)CC3)=C([C@@H](F)C3=CC=C(C(F)(F)F)C=C3)C(C3CCC(F)(F)CC3)=C2[C@@H](O)C1,0.22503889035635,0.145118024666531,0.715749467923381,0.437570307878924
BZMUHPHCPVKBAC-FNORWQNLSA-N,O=C(/C=C/C1=CC=CC2=C1N(CC1=CC=C(Cl)C=C1Cl)C(=O)C2)NS(=O)(=O)C1=CC(Cl)=C(Cl)S1,0.189960544499605,0.18470140507394,0.427312625159347,0.421457859456879
BYCWLOQDZYMODR-DWXRJYCRSA-N,C[C@@H]1CCC[C@H](N2CCC(C3=C(C#N)C=CC(Cl)=C3F)=CC2=O)C2=NC=CC(=C2)C2=CC=CC=C2NC1=O,0.217918664745449,0.125692288839676,0.72582417718379,0.38076423143441
FUYDACWLMIPEJT-UHFFFAOYSA-N,COC1=CC=CC(C2=NC(CN3C=CN=C3C=O)=CO2)=C1,0.0592600121316879,0.0226158680681495,0.414052958676551,0.287999060820065
SRNYIEUASJEHNI-UHFFFAOYSA-N,CCCN1C(=O)C2=C(N=C(CCCC3=CC=CC=C3)N2)N(CCCOC)C1=O,0.102786396695005,0.0381384469416485,0.386775260303438,0.34191974342231
JHYNXXDQQHTCHJ-UHFFFAOYSA-M,CC[P+](C1=CC=CC=C1)(C1=CC=CC=C1)C1=CC=CC=C1.[Br-],0.114075404651246,0.0841965997021066,0.645402801221313,0.386440030997033
NQNMTRSTEYEOGI-UHFFFAOYSA-N,CCCCN1N=C(C(=O)C2=CC=CC=C2N)CC1C(=O)OCC,0.0859019415814845,0.039531147465877,0.332352725818095,0.229924480455659
XEAKAWDCKUCKBY-AMWOSJAMSA-N,CC(C)C[C@H](NC(=O)OC(C1=CC=CC=C1)C1CCNCC1)C(=O)N[C@@H](CCCNC(=N)N)C(=O)C1=NC2=CC=CC=C2S1,0.237205603078266,0.158843475251986,0.597830268099372,0.487765657344703
WFMZEOAASVEOPI-SPSPGWCGSA-N,CC1CCC2C(=O)N3C(CCC(C)[C@@H]3C3=CC=C(Br)C=C3)C(=O)N2C1C1=CC=C(Br)C=C1,0.244744348730354,0.141698822176575,0.602575248758656,0.318521726200822
YQGXBSXHFMPWQM-KLCAMILTSA-N,CCC(=O)O[C@H]1CC[C@@]2(C)[C@@H](CC[C@]3(C)[C@@H]2CC=C2[C@@H]4CC(C)(C)CC[C@]4(C(=O)NCCCC(=O)N[C@H](C(=O)O)C(C)C)CC[C@@]32C)C1(C)C,0.187732676314068,0.207383770034675,0.320193519708321,0.27967895032921
QDUPLBCEMNFINR-SOFGYWHQSA-N,O=C(O)/C=C/C1=CC=C2C(=C1)CC1(CC3=CC=CC=C3C1)C2,0.102448669922509,0.0450219547984401,0.34513466312569,0.229545172951022
XWMBNHQWCOHJQH-UHFFFAOYSA-N,FC1=CC=C(C2=C(C3=CC=NC(NCCN4CCSCC4)=N3)SC(C3CCNCC3)=N2)C=C1,0.24410896525894,0.244836302447881,0.741931028791498,0.433371943222193
DEZJLIXJXQEJDP-WEVVVXLNSA-N,O=C(O)CN1C(=O)S/C(=C/C2=CC=CC([N+](=O)[O-])=C2)C1=O,0.0759926545303524,0.0440359904403185,0.273478394150895,0.360676772821709
YJMQHDDLZWBZTR-UHFFFAOYSA-N,O=C1N=C2C=CC=CN2C=C1CC1=CC=CC(OC2=CC=CC=C2)=C1,0.0610681611934771,0.0419511521659348,0.685666915078066,0.487875054398279
LSTDAQHMTQYRJL-UHFFFAOYSA-N,Cl.O=C1CCN(CC2=CC=CC=C2F)CC1C(C1=CC=C(F)C=C1)C1=CC=C(F)C=C1,0.2762645641476,0.147396359515232,0.619548904718277,0.426864976297863
GZBJYWLKANIMIX-CDUMDVBJSA-N,C=C(C)[C@@H]1CC=C(CNC2=NC=NC3=C2N=CN3[C@@H]2O[C@H](CO)[C@@H](O)[C@H]2O)CC1,0.0740858865787308,0.0263839907414715,0.421537315003208,0.292070367977344
JYGCJRGDFNDTFE-UHFFFAOYSA-N,O=C(NC1=CC=CC=C1)N1C2CCC1CC(O)(C1=CC=CN=C1)C2,0.0441448349138808,0.0173217685024615,0.548062321027188,0.424533862535489
SHLVDRLISHVGSO-ZSQFBXSQSA-N,O=C(NCC1=CC=CN=C1)NC[C@H]1CCC[C@H](OCC2=CC(C(F)(F)F)=CC(C(F)(F)F)=C2)[C@@H]1C1=CC=CC=C1,0.194351966576371,0.106601764812845,0.62384058878066,0.494740488572831
LJXCMWIXKXYBMH-IUHHBDENSA-N,CCCCCCCC(=O)N(C)[C@@H](CC(C)C)C(=O)N[C@H](C(=O)N(C)[C@H](C(=O)N1C[C@@H](O)C[C@H]1C(=O)N1C(=O)C=C[C@@H]1C)C(C)C)C(C)OC(C)=O,0.139644973377862,0.0487335796133063,0.232010227398345,0.357481117094463
AHQFRLVRGMRTIK-RPWUZVMVSA-N,COC1=CC=CC([C@@H]2OC3=CC=C(OC)C=C3C[C@H]2OC(=O)NS(=O)(=O)C2=CC=C(C)C=C2)=C1,0.0645566764306671,0.0657251547842589,0.369933810916317,0.375558733867785
YBUPKAFNJNXZCU-UHFFFAOYSA-N,CC(C)CSC1=CC2=C(C=C1Cl)C=C(C(=O)O)C(C(F)(F)F)O2,0.0895643506130495,0.0332797637553871,0.37285159955587,0.213578226751992
OWNKDAHEOJCUPR-UHFFFAOYSA-N,O=S(=O)(CCC1=CC=CC=C1)C(F)F,0.0461109496746531,0.0175834762522196,0.464729367565177,0.291405683801449
LCLUQLYMCAXABJ-UHFFFAOYSA-N,C[N+](C)(C)CC#CC(O)(C1=CC=CC=C1)C1CCCC1,0.0465616132712072,0.0224668112695515,0.423441521257673,0.303927531491836
FNNKEPUPOGRHEM-DXLWWQPSSA-N,C=C1C(=O)O[C@@H]2C[C@H]3[C@]4(C)CC[C@H]([C@H](C)CC/C=C(\C)COC(=O)C5=CC=C6C=CC=CC6=N5)[C@@]4(C)CC[C@]34C[C@]4(CCC(=O)OC)[C@H]12,0.216369298306276,0.145467219586739,0.475708693834852,0.39735830097377
KXIDRPHEXRTZHO-HSZRJFAPSA-N,CC1=CC(C)=CC(C2=CN=C3C=C(Cl)C(C4=CC=NC=C4)=CC3=C2OCC[C@H]2CCCCN2)=C1,0.404599196758653,0.361263975838269,0.596008182785754,0.38104760017923
GTIPANYRNCQASG-ARHHNASGSA-N,CN1CCC[C@H]1C1=CC=C[N+](CCCCCCCCCCNCC2CCC3=CC=C(O)C=C3O2)=C1.[Br-],0.249956404840215,0.244290601560669,0.62171510128306,0.383182635781625
KGGJAFDCRCYGFM-UHFFFAOYSA-N,ClC1=CC=C(CN2C=C(C3=NN=C(NC4=CC=CC=C4)S3)C3=CC=CC=C23)C=C1,0.289426852506149,0.195168658338952,0.741872358380284,0.522755120161096
PUCSURXLSLKZSZ-UHFFFAOYSA-N,COC1=CC(C2=NN=NN2C)=CC=C1NC1=NC=C2C=CN=C(NCC(C)(C)OC)C2=N1,0.127579781494537,0.0775185170087778,0.644970278531181,0.37719965601191
OSJWUPILPXIQLP-QBNHWJPLSA-N,C=C(C)[C@@H]1CC[C@]2(/C=N/O)CC[C@]3(C)[C@H](CC[C@@H]4[C@@]5(C)CC[C@H](OC(C)=O)C(C)(C)[C@@H]5CC[C@@]34C)[C@@H]12,0.22821310445114,0.208671470851543,0.25532144716735,0.211081990170096
WJFJFADCVKZJIW-NVLPFLBZSA-N,CSCC[C@H](NC(=O)[C@H](CC(C)C)N1CCC(NC(=O)[C@H](CC2=CC=CC=C2)NC(=O)[C@H](CC2=CC=CC=C2)NC(=O)CCCN)C1=O)C(N)=O,0.230370303612979,0.161856797033896,0.597830268099372,0.432139590080435
RMYAOQBHEHXKHK-UHFFFAOYSA-N,CCOC1=CC=C(CCNC(=O)C2=NOC(C)=C2)C=C1OCC,0.0551498862578675,0.0231790058629258,0.402101329787669,0.299136763812779
GGRWGRZUFQJGTG-UHFFFAOYSA-N,COC1=CC=C(NS(=O)(=O)C2=CC(NC(=O)CCNC(C)=O)=CC=C2N2CCCCC2)C=C1,0.0780531431196306,0.0461915823698496,0.325745566728073,0.28382376930549
CSBVGJLDNPHYSX-HZGSLRQESA-N,CC(=O)O[C@H]1CC[C@@]2(C)[C@@H](CC[C@]3(C)[C@@H]2CC=C2[C@@H]4CC(C)(C)CC[C@]4(C(=O)OCC(=O)NC(C)(C)C)CC[C@@]32C)C1(C)C,0.243882587552403,0.22083923558419,0.292028136704229,0.228793925929334
MIXHWWCIYLMJQR-XCBNKYQSSA-N,CC1=CN([C@H]2CC[C@](CO)(N=[N+]=[N-])O2)C(=O)NC1=O,0.0286393339777778,0.011615731169398,0.25532144716735,0.184911191272024
GOICRUJVOCVGKW-SBQRARESSA-N,CC(O)C1O[C@@H](N2C=C(F)C3=C(N)N=CN=C23)[C@](C)(F)[C@@H]1O,0.0955511357299452,0.0277791667863301,0.558943618091536,0.274240039495163
RQASZRFUOZOPKW-UHFFFAOYSA-N,COC1=CC=C(C(NC2=CC=CC=N2)C2=C(NC(=O)C3=CC=CO3)SC(C)=C2C)C=C1OC,0.149248792027349,0.0683207549763621,0.535231872333512,0.355895267458116
GHQGPISGCJIZJX-MDZDMXLPSA-N,O=C(/C=C/C1=CC=CC=C1[N+](=O)[O-])NC1=CC=CC=C1Cl,0.0963709182466542,0.0919781551288742,0.403443916730659,0.364530105497809
UUBMXYXJLNBFCN-UHFFFAOYSA-N,CC1=C(C(=O)C2=CC=CC=C2)C=C(C2=CC=CC=C2)N1CC1=CC=C(Cl)C=C1,0.198767033702054,0.115637585062425,0.61468516205297,0.413465563911657
PCRYQUXVYSHFOZ-UHFFFAOYSA-N,CC1=CC2CC3=NC4=CC(Cl)=CC=C4C(NCCCCCCCCCNC(=O)C4=CC(O)=C5C(=C4)C(=O)C4=CC=CC(O)=C4C5=O)=C3C(C1)C2.Cl,0.188632358746157,0.179452665161291,0.391720350337605,0.317700801201635
KOGYOPLNKQJQFM-PHDIDXHHSA-N,O=C1NC(=O)N([C@H]2CS[C@H](CO)O2)C=C1F,0.0481697726199363,0.0223090792441324,0.429434439792556,0.200309571501865
BLILWBDSCDHCKK-UHFFFAOYSA-N,CN1N=C(C(N)=O)C2=C1C1=NC(NC3=CC=C(N4CCOCC4)C=C3)=NC=C1CC2,0.113110763472792,0.0249024953549723,0.568729522768415,0.446453785453934
MKXUEGBBBNEUQR-LBPJEAKVSA-N,COC(C)(C)CCC[C@@](C)(O)[C@H]1CC[C@]2(C)[C@@H]1[C@H](O)C[C@@H]1[C@@]3(C)CC[C@H](OC(=O)C4=CC=CC(F)=C4)C(C)(C)[C@@H]3CC[C@@]21C,0.217331221302294,0.211091951503689,0.492758525680479,0.213803920653475
KYZKXXWFBPOWKR-SFYCDEOASA-N,CC1=C(C(=O)O)N2C(=O)C(NC(=O)[C@H](N)C3=CSC4=CC(Cl)=C(Cl)C=C34)C2SC1,0.118371646805524,0.0690138422388204,0.38509431718536,0.33419213547127
JBOBOIPQLZCNDP-LDADJPATSA-N,COC1=CC=C(OCC(=O)N/N=C(\C)C2=CC=CC=N2)C=C1,0.118206598568568,0.0755446992191994,0.508327195832061,0.296984962434449
OWCYZMRCKVMNDM-MQRABVPWSA-N,CC1(C)[C@@H]2CC[C@@]1(CS(=O)(=O)N1CCC3(CCC4=CC=CC=C34)CC1)[C@@H](NC(=O)C1=CC=CC=C1)C2,0.123086960739045,0.0713782987494293,0.597830268099372,0.397902807328801
KEWWSURXGADRPV-VLXJIEOASA-N,CCCC1=CC(=O)OC2=C3C(=C4C(=C12)OC(C)(C)C=C4)O[C@H](C)[C@@H](C)[C@H]3OC,0.101715242019205,0.0851698344484869,0.263871618526321,0.229119523921052
NMKWDSYLFZHOAH-UHFFFAOYSA-N,CCOC(=O)CC1=CS/C(=N/C(=O)COC2=CN=C(C)C=C2O)N1,0.0767894722678935,0.0486436540733017,0.331960439847933,0.228344706039249
LGTURXDQKJRHSF-UHFFFAOYSA-N,COC1=CC=C2NC3=C4NC5=CC=C(OC)C=C5C4=C4C(=C3C2=C1)C(=O)NC4=O,0.109503969505318,0.0964825493354755,0.334255309504401,0.246913790790661
QVPSYCLMBAKEHM-UHFFFAOYSA-N,COC1=CC=C(C(=O)C2=CNC(C(=O)NCCCN3CCOCC3)=C2)C=C1,0.0522954998391454,0.0426695561186563,0.388115629098135,0.232938744905614
XFVTZTQCGZVSDX-PMACEKPBSA-N,COC1=CC(CC(=O)N2C[C@@H](F)C[C@H]2COC2=CC=C(C(=O)O)C=C2)=CC=C1NC(=O)NC1=CC=CC=C1Br,0.138407576239669,0.0638798100876977,0.62406533321654,0.353404900147829
YXACXWLALINXQS-UHFFFAOYSA-N,O=C1CC(=C2C3=CC=CC=C3C3=CC=CC=C23)C(=O)N1CCN1CCN(C2=CC=CC=C2)CC1,0.14271509399052,0.0754889204993478,0.661366795831378,0.430303410161268
JSRXTHWZVFGCJR-CXEQAMIMSA-N,CC(=O)C1=C(O)C=C2OC3=C(C4=CSC(N/N=C/C5=CC=C(Br)C=C5)=N4)C(O)=C(C)C(O)=C3[C@@]2(C)C1=O,0.181283460074498,0.12349621361768,0.579185784449381,0.350976840564377
CPKUBQFXUVJGTN-VMBBRRATSA-N,CCOC1=CC2=C(C=C1O)CC[C@@H]1[C@@H]2CC[C@]2(C)C(OS(=O)OC3CC[C@@H]4[C@H]5CCC6=CC(O)=C(OCC)C=C6[C@@H]5CC[C@@]34C)CC[C@@H]12,0.188404166475002,0.126405295443672,0.321292585507622,0.281011546071807
AQMNBSBCJPFTAD-ZAZKALAHSA-N,O=NN(CCCl)C(=O)N[C@@H]1CC(N2C=C(F)C(=O)NC2=O)O[C@@H]1CO,0.0490405693150421,0.0174535461045578,0.466141129329434,0.200928162895032
JJXNDADNDFDRKV-UHFFFAOYSA-N,CC1=CC=C(CC2CC3=CC=CC=C3C2N)C(C)=C1,0.0710120423115256,0.0354046696184714,0.316969280121597,0.266710771567643
XSBINZAIPQEGEY-UHFFFAOYSA-N,COC1C(CO)OC(N2C3=CC=CC=C3C3=C4C(=C5C6=CC=CC=C6NC5=C23)C(=O)NC4=O)C(O)C1OC(=O)CBr,0.10744017199689,0.0514346689785782,0.372830028834061,0.364919251078947
KDHWXYCRFWFNAS-UHFFFAOYSA-N,CC1=CC=CC=C1CN1CCC(CNC2=NC(C3=CC=C(Cl)C=C3)=C(C3=CC=C(Cl)C=C3)S2)CC1,0.433232681480785,0.403728202767617,0.515229496813619,0.479691244913563
AYQUCQJYWKQBRS-GFCCVEGCSA-N,CNC(=O)C1=CC(C(=O)NC2CC2)=CN([C@H](C)C2=CC=CC=C2)C1=O,0.0434950220016657,0.0256573643403683,0.460148210794552,0.333629699790721
SKKLOUVUUNMCJE-FQSMHNGLSA-N,NC[C@H]1O[C@H](O[C@@H]2[C@@H](N)C[C@@H](N)[C@H](O[C@H]3O[C@H](CO)[C@@H](O)[C@H](N)[C@H]3O)[C@H]2O)[C@H](N)[C@@H](O)[C@@H]1O,0.0419294793450659,0.0248615530546653,0.218655186213115,0.172389343581637
DVBMOXZCNUZYLF-XHWIWGEHSA-N,CCCCCCOC1=CC=C(N(C)S(=O)(=O)[C@H]2C[C@H]3O[C@@H]2C(C2=CC=C(O)C=C2)=C3C2=CC=C(O)C=C2)C=C1,0.113698914034055,0.0779420537047118,0.490716913977044,0.451662375104003
MGDCTXYEVAWARZ-UHFFFAOYSA-N,CSC1=NC(Cl)=CC(N2CCOCC2)=N1,0.0984035196894123,0.0535123959918969,0.315998996362341,0.268951322066444
HBQHNNSALUYHGJ-UHFFFAOYSA-N,COC1=CC(CCC2=CC=CC=C2)=C(C=O)C(OC(C)=O)=C1CC=C(C)C,0.0851987093424974,0.0344159525800441,0.386775260303438,0.303579507121703
BYZKEETTZOQSEE-UHFFFAOYSA-N,CN(C)CCNC(C(=O)NCC1=CC=CC=C1)C1=CC=C2C=C(C(=O)NC3=CC=CC=C3N)SC2=C1,0.252038200049337,0.207970015792703,0.598111798309795,0.484409644180008
COHVPSBMXDXOIU-UHFFFAOYSA-N,COC1=CC=C2C(=C1)C(=O)C(CC1CCN(CC3=CC=CC=C3)CC1)C2,0.106967173285643,0.0750328743843415,0.467167387302066,0.318458122209136
IHPIALVXPHPONZ-UKKRHICBSA-N,O=C(O[C@H]1C[C@H](N2C=C(F)C(=O)NC2=O)O[C@@H]1CO)[C@@H]1CCCN1,0.0517170430929593,0.022217694761678,0.466100700746792,0.184911191272024
RNGORNTUMVXWOC-DKVRRKBJSA-N,CC(C)CCC[C@@H](C)[C@H]1CC[C@H]2[C@@H]3CCC4[C@H](CC5=CC=CC(F)=C5F)[C@H](O)CC[C@]4(C)[C@H]3CC[C@]12C,0.252875395493426,0.160889696887292,0.296604679526633,0.303334724786131
SWWFWPUXAYGINK-UHFFFAOYSA-N,CC(C)(CF)N1C=C(C(=O)O)C(=O)C2=CC(F)=C(N3CC(N)C3)C=C12,0.0408802870894608,0.0182154740099988,0.358005868363985,0.222524095697861
GOICRUJVOCVGKW-YDXUSSIQSA-N,C[C@H](O)C1O[C@@H](N2C=C(F)C3=C(N)N=CN=C23)[C@](C)(F)[C@@H]1O,0.0955511357299452,0.0277791667863301,0.558943618091536,0.274240039495163
DEJWATMJSBFTEL-UHFFFAOYSA-N,COC1=CC(C(O)C2=NC(C3=CC=NC=C3)=CS2)=CC=C1F,0.0768176945743321,0.0375154898191917,0.642700297637112,0.318040195505736
BCPCNDGNQAGYMC-UHFFFAOYSA-N,O=C(CSC1=NN=NN1C1=CC=C2C(=C1)OCCO2)OC1CCCCC1,0.0972988633710159,0.0564438083710037,0.330637590526798,0.296481980298592
ULLZGUYMGKYAAU-WLNZHLEZSA-N,CCCCCCN1[C@H]2CC[C@@H]1C[C@H](N(C1=CC=CC=C1)C1=CC=C(C(=O)N(CC)CC)C=C1)C2,0.282045613158741,0.221578024966177,0.51135563149031,0.385293533849283
HNXKUFOPVCELHL-UHFFFAOYSA-N,COCCN1CCOCC12CCN(C1=CC=C(C#N)C=C1)CC2.O=C(O)C(F)(F)F,0.0550008032468324,0.0349994978581411,0.478717880233406,0.218076652988159
ITUMRQRXZKDQDH-UHFFFAOYSA-N,O=C1NC(N2CCOCC2)=NC(NCC2CCCCN2)=C1C1=CC=C2C=CC=CC2=N1,0.190052454079776,0.114808428213979,0.439000549038471,0.442003969584787
ZLSUNYHFHNHQMW-IUDBTDONSA-N,CC1(C)CC2=NC(C3CCN(C4=NC=C(CCCC(F)(F)F)C=N4)CC3)=C([C@@H](F)C3=CC=C(C(F)(F)F)C=C3)C(C3CCC(F)(F)CC3)=C2[C@@H](O)C1,0.237654246364851,0.1611390683171,0.814969252442461,0.437570307878924
XTNJWMYCNKCDJC-JWCGBNDWSA-N,CC1(C)CCN([C@H]2C3CC4CC2C[C@@](O)(C4)C3)C(=O)C2=C1N(C1=CC=C(Cl)C=C1)N=C2,0.178065546218817,0.0601847105893919,0.410518251302147,0.274919285965902
OVLOKMBRSPGNJS-OXLCRQLGSA-N,COC1=CC=C(C[C@H]2NC(=O)/C=C/C[C@@H]([C@H](C)[C@@H](O)[C@@H](Cl)C3=CC=C(C)C(C)=C3)OC(=O)[C@H](CC(C)C)OC(=O)C(C)(C)CNC2=O)C=C1Cl,0.259429416664312,0.141978594738465,0.449579408482346,0.295311450606826
LWMHETDODOVEBY-UHFFFAOYSA-N,CCCCOC1CCC2=NC3=CC(Cl)=CC=C3C(NCCCCCCCCCNC3=C4C(=NC5=CC(Cl)=CC=C35)CCC(OCCCC)C4)=C2C1,0.164660343570384,0.146855716682621,0.5053797616608,0.404913025474661
CNDKXGAIIABMLH-HPBCLWJWSA-N,O=C1NC2=C(C=CC=C2C(F)(F)F)/C1=C1/NC2=CC=C(C(=O)O)C=C2/C1=N\O,0.112206840900917,0.0443428281407411,0.488451722847156,0.459820286973122
RUBYHLPRZRMTJO-FLVSMNSFSA-N,CN(C)C/C=C/C(=O)NC1=CC=C(C(=O)N2CCC[C@H](NC3=NC=C(Cl)C(C4=CNC5=CC=CC=C45)=N3)C2)C=C1,0.212806196055646,0.123681910551954,0.648486854643911,0.50026647963172
IMEAZPZIQNSCGN-BTJKTKAUSA-N,CC=CCNC(=O)OCCCC1=CNC=N1.O=C(O)/C=C\C(=O)O,0.0708219093447226,0.047339060343088,0.364378118627305,0.232168627122894
PQIKGKCABNVHHS-UHFFFAOYSA-N,COC1=CC=C(OC)C(S(=O)(=O)N2C=CC(C)=N2)=C1,0.0471438843072448,0.0343548513972859,0.348148188932085,0.231896360501171
GCMGAVLFDIRZRH-UHFFFAOYSA-N,CCOC(=O)N1CCN(C(=O)C2=CC=CC=C2NC(C)=O)CC1,0.0596006980032082,0.0203925681919806,0.309950103614083,0.257910666229022
MRCMHQPBXBYCBW-ZCGSHCRLSA-N,CC(=O)O[C@H]1CC[C@@]2(C)[C@@H](CC[C@]3(C)[C@@H]2C[C@@H](OC(C)=O)[C@@H]2[C@@H]([C@]4(C)CC[C@@H](C(C)(C)O)O4)CC[C@@]32C)C1(C)C,0.3144432793519,0.240010237976069,0.309084888027566,0.239555557123287
IUVPGVNJUUOQGY-UHFFFAOYSA-N,O=C(NO)C1=NOC(C2=CC=CC(OCC3=CC=CC=C3)=C2)=C1,0.0971920712078406,0.0720784381555587,0.592354058504015,0.432192387294383
ZEFUFVWPRPISAD-FLUPTLLOSA-N,NC[C@H]1O[C@H](O[C@@H]2[C@@H](N)C[C@@H](NC(CO)CO)[C@H](O[C@H]3O[C@H](CO)[C@@H](O)[C@H](N)[C@H]3O)[C@H]2O)[C@H](N)[C@@H](O)[C@@H]1O,0.0318636575706902,0.0201601841430471,0.255361875749993,0.200928162895032
GRKVDOZMQNBFKP-UHFFFAOYSA-N,NC(=O)C1=C(NC(=O)COC(=O)COC2=CC=CC=C2[N+](=O)[O-])SC=C1,0.105000100145502,0.0404590478106386,0.473757598762464,0.302458090896301
LFIYFGISUSRLNS-UHFFFAOYSA-N,COC1=CC=C(NC2=NC=NC3=CC=C(NC(=S)NC4=CC=CC(Cl)=C4)C=C23)C=C1,0.362261702471157,0.376872355011054,0.795478262017155,0.517995170853096
FAAZTHVEPPRZQA-AIDMMIJQSA-N,C[C@H](CCC(=O)N[C@H](CC(=O)O)CC1=CNC2=CC=CC=C12)[C@H]1CC[C@H]2[C@@H]3CC[C@@H]4C[C@H](OC(N)=O)CC[C@]4(C)[C@H]3CC[C@]12C,0.193891183842779,0.121662763068814,0.374781747572411,0.346316997709591
OUEKNSIKFCXVQG-UHFFFAOYSA-N,CCN1N=CN=C1C(C)NC(=O)C1CCN(C(=O)COC)CC1,0.0798137811408893,0.0268805579698238,0.421537315003208,0.304107405014381
LZKAWWQLQSNKFF-UHFFFAOYSA-N,CCOC1=CC=C(NC(=O)CN2C(=O)N(CCCCC(=O)NCCC3=CC=C(Cl)C=C3)C(=O)C3=CC=CC=C23)C=C1,0.121474183490293,0.0355049550180258,0.563162275263915,0.45512845297045
DYXYGRMAQJYXAX-UHFFFAOYSA-N,OCCCCCCCCCCC(Br)CO,0.09505756181234,0.0632567223700515,0.195303537861466,0.172389343581637
LUKIJOMOVGMWEG-VWLOTQADSA-N,O=C1COC2=C([C@@H](O)CNCCN(C(=O)CCNCCC3=CC=C(Cl)C(Cl)=C3)C3CCCCC3)C=CC(O)=C2N1,0.238899934541757,0.124132356289978,0.403882732267429,0.456181807560596
DVUWABCQLLNADO-UHFFFAOYSA-N,CN1C=C(C2=CN=C(N)C(C3=NC4=CC=C(Cl)C=C4O3)=C2)C=N1,0.102172271613381,0.065306034821072,0.495976080526635,0.391484377205837
HWYAJWGCCGYCLK-IOSPBWAASA-N,CC1(C)CC[C@]2(C(=O)OCC3=CC=C(Cl)C=C3)CC[C@]3(C)C(=CC[C@@H]4[C@@]5(C)C[C@@H](O)[C@H](O)C(C)(C)[C@@H]5CC[C@@]34C)[C@@H]2C1,0.27227078618288,0.1531479673542,0.348951569842566,0.247811607697385
IUTBXSWMWCPQMR-IRSUCFPRSA-N,C[C@@H]1C[C@@]2(O)OC[C@@]3(O)[C@@H](O)CC[C@H]4[C@@]23COC(=O)[C@]14CC(O)C1=COC=C1,0.0489615477132639,0.0243130314777006,0.314062705908609,0.205114799326519
HUHQVWZHPFGYSN-YTEMWHBBSA-N,O=C(/C=C/C1=NC2=NC=CC=C2N1C1=CC=CC=C1)/C=C/C1=NC2=NC=CC=C2N1C1=CC=CC=C1,0.112950114073697,0.0433620094118566,0.803593365313179,0.509784915900186
SYQYTRMQKJCPNR-YSJJMVFISA-N,O=C1NC(=O)N([C@H]2C[C@H](O)[C@@H](COP3(=O)OCC(O)CO3)O2)C=C1F,0.0528937495352122,0.0293774650182483,0.429434439792556,0.172389343581637
MYTIJGWONQOOLC-HNNXBMFYSA-N,C[C@@H](C1=CC=C(C2=CC=CC=C2)C(F)=C1)C1=NOC(NC(=N)N2CCOCC2)=C1,0.0902648349046694,0.0522115081023628,0.624832757034149,0.39803728274625
AYTQCCBUFYJHMJ-UHFFFAOYSA-N,CCC12CCCN(CC3=CC=CC=C3)C1C1=C(N(C)C3=CC=CC=C13)CC2,0.195300920385398,0.170108107247827,0.524457317608258,0.37804721239216
TVXUPVWQHJPWDM-YWFQBWSMSA-N,COC(=O)[C@@H]1CCCN1C(=O)C1=C(C)NC(=S)NC1C1=CC=C(OCCCCCOC2=CC=C(C3NC(=S)NC(C)=C3C(=O)N3CCC[C@H]3C(=O)OC)C=C2OC)C(OC)=C1,0.101195767767277,0.0631129933007194,0.527709889099503,0.352152908012929
CTJDGZKXUNHJET-UHFFFAOYSA-N,COC1CCCN(C(=O)C2=CC=C(OC3CCN(CCC4=CC=CC=C4)CC3)C=C2)C1,0.0983474828970375,0.0509167937167281,0.51135563149031,0.33409503455226
CKCQHERWOBKQQV-FXUXZWPMSA-N,CC1(C)CC[C@]2(C(=O)O)CC[C@]3(C)C(=CC[C@@H]4[C@@]5(C)CC6=NC=CN=C6[C@@](C)(COC(=O)CCC(=O)O)[C@@H]5CC[C@@]34C)[C@@H]2C1,0.224812780213524,0.24146421319084,0.412996008470423,0.329404713914035
VHGJUQQIEONLSG-UHFFFAOYSA-N,CN1CCCC(CN2C3=CC=CC=C3SC3=CC=C(C4=CC=CC=C4)C=C23)C1,0.363983391318867,0.256295397153921,0.651351423007205,0.433579389424334
RISSEPMNTWBCNG-DBYOASNMSA-N,CN1C(=O)[C@H]2[C@@H](C1=O)[C@@H](C1=CC=C(C(F)(F)F)C=C1)N[C@]21CCCN(CC2=CC=C(Br)C=C2)C1=O,0.10359927792917,0.0679349713238374,0.56499323688867,0.387361194091146
ZSZBZWYFAFAPGA-YAGSLNJISA-N,C(=N/NC1=CC=CC=N1)\C1=C2C(=C(/C=N/NC3=CC=CC=N3)C3=CC=CC=C13)C=CC=C2,0.25334781880502,0.208396486045323,0.661588540761859,0.435675315761426
MRINYURMSXQULP-UHFFFAOYSA-N,O=C(NC1=CC(NC2=CC=C3C(=C2)CCC2=CC=C(OCCN4CCOCC4)C=C2C3=O)=CC=C1F)C1=CC=CC=C1,0.248163131941998,0.173197610285146,0.754648228751887,0.406610722324825
DVKJUNBIBMQUFI-UHFFFAOYSA-N,CC1=C(C(=O)NN2C=NC3=CC=CC=C23)N=C(C2=CC=CO2)S1,0.130189671938069,0.0717453495192298,0.522415917188224,0.410363407154891
BQGFWXFSIJBNLM-UHFFFAOYSA-N,CC1=C(NC2=CC=C(Br)C=C2F)C(C(=O)NOCC2CC2)=CN(C)C1=O,0.125033802522071,0.0491054996612958,0.653749633076281,0.416417225573355
RKPNNJPSLDDPFP-XDQQEHFWSA-N,CC(=O)O[C@H]1CC[C@@]2(C)[C@@H](CC[C@]3(C)[C@@H]2CC=C2[C@@H]4[C@@H](C)[C@H](C)CC[C@]4(C(=O)N4C=CN=C4)CC[C@@]32C)C1(C)C,0.253262553474054,0.175777922735687,0.25532144716735,0.195328288101177
LALOOTNMMWQYOG-UHFFFAOYSA-N,O=C(O)C1=C(C2C(=O)NCCCCCCCCCCCCCC(=O)N2CC2=CC=C(Cl)C=C2Cl)C2=CC=C(Cl)C=C2N1,0.171515328289006,0.122140925654197,0.294044624132425,0.266782884021823
QQHCMSOAGSGJIX-QGQOMJOASA-N,COC1=CC=C(CCN(C(=O)NCC2=CC=CC=C2)[C@@H](CC2=CC=CC=C2)C(=O)N[C@@H](CC(N)=O)[C@@H]2O[C@H]3OC(C)(C)O[C@H]3[C@@H]2OC)C=C1,0.12174072001502,0.0827163736310303,0.598111798309795,0.470375056638105
SAPQBYOLPXMHJL-UHFFFAOYSA-N,CN1CCC(=C2C3=CC=CC=C3C3=CC=CC=C23)CC1,0.0819713339865325,0.0284855771102178,0.366737227193781,0.296863475469192
RFJVNPLNWMVQAZ-ZLDPOVOCSA-N,CCOC(=O)CC(=O)CSC(=S)O[C@H]1CC[C@@]2(C)[C@@H](CC[C@@H]3[C@@H]2CC[C@@]2(C)[C@H]3CC[C@@H]2[C@H](C)CCCC(C)C)C1,0.255177419842432,0.198987080622291,0.26867648835258,0.25446315951936
AOQSILHFKQNLII-YSSHQLGOSA-N,NC1=NC(N/N=C/C2=CC=CN2)=NC2=C1N=CN2[C@@H]1O[C@H](CO)[C@@H](O)[C@H]1O,0.0764361470555355,0.0238527515104277,0.433556545772439,0.295579274468972
JGLOGDIUSBZLOV-UHFFFAOYSA-N,CC(C)(C)C(NC(=O)C(CCCC1=CC=CC=C1)CC(=O)NO)C(=O)NC1=CC=CC=C1,0.186421336299896,0.117886254179137,0.561164007145136,0.424182595235181
BCHJMPOZLHGFCQ-UHFFFAOYSA-N,COC1=CC=C(NC(=O)CN2C(=O)C3=CC=CN=C3SC3=CC=CC=C23)C=C1OC,0.0713052941675736,0.0285088592495636,0.592189851461302,0.420865726405498
CSSADNGLQFHWFP-UHFFFAOYSA-N,COC1=CC=C(N(C)C(=O)C2CCCN2S(=O)(=O)C2=CC=CC3=NSN=C23)C=C1,0.0812605890847162,0.0303475202913875,0.37436345657119,0.315021088301894
VFWDGPGEEXHKEO-XZMKWJKUSA-N,COC(=O)[C@]12CCC(C)(C)C[C@H]1C1=CC[C@@H]3[C@@]4(C)C[C@@H]5C(=NN[C@H]5C5=CC=CC=C5)C(C)(C)[C@@H]4CC[C@@]3(C)[C@]1(C)CC2,0.214709067046295,0.130316255472553,0.460148210794552,0.374913711584817
PQQIGLGAWBKHRP-NQAVQENRSA-N,COC1=CC=C(C2=CN=C([C@H]3[C@@H](C4=CC=C(Cl)C=C4)C[C@@H]4CC[C@H]3N4C)S2)C=C1,0.246038337342706,0.158417604239182,0.489975011437663,0.355065364015053
IWJLSQVXLFJXOP-UHFFFAOYSA-N,O=C(COC(=O)C1=CC=C(O)C=C1)NC1=CC=C2C(=C1)OCO2,0.0753379777986105,0.0468097736974751,0.263192043163228,0.268479853961575
HGKRKEGJRHJYDG-WCENMHOUSA-N,C=C(C)[C@@H]1CC[C@]2(CNCCN3CCC(F)(F)CC3)CC[C@]3(C)[C@H](CC[C@@H]4[C@@]5(C)CC=C(C6=CC=C(C(=O)O)C=C6)C(C)(C)[C@@H]5CC[C@@]34C)[C@@H]12,0.173130507122896,0.150448264133631,0.450823459289432,0.309849018356421
DVTUCUHCLTYKEX-UHFFFAOYSA-N,CC(C)C1=NC(C2CCCN2CCC2=CC=NC=C2)=NO1,0.0507449939571989,0.0266587158812468,0.330637590526798,0.265487828251808
QOLRQWAZPYLZEB-UHFFFAOYSA-N,COCCNC(=O)C(C1=CC=C(F)C=C1)N(CC1=CC=CC=C1)C(=O)CCC(=O)NC1=NC=CS1,0.095825852023275,0.0597517967869659,0.709431796438681,0.467062092331898
IQWWUNJOXUWQHK-UHFFFAOYSA-N,CC(C)COC1=NC(C(=O)NC2=CC=C(C(=O)O)N=C2OCC(C)C)=CC=C1N,0.0720852616335479,0.0473923932502083,0.571336388985381,0.33844659233629
IQBXYHKRGWPSAY-CNORLSDQSA-N,C=CC1=C[N+]2=C(C(O)=C1C[C@H]1C3=C(C4=CC=CC=C4N3)CCN1C)C1=C(C3=CC=C(O)C([C@H]4CCCN4C)=C3N1)CC2.[Cl-],0.292151760308748,0.296495552166942,0.338755819542886,0.310079201595501
HBQPFEZZFCYPNX-UHFFFAOYSA-N,CC1CC2=C(CCC3=CC=C(C4=CC=CC=C4)C=N3)C=CC3=C2C(=C(CC(C)(C)CC2=NN=NN2)N3CC2=CC=C(Cl)C=C2)S1,0.349442487481927,0.246550855227572,0.705139926517529,0.448826615504662
LROYLZZPNSRGAA-UHFFFAOYSA-N,O=C(O)COC1=CC=C(Cl)C=C1C#CC1=CC=CC(Cl)=C1,0.0817694511265237,0.077131195408006,0.437285889299276,0.256840997835643
QIXJAFUXGLJYAI-ZDUSSCGKSA-N,COC1=NNC2=CC(NC(=O)N[C@H]3CCCOC4=CC=CC=C34)=NC=C12,0.0905102109671601,0.0522049972265837,0.515356312098067,0.409621619293876
GITNDHUJOBXSCE-AATRIKPKSA-N,CC1=CC=C2OC(C3=C4C(N)=NNC(=O)C4=NN3C3=CC=C(NC(=O)/C=C/CN(C)C)C=C3)=C(C)C2=C1,0.140455916344934,0.104094536046618,0.419620317467039,0.387667355122999
KOIISDSKMAUNGJ-GSZYCOFVSA-N,CC1(C)CC2=NC(C3CCN(C4=NC=C(N5CC[C@H](O)C5)C=N4)CC3)=C([C@@H](F)C3=CC=C(C(F)(F)F)C=C3)C(C3CCC(F)(F)CC3)=C2[C@@H](O)C1,0.25071387870387,0.162432673872145,0.74354068101389,0.437570307878924
KNCGAFJEHZHQTR-YTFSRNRJSA-N,CCC(CC)O[C@@H]1C=C(C(=O)NCC2=CN(CC3=CC=CC=C3F)N=N2)C[C@H](N)[C@H]1NC(C)=O,0.0693833549861665,0.0328992877302957,0.521310752542361,0.333224145314069
AUZMMBWDROORIR-UHFFFAOYSA-N,CCCCCCN(C(=O)CCCCCN1C(=O)NC(C2CCCCC2)C(C(=O)OCC2=CC=CC=C2)=C1C)C(C(=O)NCCCC)C1=CC=C(OCC(=O)OC)C(C(=O)OC)=C1,0.157192589773956,0.12930174192726,0.573829104663377,0.449577717056944
ZHBXWMQPYRDVIG-MRVPVSSYSA-N,C[C@H](C1=CC=C(Cl)C=C1)N1C(CCN)=NNC1=O,0.0402979414050103,0.0203978252514855,0.410150198302515,0.278484104270566
GMKNHXQGYSEWKJ-OWZKRDHZSA-N,COC1=CC(C(=O)N[C@H]2C[C@@H]3CCC[C@H](C2)N3CC2=NC3=C(C)C=CC=C3S2)=CC(OC)=C1OC,0.205806440628373,0.182151843907386,0.363902393951122,0.363556721030895
DHXRVACQELJOKP-UHFFFAOYSA-N,O=C(O)C1=CC=C2C(=C1NC1=CC=CC3=C1C(=O)C1=CC=CC=C1C3=O)C(=O)C1=CC=CC=C1C2=O,0.0897900716035818,0.0365914161154738,0.557961767400861,0.392480798502111
YCNCKRICIJRLJN-JWIVBDBNSA-N,CO[C@H]1CC[C@H](NC(=O)NC23CC4CC(CC(C4)C2)C3)CC1,0.119003178407422,0.104768991524741,0.292028136704229,0.228793925929334
XILSMSISXMCKEO-UHFFFAOYSA-N,CCCCN(CCCC)CC(O)COC1=C(Br)C=C(C(C)(C)C2=CC(Br)=C(OCC(O)CN(CCCC)CCCC)C(Br)=C2)C=C1Br,0.221725520085425,0.220606016561958,0.344722478399541,0.253858235235106
ZRDXHRIXOKLFJE-UHFFFAOYSA-N,CC(C)(C)NCC(=O)N1N=CCC1C#N,0.0921562583850545,0.0461576466757169,0.255361875749993,0.258892765053929
SCNPNBGMTVLCGU-UHFFFAOYSA-N,CCCOC1=NC2=C(C(=O)N(C)C(=O)N2C)N1CCCCN1CCN(C2=CC=CC=C2OC)CC1,0.0993328380276276,0.0440090751225974,0.319478889335039,0.291630463741831
FRZZZMXPCYANGO-COCIYFACSA-N,COC(=O)[C@@]1(C)CC[C@]2(C)CC[C@]3(C)C(=CC(=O)[C@@H]4[C@@]5(C)C=C(C#N)C(=O)C(C)(C)[C@@H]5CC[C@@]34C)[C@@H]2C1,0.223256470045182,0.0801891170277145,0.231931982858075,0.228793925929334
FBQCDJRSCUVUFL-FGTMMUONSA-N,CCCCCCCCCCCCCC[C@@H]1OC[C@@H](N)[C@H]1O,0.161506922961724,0.130131859679186,0.218655186213115,0.198348045646534
GYGHRDCOOGMQIQ-UHFFFAOYSA-N,CC(C)NC(=O)C1=NC2=C(S1)CCCN2C(C)C,0.0697955081886622,0.0309023979280537,0.29084446544945,0.232168627122894
LYFVNBVFJKZHQF-UHFFFAOYSA-N,CN(CCOC(=O)CCCCCC(=O)OCCN(C)CCN1N=C2C3=C(C=CC=C13)C(=O)C1C(Cl)=CC=CC21)CCN1N=C2C3=C(C=CC=C13)C(=O)C1=C(Cl)C=CC=C21,0.172885653544491,0.165879815573959,0.518794918028319,0.434564349581282
BOWMCSHKWFSTMZ-UHFFFAOYSA-N,C1=CC=C(CN2C(NCC3=CC=CC=N3)=NC3=CC=CC=C23)C=C1,0.155053017075262,0.0807899421631238,0.691652876068129,0.474026011957491
RJWDKFVKUFSHHU-BVXKYASOSA-N,CC(C)CCOC1=CC=C2C=CC=CC2=C1C1=C2C(=CC=C1OCC1=CN([C@H](CCCCN)C(=O)N[C@H](CCCNC(=N)N)CN3C=C(CC4CCCCC4)N=N3)N=N1)C=CC=C2,0.257403942454054,0.212750459453181,0.715482714236816,0.525708304214432
WMFXCDGQRHJFKL-UHFFFAOYSA-N,FC1=CC=CC2=NC=CC=C12,0.0520685921163785,0.0245157118585871,0.619899759874624,0.228582130618965
ZVILMVHKESPEGG-UHFFFAOYSA-N,NC1=C(C(=O)C2=C(C3=CC=CC=C3)NC3=CC=CC=C23)C(C2=CC=CC3=CC=CC=C23)=C(C(=O)C2=CC=CC=C2)N1,0.164225599400806,0.175198498555256,0.591525525990108,0.422057818392222
SFXMYMSDJIHTJB-SKNMHBRKSA-N,CN1C(=O)N[C@H]2[C@@H]3NC(=O)C4=CC=C(C(F)F)N4[C@@H]3C[C@@]12O,0.0889367204194337,0.0327618443182893,0.519591053593545,0.229983471974543
DONNNCWYMRHMFB-UHFFFAOYSA-N,O=C(NNC(=S)NC1=CC=C([N+](=O)[O-])C=C1Cl)C1=CC(C23CC4CC(CC(C4)C2)C3)=C2C=CC=CC2=N1,0.225127367241007,0.164148862013327,0.39906834810771,0.394804801837735
WPFPRHHIOMBJJG-UHFFFAOYSA-N,CCCSC1=NC(N2CCOCC2)=C2NC(=O)C(=O)N(CC3=CC=CC=C3)C2=N1,0.0589398528257685,0.0416484512867437,0.445867991845909,0.413351646562645
YLSBFWITBROPHV-UHFFFAOYSA-N,CC1(C)CC2=CC=CC=C2C2=C1C(=O)N1C(=N2)SCCC1,0.0974376583205839,0.0461801868539723,0.273243414077205,0.279422931089941
DAGOKHXMUGNERH-NNEARDRISA-N,CCCC(=O)O[C@@H]1C[C@@]2(C)[C@@H](CC[C@]3(C)[C@@H]2CC=C2[C@@H]4[C@@H](C)[C@H](C)CC[C@]4(C(=O)O)CC[C@@]32C)C(C)(C)[C@H]1OC(=O)CCC,0.228864865112458,0.252641314000221,0.283486830171443,0.245834004996416
HZRQQSCPAZVZIA-LFLXKQNJSA-N,CN(C)C(=O)OC[C@H]1OC(N2C=NC3=C(NC4CCOC4)N=CN=C23)[C@H](O)[C@@H]1O,0.0681103128109193,0.0257574491329237,0.421537315003208,0.311661011252198
OYDWKTMGXYUBEX-DLCBQEQYSA-N,CC1(C)CC[C@@]23CC[C@]4(C)[C@](OC2=O)([C@H](F)C[C@@H]2[C@@]5(C)C/C(=C\C6=CC=CC=C6)C(=O)C(C)(C)[C@@H]5CC[C@@]42C)[C@@H]3C1,0.242216826507884,0.12986787517087,0.501395628519412,0.318195664510951
QFKDNJPFVHFPKJ-PZKSMFSISA-N,CC1(C)CC[C@]2(COC(=O)CCCCC(=O)OCC3=CC=CC=C3)CC[C@]3(C)C(=CC[C@@H]4[C@@]5(C)CCC(=O)C(C)(C)[C@@H]5CC[C@@]34C)[C@@H]2C1,0.172248357169564,0.162321536083938,0.423441521257673,0.383870714482168
KOTAQXKIRQIPRZ-SFHVURJKSA-N,CC(C)=CCN1C(N2CCC[C@H](N)C2)=C(C#N)C2=C1C(=O)N(CC1=CN=C3C=CC=CC3=N1)C(=O)N2C,0.105617894920866,0.0721622971528228,0.523866054874396,0.411701721898445
KCFGEAZQXHDKHT-XVVMYKDKSA-N,COC1=CC2=C(OC=C(C3=CC(OC)=C4C(=C3OC)OCO4)C2=O)C=C1OCCCCCC(=O)NCCCCCCNC(=O)CCCC[C@@H]1SC[C@@H]2NC(=O)N[C@H]12,0.167256470246662,0.134726404929698,0.31305309956035,0.365663704057274
CVJRDTQAGPSJHS-DEOSSOPVSA-N,COC1=CC=CC=C1OC[C@@H](O)CN1CCC(=C2C3=CC=C(Cl)C=C3CCC3=CC=CN=C23)CC1,0.292645733561357,0.168486687805519,0.526455585727037,0.373608898002819
VDLUOIBGAMBGGI-SKKKGAJSSA-N,CC(C)C[C@@H](NC(=O)[C@@H](CC1=CC=CC=C1)NC(=O)[C@H](N)CC1=CC=CC=C1)C(=O)N[C@H](CCCCN)C(=O)N1CCC2(CC1)NC(=O)NC2=O,0.234337819173039,0.168063449453848,0.589350167334692,0.408506631278937
QRYQXJHGHVRNDY-ZDUSSCGKSA-N,CCNCC1=CC=CC(CN2N=NC(C3=C(C[C@H](N)C(=O)O)C(O)=NO3)=N2)=C1,0.0767244283395085,0.0277924960568065,0.370896098921072,0.367114927295873
LCDXAYPKYBTGOI-UHFFFAOYSA-N,CC1=NC2=CC=CC=C2C(=O)N1NCC(=O)NN,0.0679878968717293,0.028947691988014,0.338115486618176,0.344681372572492
QQZFPVUEXCTKSA-UHFFFAOYSA-N,CCN(CC)C1=CC=C(NC2=NC(NC3=CC=CC=C3)=C3C=CC=CC3=N2)C=C1,0.317520362420421,0.349692402077269,0.686232106049653,0.567340560272361
XEIMWXWXYYOFBI-BQVMBELUSA-N,CN(C)C(=O)[C@H]1S[C@@H](N2C=NC3=C(NCC4CC4)N=C(Cl)N=C23)[C@H](O)[C@@H]1O,0.0705517003361617,0.0256537768746696,0.444948686240666,0.389929651200746
YMJMPVARIFSETB-UHFFFAOYSA-N,CN1N=C(C2=CC=CC=C2)C(C(=O)NC(C(=O)O)C2=CC=CC=C2)=C1Cl,0.0634974815492879,0.0286613134801787,0.596646596844593,0.452676078368159
HGDJOQHOGBFBLT-UHFFFAOYSA-N,CCCCN(C)S(=O)(=O)C1=CC=C(C(=O)NC2=NN=C(C3=CC=CO3)O2)C=C1,0.0714971751766827,0.0493149810760648,0.403656322856975,0.318378394116831
WHOHJZPNZXNIGJ-HXSBNSSZSA-N,NC1=NC2=C(N=CN2CC(=O)NCCCC[C@H](N)C(=O)NC[C@H]2O[C@H](O[C@@H]3[C@@H](N)C[C@@H](N)[C@H](O)[C@H]3O)[C@H](N)[C@@H](O)[C@@H]2O)C(=O)N1,0.0477934459733095,0.0198478686344747,0.361519405697324,0.365646048520256
GOZSQZBUXXMXNN-UHFFFAOYSA-N,CC(C)N1CCN(C(=O)C2=C(Cl)C=CC=C2Cl)CC1,0.104808644041461,0.0502673581085805,0.30166363726487,0.212685581735018
SBZQPOWZGHEGPU-UHFFFAOYSA-N,COC1=CC=C(C(C2=CC=C3C=CC=NC3=C2O)N2CCOCC2)C=C1,0.101775041658578,0.0629510104619345,0.488620116332768,0.339301022756943
GUAGHTDLIMFQDF-UHFFFAOYSA-N,NC1=CC=C(Cl)C=C1C(=O)C1=CC=CN1,0.0611125265008145,0.0310490502748006,0.289038877191194,0.199182180374474
VOCVRWBLHFNXGP-RCOVLWMOSA-N,COC(=O)[C@H]1C[C@@H](C(=O)O)NC2=CC(Br)=CC(Br)=C12,0.087217127360111,0.032337872595886,0.33262044199361,0.237568374535244
FMHHQKILSQAPJZ-MNCSTQPFSA-N,NC[C@H]1O[C@@H](N2C=C(I)C(=O)NC2=O)[C@@H](O)[C@@H]1O,0.0596273187474065,0.024297980583836,0.218655186213115,0.172389343581637
GWVJHFHTWMTIIN-UHFFFAOYSA-N,COC1=CC=CC(CCNC(=O)CCS(=O)(=O)C2CCCC2)=C1,0.0311903729852191,0.0145662218137844,0.318685961637916,0.31990559650315
XBTXEXFVFNLRSA-VMXMFDLUSA-N,CCNC(=O)N[C@@H](CC1=CC=CC=C1)C(=O)N[C@H](C(=O)N[C@@H](C)C(=O)N[C@@H](CC(C)C)C(N)=O)C(C)C,0.240070593592722,0.175790873631474,0.423481949840316,0.371801014209503
KGXCYNWCPQLEEV-UHFFFAOYSA-N,CNC(=O)C1=C(NC(=O)NC2=CC=CC3=CC=CC=C23)C=C(C(C)(C)C)N1,0.102739296895354,0.071202911355532,0.353675969658476,0.320036726083144
GZTNEJIHMXGLOJ-UHFFFAOYSA-N,COC1=CC=C(C2=NOC(COC3=CC(C)=C(Br)C(C)=C3)=N2)C=C1OC,0.0979468604476844,0.0594824108238843,0.515153677643275,0.331483626633203
WVIUOSJLUCTGFK-JUJPXXQGSA-N,CC(=O)C1=CC=CC(N[C@H]2[C@H](N)[C@@](NC(=O)N(C)C)([C@H](C)O)[C@@](C)(O)[C@@]2(O)COC(=O)C2=C(C)C=CC=C2O)=C1,0.0886489760847529,0.0532926752589162,0.364685736206217,0.355001008135004
QCFQPLRYJXIOOO-UHFFFAOYSA-N,Cl.N=C(N)C1=CC=C(C2CC3=CC=C(F)C=C3B(O)O2)C=C1OCC1=CC=CN=C1,0.198338241078712,0.127901085119311,0.624964373389942,0.345143328307409
NHMFOMAFQOAROG-UHFFFAOYSA-N,O=S(=O)(NC1=CC=CC=C1N1CCCCC1)C1=CC=C(F)C=C1,0.118054749303817,0.059984204370315,0.516378300160994,0.27668798487726
DMBUFRSLDSEFQL-ZJSRAISFSA-N,CC12CCC(C1)C(C)(C)[C@H]2NC(=O)C1=NN2C(=C1)C1=CC=CN=C1C=C2C1=CC=C(Cl)C=C1Cl,0.221347321877315,0.177267628168385,0.576368207525264,0.419679472748346
NOTLGMDYQMIWNO-RZNKELFPSA-N,C[C@@H]1[C@H]2C3=CC[C@@H]4[C@@]5(C)CC[C@H](O)C(C)(C)[C@@H]5CC[C@@]4(C)[C@]3(CC(=O)/C=C\C3=CC=C(O)C=C3)CC[C@@]2(C(=O)O)CC[C@H]1C,0.199325107499637,0.126895661208514,0.320385002364708,0.345076807517907
QKLKJIIMFGNXDZ-UHFFFAOYSA-N,CC1=CC(C(=O)N(CC(=O)O)CC(C)C)=CC=C1F,0.040515360290826,0.0185869304903061,0.456092264726243,0.230860514500243
VXQPRRASCRGURZ-ZHACJKMWSA-N,O=C(/C=C/C1=CC=C(CNC2CC2C2=CC=CC=C2)C=C1)NO,0.051882869162121,0.0199134782546691,0.511396060072953,0.384830715031908
WAEABOZTQFYRIS-LNAIMLTRSA-N,CCCCCCCCCCCCCCC/C=C(/CCCCCCCCCCCCCC)CNCCCNCCCNCCCCNCCCNCCCNC/C(=C\CCCCCCCCCCCCCCC)CCCCCCCCCCCCCC,0.169290214435217,0.162858274602934,0.367596788521578,0.242230780303844
GGPWWEAGMSDXFA-YCPBAFNGSA-N,CO/N=C/C1=C(N)N=CN=C1NC1=CC=C(OCC2=CC=CC(F)=C2)C(Cl)=C1,0.16048851312011,0.0845603549397037,0.711357569477543,0.412794521074684
XTRKMZUNMCCXEL-RYIAXXFLSA-N,CC1(C)CC[C@]2(C(=O)OCC3=CC=CC=C3)CC[C@]3(C)C(=CCC4[C@@]5(C)CC/C(=N\O)C(C)(C)C5CC[C@@]34C)[C@@H]2C1,0.207419767676061,0.124542226696305,0.423441521257673,0.303927531491836
ULABSVFYLBLJPX-WNNLDBTCSA-N,C(=C/C1=CC=CC=C1)\C(=N/NC1=NC(C2=CC=CC=C2)=CS1)C1=CC=CC=C1,0.210880004588208,0.149766945146786,0.596646596844593,0.447719130344576
ZOLHTIXDWSGWAP-UHFFFAOYSA-N,COC1=CC=C(S(=O)(=O)NC2=CC=C(N3C=CC=C3)C=C2)C=C1,0.0715219371792608,0.0373971187339198,0.406881602080975,0.328996698124804
BPBPGISDBXHFEU-UHFFFAOYSA-N,COCCOC1=CC=C(C2=CC=C(C3=CSC(NC(=O)C4CC4)=N3)C=C2)C=N1,0.13226245564604,0.0717256445778341,0.531151775212057,0.360732012825698
SWXSSOGZPFGPRP-ZSOIEALJSA-N,O=C1N/C(=N\C2=NN=C(C3=CC=C(Cl)C=C3)S2)S/C1=C\C1=C(F)C=CC=C1Cl,0.196401262436423,0.130966807402611,0.691545533579122,0.34884912403449
AQASRZOCERRGBL-CYZZXXEPSA-N,COC1=CC2=C(C=C1OC)C(CC1=CC=C(O)C(OC3=CC=C(C[C@H]4C5=CC(OC)=C(OC)C=C5CCN4C)C=C3)=C1)N(C)CC2,0.178952805331663,0.163201706616964,0.355013660800727,0.315995855268889
UDELBTXIKBYEGJ-UHFFFAOYSA-N,CCCCN1C(SCN2N=NC3=CC=CC=C3C2=O)=NC2=CC(S(N)(=O)=O)=CC=C12,0.102642211915434,0.0682110326363077,0.365627598547358,0.393460344218981
BLBCKIXYPSMVJM-UHFFFAOYSA-N,CC1=CC2CC3=NC4=CC(Cl)=CC=C4C(NCCCCCCCNC4=C5C(=NC6=CC(Cl)=CC=C46)CCCC5)=C3C(C1)C2.Cl.Cl.Cl.Cl,0.336405645602357,0.340645960867232,0.468305809190506,0.364150437043533
KXBCOYPJDWNGLS-RMKBEBRYSA-N,C[C@H]1C2=C(C=C(F)C(C3=CC=CC4=C3NC=C4Cl)=C2F)NC(C)(C)[C@@H]1OC(=O)NC1=CC=C(C#N)C=C1,0.256994427832011,0.198333529441514,0.625929496808964,0.366722184568728
QZSUJNOHDKVIQZ-UHFFFAOYSA-N,O=C1OC2=CC=CC=C2C2=NN(CN3CCN(S(=O)(=O)CCCl)CC3)C=C12,0.10081932015323,0.0492267085157722,0.273243414077205,0.298475514843682
SSRPOTWODWIGHO-UHFFFAOYSA-N,CC1CN(C)C(C)(C)CC1(O)C1=CC=CC=C1,0.0501955693095983,0.0261079068291561,0.504625830785587,0.294796327543952
PADDBNBWCSSZHO-NTCAYCPXSA-N,CC1CC2=C(N=C(S)NC2C2=CC=CC=C2F)/C(=C/C2=CC=CC=C2F)C1,0.182820141864542,0.131781895818086,0.524888042937322,0.358619253518561
DFOUHOBFXZOKEC-STGMVKKESA-N,CC1(C)CC[C@]2(C(=O)OCC3=CC=C([N+](=O)[O-])C=C3)CC[C@]3(C)C(=CC[C@@H]4[C@@]5(C)CC[C@H](O)[C@@](C)(CO)[C@@H]5CC[C@@]34C)[C@@H]2C1,0.241351610495532,0.165287875896221,0.286581507472504,0.227247091528717
DIOLHJHGLRZXLF-UHFFFAOYSA-N,O=C(CCCC1=CC=CC=C1)NC1CCCCNC1=O,0.0411790102905034,0.0137078422031552,0.460148210794552,0.328673247356955
SKGVHNMPEWEBOS-TUWYENAFSA-N,CC1=CC2=C(N([C@@H]3CC[C@@]4(C)C(=CC[C@H]5[C@@H]6C[C@@H]7O[C@]8(CC[C@@H](C)CO8)[C@@H](C)[C@@H]7[C@@]6(C)CC[C@H]45)C3)C=N2)C=C1C,0.255680017071951,0.148178854944727,0.392056593694087,0.297229072883499
RXQJLPBOOIUIGP-UHFFFAOYSA-N,COC1=CC=C(NC2=NC=NC3=CC=C(NC(=O)NC4=CC=C(C(C)=O)C=C4)C=C23)C=C1OC,0.212056406815659,0.148627295247349,0.766450685819767,0.480989761819992
DEPLFMURKSPINA-UHFFFAOYSA-N,O=C1C2=C(O)C=CC=C2C(=O)C2=C1C(O)=CC1=C2SC(N2CCCC(O)C2)=N1,0.113213166501466,0.0592437614086307,0.394848631172848,0.352095750124621
ZGYTXQNJBNXQPJ-UHFFFAOYSA-N,CC1=CC=CC(C(=O)NNC(=O)C2=CC=C(Cl)C=C2)=C1O,0.147641625548569,0.0801829567466939,0.32556210553329,0.277391845804093
DCZBYYLLMNVUMF-QWRGUYRKSA-N,O=C(CCC1=CC=NC=C1)N1C[C@H](O)[C@@H](O)C1,0.0286134166443377,0.014350515702385,0.221961362795153,0.219218283950347
ZKVQYSXDKQXNEC-YWBMEHEWSA-N,CCCCCCCC/C=C\CCCCCCCC(=O)O[C@H](COC(=O)CCCCCCCC1CC1CCCCCCCC)CO[C@@H]1O[C@H](CO)[C@@H](O)[C@H](O)[C@H]1O,0.158547728512384,0.135163463472496,0.218655186213115,0.223494244476943
VINVEDIMERRNIY-NBVRZTHBSA-N,CCOC(=O)CC1=NC2=C(OCC3=C(C)C=CC(N(C)C(=O)CNC(=O)/C=C/C4=CC=C(C(=O)NC)C=C4)=C3C)C=CC=C2N1C,0.149486927546159,0.118120699956518,0.496108241660585,0.441912132657937
NQYWPEYUYIJTTM-UHFFFAOYSA-N,CC(=O)C1=CC=C(NC(=O)CSC2=NN3C(=NN=C3C3=CC=CC=N3)C=C2)C=C1,0.106761888787125,0.0629463401706418,0.538673758446066,0.334533579016864
DIWBFIPASCHOPF-IRXDYDNUSA-N,CN1C[C@@H]2C[C@H]1CN2C1=C(F)C(F)=C(C2=CC=NC3=C(C4=C5C(=CC=C4)NN=C5)C(C4=CC=NC=C4)=NN23)C(F)=C1F,0.166905682998511,0.135378549493057,0.686534183373264,0.355573564588969
JTTVRYLZSDQOTN-UHFFFAOYSA-N,NC1=NC2=NN(CCC3=C(Br)C=C(Br)C=C3Br)C=C2C2=NC(C3=CC=CO3)=NN12,0.135675687323213,0.0897099947439485,0.472808611915073,0.36608338240086
ANOLSLMNCAWEPA-UHFFFAOYSA-N,N#CCCN(CC1=CC=CS1)S(=O)(=O)C1=CC=C(C(F)(F)F)C=C1,0.0802196888380722,0.045592190956018,0.472487728237091,0.263166967909355
GSYQNAMOFFWAPF-REPVILDYSA-N,C[N+]1([O-])C2CC(OC(=O)[C@H](CO)C3=CC=CC=C3)CC1C1OC21,0.0547093276780132,0.0216158565434354,0.445516519044696,0.291405683801449
KZAPMFXANJFWBO-GCABQENYSA-N,CC1=CC(C)=C(C2=NOC([C@H](C)O/N=C\[C@@H](C)[C@H](OCC3=CC=CC=C3)C(C)C)=C2)C(C)=C1,0.324252443309993,0.157456397428534,0.487875979270162,0.403524497528621
CZGPKUPKENWLBS-UHFFFAOYSA-N,CC(=O)NC(CC(=O)N(C)CC1=CC=CC(Cl)=C1Cl)C1=CC=CC=C1,0.0524963183594189,0.0217763399233673,0.467207815884709,0.383545160160441
VLFTVEPUBBHNFL-UHFFFAOYSA-N,CC1=NC(NC(=O)C2=NN(C3=CC=C(F)C=C3C)C=C2O)=NN1,0.0867310523894798,0.0692777519722552,0.573911666450481,0.353226851541904
MNPGLCAYZJWXPV-GRSHGNNSSA-N,CC1=CC=C2C(/C=C3\OC4=C(C=CC(O)=C4CN4CCNCC4)C3=O)=CNC2=N1,0.117895382038183,0.0883410730816246,0.376559682346748,0.30517737900799
QCTFXEHRMYZPIL-UHFFFAOYSA-N,O=C(O)C1=CC(C2=CSN=N2)=CC=C1O,0.032290639778395,0.0249508407750956,0.334189409384194,0.343871518247542
MKVABRGOGIJGLS-UHFFFAOYSA-N,NC(=O)C1=CC=C(C(=O)NCCC(O)C(F)(F)F)C=N1,0.0487052084021404,0.0220087753509024,0.484869171701852,0.284661303130422
IKNTWPJYFRAVKC-UHFFFAOYSA-N,CC1=NN(C)C=C1C(=O)N1CCC2(CC1)CC2CNC(=O)N1CC2=CC=NC=C2C1,0.0737521789241977,0.0302236989084197,0.304020194175753,0.343737045682379
HOSIPFDBMORRGG-HNNQXCQYSA-N,COC[C@@H](C)N1C(C2=CN=C(OC)N=C2OC)=NC2=C1C(C1=CC=C(Cl)C=C1)N(C1=CC=CC(Cl)=C1F)C2=O,0.174354852915483,0.137117788680668,0.700104789981845,0.493524016235935
JRTCXMYERZNBFK-UHFFFAOYSA-N,CCOC1=CC=CC=C1C1=NC(CN2CCCCC2C)=CO1,0.0794971137356853,0.0422097438608536,0.492361366505491,0.310585394099191
ASPSMCUZLBACML-UAEWVDQRSA-N,COC(=O)[C@H](CC(C)C)NC(=O)[C@]12CCC(C)(C)C[C@H]1C1=CC[C@@H]3[C@@]4(C)CC5=NC=CN=C5C(C)(C)[C@@H]4CC[C@@]3(C)[C@]1(C)CC2,0.226317574850895,0.143573419085102,0.421537315003208,0.356574117202842
WUMCAEVLFYSGKO-UTKFAANNSA-N,COC1=CC(C2=CC=C(COC3=CC=C4C(=C3F)[C@]3(CCC4)C[C@H]3C(=O)O)C=C2[C@@H]2CCCC2(C)C)=C(F)C=N1,0.231603193810569,0.175745242039635,0.66265882246914,0.317634527992948
CRQOWAZCIOJPQP-UHFFFAOYSA-N,COC1=CC=C(C2=C(NC3=CC=NO3)NC3=C(C4=CC=CC=C4)C(C4=CC=CC=C4)=NN3C2=O)C=C1,0.236352943403349,0.164223421456826,0.68045642916636,0.548548961188494
FOFBSKVVLYSISQ-UHFFFAOYSA-N,NC1=NC(O)=C2N=CN(CC3=CC=CC(CSCP(=O)(O)O)=C3)C2=N1,0.0699222438718676,0.0406180713763437,0.390623065784632,0.292652990768113
NUDHJGFJRMQEFH-XRJRIUJQSA-N,COC1=CC(=O)C2=C(O)C3=C(C(O)=C2C1=O)C(=O)[C@]1(CCC2=C1C(O)=C1C(O)=NC(/C=C/C4=CSC(N)=N4)=CC1=C2Br)C3=O,0.214159937745066,0.124429211171824,0.289100044060163,0.285366744757993
IFCHWWWWIQRULP-UHFFFAOYSA-N,O=C1C=C(NCCN2CCOCC2)C(=O)C2=CN=CC=C12,0.0976353341982552,0.0317273826067302,0.314471187490884,0.265967909200865
JJAGNYYMNCBVTP-UHFFFAOYSA-N,CC1=NC2=CC=CC=C2N1C1CC2CCC(C1)N2CCC1(C2=CC=CC(F)=C2)CCN(C(=O)C2=CC(NS(C)(=O)=O)=C(F)C=C2F)CC1,0.211440311915808,0.21590807364769,0.603325606943754,0.418891763948509
IHEGSNMYCAPYBG-QYVSTXNMSA-N,NC1=NC=NC2=C1N=CN2[C@@H]1O[C@H](COP(=O)(O)OP(=O)(O)OP(=O)(O)C(F)(F)CCCC(F)(F)P(=O)(O)O)[C@@H](O)[C@H]1O,0.0722642150778698,0.0334644372071313,0.502360777854849,0.235665785629647
DXHUAQFMQWIMBW-SVANQLSFSA-N,CC1(C)C2CC[C@@](C)(C2)C1NC(=O)C1=NN(C2=CC=C(Cl)C=C2Cl)C2=C1CC1=CC(C3CC3)=CC=C21,0.197617858941935,0.16686313670042,0.407628259995515,0.411168574604989
AEIAAWBDOUMTLX-HYUGZUBYSA-N,CC1=CC=CC(F)=C1COC(C1=CC=C([C@]2(S(=O)(=O)C3=CC=C(F)C=C3)CCN(C(=O)[C@H]3CC[C@H](C(=O)O)CC3)C2)C=C1)(C(F)(F)F)C(F)(F)F,0.170095036808505,0.12419151023973,0.541549005240189,0.423009912446187
JFTKXFOYGWBLIJ-RMIXPHLWSA-N,CC[C@H](C)[C@H](NC(=O)[C@H](CCCNC(=N)N)NC(=O)[C@@H]1CCCN1C(=O)[C@H](CCCCN)NC(=O)[C@H](CC(C)C)NC(=O)[C@@H](N)CCCCN)C(=O)O,0.18769753741263,0.176179429871944,0.374795978618412,0.259310357854217
YKVBGMCULHULJZ-UHFFFAOYSA-N,CC1=CC=C(NC(=O)CNS(=O)(=O)C2=CC=CC([N+](=O)[O-])=C2)C(C)=C1,0.0635790218457247,0.0354359323383589,0.325745566728073,0.336328576800654
RAJWECONQHKNMP-ZBJSNUHESA-N,CCOS(=O)(=O)/C=C/C1=CC=C(OCCCCNC2=NC(C3=CC=CC=C3)=C(C3=CC=CC=C3)S2)C=C1,0.152520975693673,0.0860030454834199,0.681245636249125,0.609635202946594
YNXCCBOIZIMKBZ-UHFFFAOYSA-N,[N-]=[N+]=NC(C1=CN(C2CC(O)C(CO)O2)C(=O)NC1=O)C(I)I,0.0550390813901321,0.0252823552296337,0.218655186213115,0.172389343581637
KNKPZKXWLYVSQQ-UHFFFAOYSA-N,ClC1=CC=C2C(=C1)C(C1=CC=CC=C1)=NCC1=NN=C(N3CCN(C4=CC=CC=C4)CC3)N21,0.275476318235317,0.138966876496677,0.674304838181185,0.463390217670016
ITYKRPLFDVLVSW-UHFFFAOYSA-N,O=C(CSC1=NC=NC2=C1C=NN2C1=CC=CC=C1)NC1=CC(C2CC2)=NN1C1=CC=CC=C1,0.115937402825568,0.0742615528822965,0.728319137022365,0.511896606257451
NIHJLLRQVKJRSV-BUHFOSPRSA-N,CCCCN(C)/N=N/C1=CC=C(C(=O)O)C=C1,0.0625902938396607,0.0224558256136098,0.317204260195287,0.204573251627614
OCZUPEYJZNWTBK-HWKANZROSA-N,COC1=CC(=O)OC(/C=C/C2=CC=C(OC)C(O)=C2)=C1,0.100053696692951,0.0347079946599823,0.221883118254884,0.201229833568558
JCUPNLAFFONMHM-TWZJLLKVSA-N,O=C1NC2=CC=C(OC(F)(F)F)C=C2[C@@]12N[C@H](CC1=CNC3=CC=CC=C13)[C@@H]([N+](=O)[O-])[C@@H]2C1=CC=C(Cl)C=C1,0.209212494060818,0.169947120756791,0.604186492798793,0.428195673736645
NICDQAITWQJICK-UHFFFAOYSA-N,COC(=O)CNC(=O)CCCC1=CC=C(OCCCNC(C)=O)C(CCCC(C)C)=C1,0.140697009344734,0.100867786384737,0.37874968143602,0.274294345982963
KSUPQBHTFDUVAZ-UHFFFAOYSA-N,COC1=CC=CC=C1NC(=O)CCCCCCC(=O)NC1=CC=CC=C1,0.118435951642793,0.0528131475546917,0.561164007145136,0.408850628526959
UOHXBHAGQKAXOP-WLXNERRASA-N,C[C@@H]1[C@H]2C3=CC[C@@H]4[C@@]5(C)CC[C@H](O)C(C)(C)[C@@H]5CC[C@@]4(C)[C@]3(C)CC[C@@]2(C(=O)OCCCCN2CCCC2)CC[C@H]1C,0.17888849920246,0.17401335751732,0.321055712901616,0.17943173921723
YCZKKAACHGXNQZ-UHFFFAOYSA-N,CC1(C)CNC(=O)C2(CCCO2)CNC(C)(C)CNC(=O)C2(CCCO2)CN1,0.0742278079051942,0.0436959188000576,0.218655186213115,0.198348045646534
WSNOTOOAAHPYDR-UHFFFAOYSA-N,CNC1=C([N+](=O)[O-])C(C2=CC=C(N3CCN(C4=CC=NC5=CC(Cl)=CC=C45)CC3)C=C2)C2=C(C=O)C(C)=CC(Cl)=C2O1,0.294024237852815,0.192028913928781,0.717792367394007,0.371220228764335
DBBPIJZZBFBDRE-XFXZXTDPSA-N,O=C1NC(=O)/C(=C/C2=CC=C(N3CCCC3)C=C2)N1,0.0608351164787475,0.0303120242021768,0.289038877191194,0.244718641003596
WRTKUBDGKZTJTN-HNNXBMFYSA-N,CCN(C(=O)C1=CC(C)=CC=C1N1N=CC=N1)[C@@H](C)CC1=NOC(C2=CC=C(F)C=N2)=N1,0.0932656245469673,0.0463730326477688,0.54383280357511,0.373310118622671
MHLVGIATUHYZSI-JBVVLUOHSA-N,C[C@@H]1[C@H]2C3=CC[C@@H]4[C@@]5(C)CCC(=O)C(C)(C)[C@@H]5CC[C@@]4(C)[C@]3(C)CC[C@@]2(C(=O)OCC2=CN(C3=CC=CC=C3F)N=N2)CC[C@H]1C,0.262023775356218,0.171331317863955,0.521270323959719,0.281538055095114
HDQUHFUKOLUUHO-UHFFFAOYSA-N,COC1=CC=CC=C1CN1CC(C(=O)N2CCC(OC)CC2)CCC1=O,0.063596098617386,0.0301318978737695,0.30990967503144,0.30257145257131
KEZCCMZQRAUQIU-UHFFFAOYSA-N,O=C(NC1=CC=CC=C1)N1CCSCC1,0.0414644912285313,0.0188494616863902,0.485852012210378,0.334744415919611
QDAPSNHOGORDJA-UHFFFAOYSA-N,NC1=CC=C2N=CN(C3=CC=CC=C3)C2=C1,0.10199829294896,0.0614776517915819,0.594770999640063,0.33455512162431
KIWHEMMIQQDQGP-UHFFFAOYSA-N,COC1=CC=C(N2C(=O)C(C(=O)NC3=CC=C(OC4=CC=NC5=CC(OCCCN6CCOCC6)=C(OC)C=C45)C(F)=C3)=CC3=CC=CN=C23)C=C1,0.198416125330214,0.133969395875545,0.823921882041855,0.41630389342179
OQRPSTQHNDIGLH-UHFFFAOYSA-N,O=C(CN1C2=CC=CC=C2C2=NC3=CC=CC=C3N=C12)OCCN1CCCCC1,0.107243909892002,0.0528597416456131,0.588924614818164,0.39842901520756
HXRQZCLRSJMHTR-KRWDZBQOSA-N,COC1=CC=CC2=C1CCC[C@H]2CN(C)CCC1=CC=C2OC=NC2=C1,0.109721028189633,0.0581923889469189,0.502369607486105,0.292127704163719
CPSMBILYGPIPPN-UHFFFAOYSA-N,CC(=O)C1=CC=C(S(=O)(=O)N2CCN(C)CC2)C=C1,0.0556045659742221,0.0401236500744553,0.289038877191194,0.215780148179338
GLEPHKNYEJWVQV-ISIPFDSVSA-N,COC[C@H](NC(=O)[C@H](CC(C)C)NC(=O)[C@H](CC1=CC=CC=C1)N=[N+]=[N-])C(=O)N[C@H](/C=C/S(C)(=O)=O)CC1=CC=C(CN)C=C1,0.165181915249365,0.121300725181902,0.511396060072953,0.386270041636332
CPPVATBLPQLJSW-QRCISCNUSA-N,C[C@H]1C2CC3=CC=C(O)C=C3[C@@]1(C)CCN2CCC(=O)O,0.0703871734039697,0.031826655747968,0.309157812999867,0.254465007885205
FRWGISBSKMFIAA-AWZDDDOZSA-N,CC(C)=CC[C@H]1C[C@]23C[C@H]4C(C)(C)C5=CC=CC=C5C(=O)[C@]45C(=O)[C@](CC=C(C)C)(C2=O)[C@@H](CC=C(C)C)[C@@]1(C)[C@@]35O,0.176165727960246,0.122595589317433,0.329826254313891,0.269772558785426
CFYQTIXHAQJLPJ-UHFFFAOYSA-N,CCC(=O)N(C)CC1OC(OC2C(N)CC(N)C(OC3OC(CN)C(O)C(O)C3N)C2O)C(O)C(N)C1O,0.0425418596563867,0.027358400367177,0.218655186213115,0.172389343581637
MSLKKPWBIVHLOK-UHFFFAOYSA-N,O=C(NCCS(=O)(=O)NCC1CCCO1)C1=CC=CC=C1,0.0315217183649358,0.0144430166707256,0.460148210794552,0.348510793928781
RZKGQTCQFOIRFO-HKJNTEPFSA-N,C[C@H](NC(=O)[C@@H]1CCCN1C(=O)[C@H](CCCN=C(N)N)NC(=O)[C@@H](NC(=O)[C@H](CO)NC(=O)[C@@H](N)CCC(=O)O)[C@@H](C)O)C(=O)O,0.0586052772141001,0.0277281696746176,0.296841871356673,0.228793925929334
ONKLSAJWEIBZRC-UHFFFAOYSA-N,O=C1CCN(CC2=CC=CC=C2)S(=O)(=O)C2=CC=C(C(F)(F)F)C=C12,0.0632388426444178,0.0341335998819944,0.508455233609569,0.357113477071387
BEXGOTNIWIFUOJ-NBBPKZIFSA-N,C[C@H](CO)[C@H]1CC[C@H]2[C@H]3[C@H](CC[C@]12C)[C@@]1(C)CC[C@H](NCCCNCCCCNCCCN)C[C@@H]1C[C@H]3N.Cl.Cl.Cl.Cl.Cl,0.205087764344243,0.232869827073666,0.348378762822297,0.305348183919236
WBZHNJKKIOZEEE-UHFFFAOYSA-N,CC(C)COC1=CC=C(NC(=S)NC2=CC=C(C3=CC=CC=N3)C=C2)C=C1,0.247717619630667,0.221355777889989,0.490015440020305,0.347999890020776
XDIIRLSMFBFEGH-OCKHKDLRSA-N,CC1=CC(C)=CC(CN2C=C(C(=O)/C=C(\O)C(=O)O)C3=C(O)C=CC=C23)=C1,0.162640096066005,0.0880280419188785,0.305932787912494,0.275769905982267
SFAXIIRLEIWVMY-DYFJFAIHSA-N,CCCCCCCC(=O)SCC/C=C(\F)[C@@H]1CC(=O)NCC2=NC(=CS2)C2=N[C@@](C)(CS2)C(=O)N[C@@H](C(C)C)C(=O)O1,0.20394062554567,0.122100786873693,0.42150991798163,0.321782436829039
OCWSYQYXBRPLRZ-UHFFFAOYSA-N,CCN(CC)CCCCCCCCOC1=CC2=C(C(=O)C3=C(CC=C(C)C)C(OC)=C(OCCCCCCCCN(CC)CC)C=C3O2)C(O)=C1CC=C(C)C,0.185642440280465,0.148284373428644,0.297940937155974,0.294161340172465
UJXOQZWFBKYUOT-UHFFFAOYSA-N,CC(C)=CCN1CC2=NC=NC3=C2N(C(O)=N3)CC1C,0.0912918007728415,0.0545769081520158,0.301382823268528,0.267369569442299
UKWNPLVBZWDCIL-UHFFFAOYSA-N,O=C(CSC1=NC2=CC=CC=C2S1)NNC(=S)NC1=CC=C(Cl)C=C1,0.120526754939422,0.123156236519163,0.412404991055069,0.37089978920979
QMZXPLFRIAZTAV-UHFFFAOYSA-N,CCCC1=C(CC2=CC=C(C3=CC=CC=C3C3=NN=NN3)C=C2)C(=O)N(C2CCC3(CC2)OC(C)(C)C(C)(C)O3)C2=NC=NN12,0.274587971789893,0.157023721754859,0.611780165107033,0.415308484002734
WJFJEDDYGFJHOF-UHFFFAOYSA-P,CC[N+](CC)(CC)CCOC1=CC(OCC[N+](CC)(CC)CC)=C(C(=O)NCCCCCC(=O)NNC2=C3C(=NC4=CC=CC=C24)CCCC3)C=C1OCC[N+](CC)(CC)CC,0.198391752186727,0.284321705313648,0.503413548035371,0.399339369521467
QPVDWOREWKDUHK-UHFFFAOYSA-N,CC1=CC(O)=C(Cl)C(OC2=C(Cl)C(C)=CC(O)=C2Cl)=C1,0.11791044636214,0.0968825425341732,0.29632601228792,0.27576765595064
SDAYFUZFTFANBB-ZHLYQRTASA-N,O=C(O)C(F)(F)F.O=C(C1=CSC=N1)N1C[C@H]2CCCC(OCC3=CC=CN=C3)[C@H]2C1,0.0838660708393231,0.0340812606264366,0.467598467380513,0.311295432289902
OORYHLUBJDJERQ-UHFFFAOYSA-N,CC1=CC=C(CNC(=O)CCS(=O)(=O)C2=CC=C3N=C(C)SC3=C2)C=C1,0.0887271999379148,0.0974322439550193,0.325745566728073,0.25778116273543
RLOIJQIGCDMWFP-RBBKRZOGSA-N,CCC1=NC(OC2=CC=CC=N2)=C(CC)N=C1N[C@@H]1C2=CC=CC=C2C[C@@H]1OCCF,0.200899690654954,0.142921815214351,0.677220899177523,0.456851348641701
SRUSSDSOIDVONS-UHFFFAOYSA-N,CC(C)CCCC(C)C1CCC2C3CC=C4CC(OCCCCCC(=O)ON5C(=O)CCC5=O)CCC4(C)C3CCC12C,0.192939821567009,0.136180474140012,0.231969798815702,0.21058042486205
JUFDIKOOORFASQ-WCXSNEHCSA-N,CO[C@H]1/C=C(\C)CC2=C(C(C)=CO2)C(=O)C[C@H](C)C1,0.0927057248139113,0.0421478600268311,0.274539472866632,0.193197154399471
HSGDTPCOQOJOQY-UHFFFAOYSA-N,CCCOC1=CC(O)=C2C(=O)C=C(C3=CC=CC=C3)OC2=C1,0.138701803472178,0.0831741044105894,0.483426996515508,0.36183669072002
FEFHBTJJWVARKQ-GZEIJTRMSA-N,CC1(C)[C@H](O)[C@@H]2O[C@@H]2[C@@]2(C)[C@H]1CC[C@]1(C)[C@@H]2CC=C2[C@@H]3C[C@@](C)(C(=O)OCC4=CC=CC=C4)CC[C@]3(C)CC[C@@]12C,0.22925612730701,0.141170870338944,0.36334536741152,0.357700849750739
SGMLMDAUMINWJT-SNDAAJCPSA-N,CCN(CC)C1=CC=C(/C=N/C2=CC=C(N3C(CC4=CC=CC=C4NC4=C(Cl)C=CC=C4Cl)=NC4=CC=C(Br)C=C4C3=O)C=C2)C(O)=C1,0.240802821555194,0.205097586138516,0.715756695004601,0.438020895857998
JGMMZCSLMHJXDH-UHFFFAOYSA-N,CC(OCC1=CC=CC=C1)C(=O)NC1CCN(CC(N)=O)CC1,0.0346638267711852,0.0146197510923711,0.460148210794552,0.332293024769836
LJSPQDNXFYGYHN-HPGBDJQBSA-N,COC1=NC=C(C2=CC=C(C(=O)O)C=C2Cl)C=C1C1=C(CN2C(=O)O[C@H](C3=CC(C(F)(F)F)=CC(C(F)(F)F)=C3)[C@@H]2C)CC(C)(C)CC1,0.179095873817343,0.124653952107179,0.689677548276814,0.345239189882114
SBXYJYXTZRSKMK-VUTHCHCSSA-N,O=C1/C(=C/C2=CC=CC([N+](=O)[O-])=C2)CNCC12C(C1=CC=CC([N+](=O)[O-])=C1)C(CC1=CNC3=CC=CC=C13)NC21C2=CC=CC=C2C2N=C3C=CC=CC3=NC12,0.185295358125734,0.127454866503132,0.755119364157001,0.585384686469005
ZEYQTYMPHMKOQR-UHFFFAOYSA-N,COC1=CC(C2(C)NC(=O)N(CC(=O)C3=CC=C(F)C=C3F)C2=O)=CC(OC)=C1OC,0.0699573820680918,0.0355001896387471,0.501308697039449,0.293469332375194
VJTOAUNPHPPTJZ-UHFFFAOYSA-N,COC(=O)C(C)(C)C1=CC=CN=C1C#N,0.0439099711812221,0.0258874591290289,0.336212735623212,0.242294797249064
GPFYTSKMQJNKIA-BNOWGMLFSA-N,NC1=NC(=O)N([C@H]2O[C@H](COC(=O)OCC3=CC=CC=C3)[C@@H](O)C2(F)F)C=C1,0.0598308703233453,0.0276294659240583,0.469331602936643,0.307302232685396
WJOMDBRZCZPTIC-UHFFFAOYSA-N,COC1=CC=C2N=C3C=C(Cl)C=CC3=C(NCCCN(CCCNC3=C4C(=NC5=CC(Cl)=CC=C35)C=CC(OC)=C4)C(=O)C(C)NC(=O)OCC3C4=CC=CC=C4C4=CC=CC=C34)C2=C1,0.193573123740883,0.163741992324187,0.655305577550087,0.45863333320918
GJIXUOZRDMDHKV-UHFFFAOYSA-N,C=CCN(C(=O)OCC1=CC=C([N+](=O)[O-])C=C1)C1CCN(CCC(CN2C(CC)=NC3=CC=CC=C23)C2=CC=CC=C2)CC1,0.281797744873001,0.159148220159906,0.617688997795485,0.505926676096512
SYXZFDGFXLDTIC-UHFFFAOYSA-N,O=[N+]([O-])C1=CC=C(C2=C(C(F)(F)F)NN=C2C2=CC=C(O)C(O)=C2O)C=C1,0.1195417804232,0.060301102592982,0.511257305213072,0.332515627721019
IKJAOZHKWRAJBQ-UHFFFAOYSA-N,CC1=C(C(=O)C(=O)NCC2=CC=NC=C2)C2=CC=CC=C2N1,0.0605189036932697,0.034457030895948,0.353675969658476,0.288658434989373
GLTNJJBKYALJAN-ALIFXROVSA-N,C#C[C@]1(OC(C)=O)CC[C@H]2[C@@H]3CC=C4C=C(O[C@H]5CC[C@H]6[C@@H]7CCC8=CC(OC(C)OCC)=CC=C8[C@H]7CC[C@]56C)CC[C@@H]4[C@H]3CC[C@]12C,0.285927073275062,0.192988560174328,0.393442517710624,0.280030044226621
BYEKZQCBOZQONS-XJECJHNESA-N,CCCCC1=NC(Cl)=C(/C=N/N2C(=O)C3=CC=CC4=C(N5CCOCC5)C=CC(=C34)C2=O)N1CC1=CC=C(Cl)C(Cl)=C1,0.246450217561265,0.138453897787162,0.390605935622469,0.340925961760684
SCZCTYREODBPFV-UHFFFAOYSA-N,NC1=NC(NC2=CC=C(S(N)(=O)=O)C=C2)=NN1C(=O)NC1=CC=C(C2=NC(C(=O)O)=CO2)C=C1,0.122209960114263,0.0403933250115345,0.654262785519212,0.409738134427495
ZVLAOOKTOHWZBG-UHFFFAOYSA-N,CCN1N=NC2=C1C(=O)C1=CC=CC=C1C2=O,0.146937108058191,0.0555351862803198,0.371669679575148,0.325336459930497
HZRJARBNGRXUJE-UHFFFAOYSA-N,COC1=CC(CNCCCN2CCN(CC(C3=CC=CC=C3)C3=CC=CC=C3)CC2)=CC(OC)=C1OC,0.247042397050495,0.204921243508466,0.598111798309795,0.451053421669361
BKCDCSOAOQZEDS-UHFFFAOYSA-N,CCNC(=O)C1=CC=C(C(C#N)=C2CC3CCC(C2)N3CC2=COC=C2)C=C1,0.11439784462398,0.054457674234268,0.447778290904449,0.307371228759711
JDOLMSGLFGJISY-QPNALZDCSA-M,CCN1C(=O)/C(=C2\SC3=CC(Cl)=CC=C3N2C)S/C1=C\C1=[N+](CC2=CSC=C2)C=CS1.[Cl-],0.232019017042196,0.172109484802574,0.39299656824566,0.265796233359813
KSHVHIYZTYPPHF-UHFFFAOYSA-N,COC1=CC=C(C(=O)N(C)C)C=C1C1=NC2=C(N1C(C)C)C(C1=CC=C(Cl)C=C1)N(C1=CN=CC(Cl)=C1)C2=O,0.199315322255623,0.0884149541898805,0.427101872118405,0.495996751921664
IOBZROVFXAOQQI-FQEVSTJZSA-N,C[C@](N)(COP(=O)(O)O)C(=O)NC1=CC=C(OCCCCC2CCCCC2)C=C1,0.108663772300537,0.044555242121617,0.482493456786297,0.296345616995877
MUTMGIXCDHKCCS-UHFFFAOYSA-N,CN(C)C1=CC=C(S(=O)(=O)NC2=CC=C(NS(=O)(=O)C3=CC=C(N(C)C)C=C3)C3=CC=CC=C23)C=C1,0.131012365556042,0.106918413253715,0.480028437324585,0.382192432593444
HXNLEXMOLQHXRG-UHFFFAOYSA-N,CCCCNP(=O)(O)OCC1OC(N2C=C(C)C(=O)NC2=O)CC1N=[N+]=[N-],0.0431285567782791,0.0201017771425898,0.336212735623212,0.216272078238947
PQCQHQHRTPEBAI-RMKNXTFCSA-N,CC1=CC=C2C=C(/C=C/C(=O)C3=CC=C(Cl)C=C3)C(Cl)=NC2=C1,0.202521209863478,0.145349671579792,0.400094431284723,0.286939162937464
RSELNDABAZLYST-UHFFFAOYSA-N,CC(C(=O)NO)N(CC1=CC=CC=C1[N+](=O)[O-])S(=O)(=O)C(Cl)(Cl)Cl,0.179725062742202,0.0756693767671256,0.33897767981147,0.310006326245474
JAVDYLNBJZIQBH-UHFFFAOYSA-N,CC(=O)C1=CC=C(S(=O)(=O)N2C(=O)NC(=O)C23CCCC2=CC=CC=C32)C=C1,0.0705773688598542,0.0530280558743868,0.316969280121597,0.264228529165915
GOXVAWWMLVHRFC-WMWXBDBMSA-N,C/C(=C\CCC(C)(C)O)[C@H]1CC[C@]2(C)[C@@H]1[C@H](OC(=O)CBr)C[C@@H]1[C@@]3(C)CC[C@H](OC(=O)CBr)C(C)(C)[C@@H]3CC[C@@]21C,0.278979863882679,0.208892014972012,0.309084888027566,0.238514479301542
NHISQXFZEQCLDC-ARAFEZKFSA-N,COC1=CC=C(CCN2COC3=CC4=C(C(C)=C3C2)O[C@](C)(CC/C=C(\C)CC/C=C(\C)CCC=C(C)C)CC4)C=C1OC,0.248722493356882,0.195352604461938,0.349638755200899,0.361240488449241
XXRYJSPRAPVYEO-YCLBGMMASA-N,C[C@H]1OC(=O)[C@@H]2C[C@@H]3CCCC[C@H]3[C@H](/C=C/C3=CC=C4C=C(OCCN)C=CC4=N3)[C@H]12,0.204791099476539,0.0622752893641673,0.445786767249419,0.275581762625315
DSEJTOQXEDXZMO-UHFFFAOYSA-N,CC1=NN(C2=CC=CC=C2)C(C)C1NC1=NN=C(SC2=NC(NC3=CC=C(Cl)C=C3)=NC(NC3=CC=C(Cl)C=C3)=N2)S1,0.226975956612589,0.182175893285803,0.680215389825475,0.52387095756014
MGPVNDOIZDIHQK-ZSAQMHHGSA-N,CC#C[C@@]1(F)[C@H](O)[C@@H](COP(=O)(O)OP(=O)(O)OP(=O)(O)O)O[C@H]1N1C=CC(=O)NC1=O.CCN(CC)CC.CCN(CC)CC.CCN(CC)CC.CCN(CC)CC,0.221959794424688,0.226130160502653,0.429202225673938,0.172389343581637
CKDYACSCRUTGHR-UHFFFAOYSA-N,CNC1=NC2=C(C3=NC=NC(NCCN4CCOCC4)=C3S2)C2=C1CCC(C)(C)C2,0.144466160606392,0.0999884027860351,0.458252869366272,0.329701224215787
BHSASERQYVVBSX-UHFFFAOYSA-N,CC1=CC=C(CNC(=O)C2=NC(C3=CC=CS3)=NC(O)=C2O)C=C1,0.0735403220953639,0.0422466622851196,0.350973992261915,0.36501087779298
VRFLZQNSRDLHKT-CSCMKSFWSA-N,C=CC[C@H](NC(=O)[C@@H]1C[C@@H](CCCC2=CC=CC3=CC=CC=C23)C2=C(Cl)N=C(NCC3=CC=CC=C3)C(=O)N12)B1OC2CC3CC(C3(C)C)[C@@]2(C)O1,0.279777976941021,0.173426748002357,0.769772532108673,0.568373815617354
MZLIUORCVUDARA-CCIKHBFUSA-N,CC(C)CCC[C@@H](C)[C@H]1CC[C@H]2[C@@H]3CC[C@H]4C[C@@H](OC(=O)CC5=CC=C(OC/C=C/S(=O)(=O)C6=CC=CC=C6)C=C5)CC[C@]4(C)[C@H]3CC[C@]12C,0.237801128605783,0.178859361965974,0.631437260594299,0.356849654020775
GFTCLBJLVSQCRE-UHFFFAOYSA-N,O=C(O)CCNC(=O)C1=CC=CC(C(=O)NCC2CCNCC2)=C1,0.0492823811884448,0.0202483866638058,0.346851344642008,0.2945268394561
LLDQYZZYZMAENH-CAOOACKPSA-N,O=C1N/C(=N\C2=NN=C(C34CC5CC(CC(C5)C3)C4)S2)S/C1=C/C1=CC=C(F)C=C1,0.155154679298768,0.120478162743753,0.548476449196396,0.285733005773483
IPORZYJGANVTDB-KRMOPOIMSA-N,C=C(C)[C@@H]1CC[C@]2(CNCCC3=CC=CC=N3)CC[C@]3(C)[C@H](CC[C@@H]4[C@@]5(C)CC=C(C6=CC=C(C(=O)O)C=C6)C(C)(C)[C@@H]5CC[C@@]34C)[C@@H]12,0.190200257822196,0.181311265837843,0.519195675527929,0.338217716172978
WZZWPEJHQNCXFH-RDCVRMOHSA-N,C[C@@H]1CC[C@H]2[C@@H](C)[C@@H](OCCOC3=CC=CC(C(=O)/C=C/C4=CC=C(O)C=C4)=C3)O[C@@H]3O[C@@]4(C)CC[C@@H]1[C@@]23OO4,0.233362876163408,0.160998159740349,0.346566982730338,0.287734174842206
BLLLQNRCKLBKKE-AFFVHCJZSA-N,C=C(C)[C@@H]1CC[C@]2(CO)CC[C@]3(C)[C@H](CC[C@@H]4[C@@]5(C)CC=C(C6=CC=C([N+](=O)[O-])C=C6)C(C)(C)[C@@H]5CC[C@@]34C)[C@@H]12,0.189747639963637,0.125663524877502,0.419911304165509,0.278132115928593
NQERLTNVLBVGQQ-UHFFFAOYSA-N,CC1CN(C(=O)CCC(=O)NCC2=CC=CS2)C2=CC(Cl)=CC=C2O1,0.0910069934884745,0.0314504745249315,0.302393918376424,0.265505690897218
UFVZWUUTJSMNCN-UHFFFAOYSA-N,O=C(C1=CC=CO1)C1=C2N(N=C1)C1=CC(C3=CC=CO3)=CC=C1[N+]([O-])=N2,0.113851833166434,0.0571062333915887,0.446620467207798,0.323570441171556
NRVYYXZLMNAXIE-UHFFFAOYSA-N,O=C(NC1=CC=C(Cl)C=C1)NC1=CC=C2N=CN=C(NC3=CC=CC(F)=C3)C2=C1,0.281348269484932,0.405185765336622,0.814628118143541,0.514375393440215
WXJXBKBJAKPJRN-UHFFFAOYSA-N,CP(O)(O)=S,0.0376606667129367,0.0225898345634719,0.218655186213115,0.172389343581637
DQENVRDGVQWLAN-UHFFFAOYSA-N,O=C(NC1=CC=C2C=CNC2=C1)C1=CC=C(F)C=C1,0.0523859417553428,0.0307337931241916,0.580713064495758,0.342516368631483
BKQJJWLNWLFDGH-FTJBHMTQSA-N,COCCCC1=CC(CN(C(=O)[C@H]2CNCC[C@@H]2C2=CC=C(OCC3=CC(C4=C(F)C=CC(F)=C4Cl)=NO3)N=C2)C2CC2)=C(Cl)C=N1,0.310588486780327,0.227730505246113,0.7113171408949,0.433726122753796
QWNDLDNVXXLDPQ-LANSFJKUSA-N,CCCCCCCCCCCCCC(=O)OCC(COP(=O)(O)OC[C@H]1O[C@@H](N2C=NC3=C(N)N=C(Cl)N=C23)C[C@@H]1O)OC(=O)CCCCCCCCCCCCC,0.162531280634296,0.148250015024232,0.396849856235561,0.308019185924713
DYXJANZWCBWYFL-UHFFFAOYSA-N,CC1=CC=C(C2=C(C)C(C3=CC=C(F)C=C3)=NC(N)=C2C#N)O1,0.0655634473700611,0.035185538302909,0.580517152783299,0.291618916537633
BUKDBQNENSAVLL-GFCHLDMNSA-N,CCCNC(=O)[C@@H](NC(=O)[C@@H]1CCCN1C(=O)[C@H](CC(=O)O)NC(=O)[C@@H]1CCCCN1C(=O)[C@@H](NC(=O)C[C@H](C)C1CCCCC1)C(C)C)[C@@H](C)O,0.168655730731253,0.0750378374239474,0.320193519708321,0.228793925929334
BAMQIZHSONHTIY-UHFFFAOYSA-N,CC1=CC=C(SC2=CN=CC3=C2C=C(C(=O)NCCCN2CCOCC2)S3)C=C1,0.193093678522898,0.0960619209479963,0.388115629098135,0.327523998976425
LZKCQRVREPOZNT-IOWSJCHKSA-N,N=C1NC[C@H](CCCCN2C[C@@H](CC3=CC=C4C=CC=CC4=C3)N(CCC3=CC=C(Cl)C(Cl)=C3)C2=N)N1CCC1=CC=C(Cl)C(Cl)=C1,0.397213530913581,0.41178192596722,0.629803301913387,0.479541768539689
VFIRMHUPHABFJM-DNBKINIGSA-N,COC1=CC=CC(C2=CC(C(=O)NC3=CC4=CC=C(O[C@@H]5OCC[C@@H](O)[C@H]5O)C(C)=C4OC3=O)=CC=C2OC)=C1,0.113748111918309,0.0662139922175392,0.487299093883216,0.386926838620633
NIUVWGWOQSKTSO-CNYIRLTGSA-N,CC1=C(S(=O)(=O)NC[C@H]2O[C@@H](C)[C@@H](O)[C@@H](O)[C@@H]2O)C=NO1,0.043351138891646,0.0193259466939928,0.255361875749993,0.277859099752876
LKFHXQQCMWXMLN-WEVVVXLNSA-N,CN(C)/C=N/C1=CC(=O)NC(=O)N1C,0.0408555699110718,0.0324317403791173,0.218655186213115,0.172389343581637
GCSQEVYBDLMYMW-BQYQJAHWSA-N,O=C(/C=C/NC1=CC=C(F)C=C1)C1=CC=CS1,0.0932519785572448,0.0561789603374053,0.536524820307514,0.247311642962723
SWUCFAKJTBXICP-UHFFFAOYSA-N,COC1=CC=CC=C1CN1C=C(C(=O)C2=CC=C(C)C=C2)C(=O)C2=CC(C)=CC=C12,0.138137449800154,0.126866246790244,0.498067002532961,0.412482997485707
GSIGCRWWQCCJNZ-UHFFFAOYSA-N,O=C(CN1C=NC2=CC=CC=C2C1=O)C1=CC=C(OC(F)F)C=C1,0.0417836099689862,0.0187206537817547,0.548235013006735,0.34015359471782
MTCKYHLINYKZGE-OBGWFSINSA-N,CN1CCC/C1=N\S(=O)(=O)C1=CC=C(NC(=O)C2=CC=CO2)C=C1,0.0660043572467348,0.0272465711211661,0.325745566728073,0.243064915031784
NSTXKOKMPHJOKN-NEKDWFFYSA-N,COC(=O)C1=C(C2=CC=C(F)C=C2OCC2=CC=CC=C2)C[C@@H]2CC[C@H]1N2C(=O)NCCOC1=CC=C(OC)C=C1,0.143392464902568,0.0852642085205569,0.627465584307921,0.496310293448259
ROCYMEUUTRYGML-UHFFFAOYSA-N,COCC(C)NC(=O)C1=CC(NC(=O)C2=CC=C(F)C=C2Cl)=CC(C2=CC=C(C)C=C2)=C1,0.202213757413408,0.124619091502849,0.661412086508422,0.391911243741436
VLRQYCJRFVYFNI-UHFFFAOYSA-N,CC1=C(C2=CC3=NC=C(C4=CC=CC(NC(=O)NCC(F)(F)F)=C4)N3C=C2)N=NN1C,0.0803019503173336,0.0381443626118388,0.861837512522747,0.493702252758722
MJNIDQNCVPHZNY-UHFFFAOYSA-N,CC(C)C1OC2=CC=CC=C2N(CC(=O)N(CC2=CC=NC=C2)CC2=CC=CO2)C1=O,0.0600931352882682,0.0236274758304747,0.361157524309841,0.311699622964894
BDCIRXKOEFOKIB-UAFMIMERSA-N,O[C@@H]1C[C@H]2CCCN[C@@H]2C[C@H]1N1CCC(C2=CC=CC=C2)CC1,0.118789914111437,0.0602754284984937,0.482182779998932,0.33065166942287
IJGBVUMYQBZIIE-UHFFFAOYSA-N,CN1C(=O)C2=C(C3=CC=CC=C3)N3C(=C2N(C)C1=O)C(C1=CC=CC=C1)OCC3(C)C,0.100145395074091,0.0792291423268453,0.684505664131536,0.50646419833175
