key,input,HepG2_IC50_72h_5uM,HepG2_IC50_72h_10uM
OLGGEMHVMHDMBQ-CKJJVQESSA-N,C[C@H](C1=CC=CC=C1)N1CC2=C(OC(N)=C(C3=NC(C4=CC=C(Cl)C=C4)=NO3)C2C2=CC=CC3=CC=CC=C23)/C(=C/C2=CC=CC3=CC=CC=C23)C1,0.166461871840573,0.710248320884177
JDXKRKYSUPFHSI-UHFFFAOYSA-N,C=C(C1=CC=C(C2=CC=CC=C2)C=C1)C1CCOC2(CCC(NC3=CC=C(C(F)(F)F)C=C3)CC2)OO1,0.0776730776825193,0.782759956590564
ITZCQKLMGVPQPT-ZLYZMSFYSA-N,CC(C)[C@@H]1CC[C@]2(CO)CC[C@]3(C)[C@H](CC[C@@H]4[C@@]5(C)CC6=C(ON=C6)C(C)(C)[C@@H]5CC[C@@]34C)[C@@H]12,0.132830460819467,0.634027938745824
QVHOWIYXXSOEIV-GHXNOFRVSA-N,CC(NC1=NC2=C(/C=C3\NC(=O)NC3=O)C=NN2C(NC2CC2)=N1)C1=CC=CO1,0.18487999553766,0.726755949558746
AJOIPROOJINBPD-UHFFFAOYSA-N,NCCCC(=O)NCCC(=O)NC1=NN=C(S(N)(=O)=O)S1,0.113796969216708,0.545329729058288
GLNKQEUBUVUTNJ-UHFFFAOYSA-N,O=C1CC(C2=CC=CC=C2)CC2=C1C1(CCCCC1)N=C(NC1=NC3=CC=CC=C3O1)N2,0.0822687279273792,0.754790888234318
WXXKIULLBFLFPW-DVWZZLGYSA-N,COC(=O)CC[C@@H](C)[C@H]1CC[C@H]2[C@@H]3C/C(=N/NC(=S)NC4=CC=C(C)C=C4)[C@@H]4C/C(=N/NC(=S)NC5=CC=C(C)C=C5)CC[C@]4(C)[C@H]3CC[C@]12C,0.166025934164383,0.690698192920157
DVPYLGDJYYVKAJ-CWCCKSQSSA-N,CC(=O)O[C@H]1CC[C@@]2(C)[C@@H](CC[C@]3(C)[C@@H]2CC=C2[C@@H]4[C@@H](C)[C@H](C)CC[C@]4(C(=O)N(C)O)CC[C@@]32C)C1(C)C,0.135393966543587,0.630071366522046
SSZMRTAPOVWYHW-LKYMCVAFSA-N,C[C@H]1C[C@@H](N2C=NC3=C(N)N=CC(F)=C23)[C@H](O)[C@@H]1O,0.0382970661265455,0.34170313758866
NTCUGFMIELJXCS-UHFFFAOYSA-N,CCN1CCN(CCCNC2=C3C(=NC4=CC=CC=C24)C=CC=C3)CC1,0.0444145281281937,0.633590085720796
ZLXMEKUSNLBNSL-SVEHJYQDSA-N,CC1(C)CC2=NC(C3CCN(C4=NC=C(O)C=N4)CC3)=C([C@@H](F)C3=CC=C(C(F)(F)F)C=C3)C(C3CCC(F)(F)CC3)=C2[C@@H](O)C1,0.170902591992405,0.699849344632566
BZMUHPHCPVKBAC-FNORWQNLSA-N,O=C(/C=C/C1=CC=CC2=C1N(CC1=CC=C(Cl)C=C1Cl)C(=O)C2)NS(=O)(=O)C1=CC(Cl)=C(Cl)S1,0.0883969866782763,0.598612633200638
BYCWLOQDZYMODR-DWXRJYCRSA-N,C[C@@H]1CCC[C@H](N2CCC(C3=C(C#N)C=CC(Cl)=C3F)=CC2=O)C2=NC=CC(=C2)C2=CC=CC=C2NC1=O,0.133522883810191,0.735559671657865
FUYDACWLMIPEJT-UHFFFAOYSA-N,COC1=CC=CC(C2=NC(CN3C=CN=C3C=O)=CO2)=C1,0.0348455532987963,0.364519412619574
SRNYIEUASJEHNI-UHFFFAOYSA-N,CCCN1C(=O)C2=C(N=C(CCCC3=CC=CC=C3)N2)N(CCCOC)C1=O,0.048090331395914,0.575509960621104
JHYNXXDQQHTCHJ-UHFFFAOYSA-M,CC[P+](C1=CC=CC=C1)(C1=CC=CC=C1)C1=CC=CC=C1.[Br-],0.0351892887678307,0.585342261881477
NQNMTRSTEYEOGI-UHFFFAOYSA-N,CCCCN1N=C(C(=O)C2=CC=CC=C2N)CC1C(=O)OCC,0.0179622257686838,0.439753833208254
XEAKAWDCKUCKBY-AMWOSJAMSA-N,CC(C)C[C@H](NC(=O)OC(C1=CC=CC=C1)C1CCNCC1)C(=O)N[C@@H](CCCNC(=N)N)C(=O)C1=NC2=CC=CC=C2S1,0.194978399115725,0.742349141120362
WFMZEOAASVEOPI-SPSPGWCGSA-N,CC1CCC2C(=O)N3C(CCC(C)[C@@H]3C3=CC=C(Br)C=C3)C(=O)N2C1C1=CC=C(Br)C=C1,0.110408869565041,0.673003762153487
YQGXBSXHFMPWQM-KLCAMILTSA-N,CCC(=O)O[C@H]1CC[C@@]2(C)[C@@H](CC[C@]3(C)[C@@H]2CC=C2[C@@H]4CC(C)(C)CC[C@]4(C(=O)NCCCC(=O)N[C@H](C(=O)O)C(C)C)CC[C@@]32C)C1(C)C,0.140293737246425,0.625346387878665
QDUPLBCEMNFINR-SOFGYWHQSA-N,O=C(O)/C=C/C1=CC=C2C(=C1)CC1(CC3=CC=CC=C3C1)C2,0.0513308179018686,0.592301336265839
XWMBNHQWCOHJQH-UHFFFAOYSA-N,FC1=CC=C(C2=C(C3=CC=NC(NCCN4CCSCC4)=N3)SC(C3CCNCC3)=N2)C=C1,0.303014765536748,0.613403051708401
DEZJLIXJXQEJDP-WEVVVXLNSA-N,O=C(O)CN1C(=O)S/C(=C/C2=CC=CC([N+](=O)[O-])=C2)C1=O,0.037084553201728,0.438179960517078
YJMQHDDLZWBZTR-UHFFFAOYSA-N,O=C1N=C2C=CC=CN2C=C1CC1=CC=CC(OC2=CC=CC=C2)=C1,0.022242555578443,0.559039297718446
LSTDAQHMTQYRJL-UHFFFAOYSA-N,Cl.O=C1CCN(CC2=CC=CC=C2F)CC1C(C1=CC=C(F)C=C1)C1=CC=C(F)C=C1,0.0715202437050756,0.80792233147129
GZBJYWLKANIMIX-CDUMDVBJSA-N,C=C(C)[C@@H]1CC=C(CNC2=NC=NC3=C2N=CN3[C@@H]2O[C@H](CO)[C@@H](O)[C@H]2O)CC1,0.0940808097128423,0.53541583854224
JYGCJRGDFNDTFE-UHFFFAOYSA-N,O=C(NC1=CC=CC=C1)N1C2CCC1CC(O)(C1=CC=CN=C1)C2,0.0160266546455238,0.213865873138843
SHLVDRLISHVGSO-ZSQFBXSQSA-N,O=C(NCC1=CC=CN=C1)NC[C@H]1CCC[C@H](OCC2=CC(C(F)(F)F)=CC(C(F)(F)F)=C2)[C@@H]1C1=CC=CC=C1,0.0550620128936304,0.728226692210296
LJXCMWIXKXYBMH-IUHHBDENSA-N,CCCCCCCC(=O)N(C)[C@@H](CC(C)C)C(=O)N[C@H](C(=O)N(C)[C@H](C(=O)N1C[C@@H](O)C[C@H]1C(=O)N1C(=O)C=C[C@@H]1C)C(C)C)C(C)OC(C)=O,0.1681869319126,0.724107981869638
AHQFRLVRGMRTIK-RPWUZVMVSA-N,COC1=CC=CC([C@@H]2OC3=CC=C(OC)C=C3C[C@H]2OC(=O)NS(=O)(=O)C2=CC=C(C)C=C2)=C1,0.0264425339644922,0.704507517139029
YBUPKAFNJNXZCU-UHFFFAOYSA-N,CC(C)CSC1=CC2=C(C=C1Cl)C=C(C(=O)O)C(C(F)(F)F)O2,0.0378847406893041,0.479916828287299
OWNKDAHEOJCUPR-UHFFFAOYSA-N,O=S(=O)(CCC1=CC=CC=C1)C(F)F,0.0211405727483893,0.246735137594576
LCLUQLYMCAXABJ-UHFFFAOYSA-N,C[N+](C)(C)CC#CC(O)(C1=CC=CC=C1)C1CCCC1,0.0143567062476278,0.256542885598638
FNNKEPUPOGRHEM-DXLWWQPSSA-N,C=C1C(=O)O[C@@H]2C[C@H]3[C@]4(C)CC[C@H]([C@H](C)CC/C=C(\C)COC(=O)C5=CC=C6C=CC=CC6=N5)[C@@]4(C)CC[C@]34C[C@]4(CCC(=O)OC)[C@H]12,0.120331824450156,0.709644490677222
KXIDRPHEXRTZHO-HSZRJFAPSA-N,CC1=CC(C)=CC(C2=CN=C3C=C(Cl)C(C4=CC=NC=C4)=CC3=C2OCC[C@H]2CCCCN2)=C1,0.285030246583775,0.71218576016456
GTIPANYRNCQASG-ARHHNASGSA-N,CN1CCC[C@H]1C1=CC=C[N+](CCCCCCCCCCNCC2CCC3=CC=C(O)C=C3O2)=C1.[Br-],0.14775746634302,0.713176775525662
KGGJAFDCRCYGFM-UHFFFAOYSA-N,ClC1=CC=C(CN2C=C(C3=NN=C(NC4=CC=CC=C4)S3)C3=CC=CC=C23)C=C1,0.0829180179175199,0.764190007074717
PUCSURXLSLKZSZ-UHFFFAOYSA-N,COC1=CC(C2=NN=NN2C)=CC=C1NC1=NC=C2C=CN=C(NCC(C)(C)OC)C2=N1,0.094936453030354,0.590484631784609
OSJWUPILPXIQLP-QBNHWJPLSA-N,C=C(C)[C@@H]1CC[C@]2(/C=N/O)CC[C@]3(C)[C@H](CC[C@@H]4[C@@]5(C)CC[C@H](OC(C)=O)C(C)(C)[C@@H]5CC[C@@]34C)[C@@H]12,0.130603563053303,0.60016080836104
WJFJFADCVKZJIW-NVLPFLBZSA-N,CSCC[C@H](NC(=O)[C@H](CC(C)C)N1CCC(NC(=O)[C@H](CC2=CC=CC=C2)NC(=O)[C@H](CC2=CC=CC=C2)NC(=O)CCCN)C1=O)C(N)=O,0.24308694637879,0.665001999428608
RMYAOQBHEHXKHK-UHFFFAOYSA-N,CCOC1=CC=C(CCNC(=O)C2=NOC(C)=C2)C=C1OCC,0.0275272638064633,0.400092535853912
GGRWGRZUFQJGTG-UHFFFAOYSA-N,COC1=CC=C(NS(=O)(=O)C2=CC(NC(=O)CCNC(C)=O)=CC=C2N2CCCCC2)C=C1,0.0544155538296791,0.418090421724655
CSBVGJLDNPHYSX-HZGSLRQESA-N,CC(=O)O[C@H]1CC[C@@]2(C)[C@@H](CC[C@]3(C)[C@@H]2CC=C2[C@@H]4CC(C)(C)CC[C@]4(C(=O)OCC(=O)NC(C)(C)C)CC[C@@]32C)C1(C)C,0.156870542697111,0.564313467644783
MIXHWWCIYLMJQR-XCBNKYQSSA-N,CC1=CN([C@H]2CC[C@](CO)(N=[N+]=[N-])O2)C(=O)NC1=O,0.0227087460334574,0.325603122032552
GOICRUJVOCVGKW-SBQRARESSA-N,CC(O)C1O[C@@H](N2C=C(F)C3=C(N)N=CN=C23)[C@](C)(F)[C@@H]1O,0.0574369596949104,0.557095836680034
RQASZRFUOZOPKW-UHFFFAOYSA-N,COC1=CC=C(C(NC2=CC=CC=N2)C2=C(NC(=O)C3=CC=CO3)SC(C)=C2C)C=C1OC,0.0833913296988578,0.689006760262825
GHQGPISGCJIZJX-MDZDMXLPSA-N,O=C(/C=C/C1=CC=CC=C1[N+](=O)[O-])NC1=CC=CC=C1Cl,0.0586443332054849,0.514738431117234
UUBMXYXJLNBFCN-UHFFFAOYSA-N,CC1=C(C(=O)C2=CC=CC=C2)C=C(C2=CC=CC=C2)N1CC1=CC=C(Cl)C=C1,0.047013045258075,0.766864081470323
PCRYQUXVYSHFOZ-UHFFFAOYSA-N,CC1=CC2CC3=NC4=CC(Cl)=CC=C4C(NCCCCCCCCCNC(=O)C4=CC(O)=C5C(=C4)C(=O)C4=CC=CC(O)=C4C5=O)=C3C(C1)C2.Cl,0.149337956965781,0.679053979561443
KOGYOPLNKQJQFM-PHDIDXHHSA-N,O=C1NC(=O)N([C@H]2CS[C@H](CO)O2)C=C1F,0.0242789659690543,0.390141657873728
BLILWBDSCDHCKK-UHFFFAOYSA-N,CN1N=C(C(N)=O)C2=C1C1=NC(NC3=CC=C(N4CCOCC4)C=C3)=NC=C1CC2,0.114469838915222,0.409779107417151
MKXUEGBBBNEUQR-LBPJEAKVSA-N,COC(C)(C)CCC[C@@](C)(O)[C@H]1CC[C@]2(C)[C@@H]1[C@H](O)C[C@@H]1[C@@]3(C)CC[C@H](OC(=O)C4=CC=CC(F)=C4)C(C)(C)[C@@H]3CC[C@@]21C,0.121751216408327,0.620886856805025
KYZKXXWFBPOWKR-SFYCDEOASA-N,CC1=C(C(=O)O)N2C(=O)C(NC(=O)[C@H](N)C3=CSC4=CC(Cl)=C(Cl)C=C34)C2SC1,0.0861319522852483,0.536968220031613
JBOBOIPQLZCNDP-LDADJPATSA-N,COC1=CC=C(OCC(=O)N/N=C(\C)C2=CC=CC=N2)C=C1,0.0440897851680197,0.465420560452814
OWCYZMRCKVMNDM-MQRABVPWSA-N,CC1(C)[C@@H]2CC[C@@]1(CS(=O)(=O)N1CCC3(CCC4=CC=CC=C34)CC1)[C@@H](NC(=O)C1=CC=CC=C1)C2,0.0534906868482641,0.629495660924284
KEWWSURXGADRPV-VLXJIEOASA-N,CCCC1=CC(=O)OC2=C3C(=C4C(=C12)OC(C)(C)C=C4)O[C@H](C)[C@@H](C)[C@H]3OC,0.0935252768339284,0.540634201600535
NMKWDSYLFZHOAH-UHFFFAOYSA-N,CCOC(=O)CC1=CS/C(=N/C(=O)COC2=CN=C(C)C=C2O)N1,0.0210739700942162,0.584475172388596
LGTURXDQKJRHSF-UHFFFAOYSA-N,COC1=CC=C2NC3=C4NC5=CC=C(OC)C=C5C4=C4C(=C3C2=C1)C(=O)NC4=O,0.118981755109173,0.590667249150584
QVPSYCLMBAKEHM-UHFFFAOYSA-N,COC1=CC=C(C(=O)C2=CNC(C(=O)NCCCN3CCOCC3)=C2)C=C1,0.024872786932359,0.329613025337927
XFVTZTQCGZVSDX-PMACEKPBSA-N,COC1=CC(CC(=O)N2C[C@@H](F)C[C@H]2COC2=CC=C(C(=O)O)C=C2)=CC=C1NC(=O)NC1=CC=CC=C1Br,0.0859501311354613,0.642515015644941
YXACXWLALINXQS-UHFFFAOYSA-N,O=C1CC(=C2C3=CC=CC=C3C3=CC=CC=C23)C(=O)N1CCN1CCN(C2=CC=CC=C2)CC1,0.061876970807408,0.675635603896515
JSRXTHWZVFGCJR-CXEQAMIMSA-N,CC(=O)C1=C(O)C=C2OC3=C(C4=CSC(N/N=C/C5=CC=C(Br)C=C5)=N4)C(O)=C(C)C(O)=C3[C@@]2(C)C1=O,0.151000513456738,0.544130212873775
CPKUBQFXUVJGTN-VMBBRRATSA-N,CCOC1=CC2=C(C=C1O)CC[C@@H]1[C@@H]2CC[C@]2(C)C(OS(=O)OC3CC[C@@H]4[C@H]5CCC6=CC(O)=C(OCC)C=C6[C@@H]5CC[C@@]34C)CC[C@@H]12,0.111912542153907,0.620690000324177
AQMNBSBCJPFTAD-ZAZKALAHSA-N,O=NN(CCCl)C(=O)N[C@@H]1CC(N2C=C(F)C(=O)NC2=O)O[C@@H]1CO,0.0461736714316979,0.469099166932074
JJXNDADNDFDRKV-UHFFFAOYSA-N,CC1=CC=C(CC2CC3=CC=CC=C3C2N)C(C)=C1,0.0297127242848336,0.52327755956901
XSBINZAIPQEGEY-UHFFFAOYSA-N,COC1C(CO)OC(N2C3=CC=CC=C3C3=C4C(=C5C6=CC=CC=C6NC5=C23)C(=O)NC4=O)C(O)C1OC(=O)CBr,0.116319684486983,0.546181856518741
KDHWXYCRFWFNAS-UHFFFAOYSA-N,CC1=CC=CC=C1CN1CCC(CNC2=NC(C3=CC=C(Cl)C=C3)=C(C3=CC=C(Cl)C=C3)S2)CC1,0.27203829610629,0.76729114326988
AYQUCQJYWKQBRS-GFCCVEGCSA-N,CNC(=O)C1=CC(C(=O)NC2CC2)=CN([C@H](C)C2=CC=CC=C2)C1=O,0.0418207822173962,0.24482506006526
SKKLOUVUUNMCJE-FQSMHNGLSA-N,NC[C@H]1O[C@H](O[C@@H]2[C@@H](N)C[C@@H](N)[C@H](O[C@H]3O[C@H](CO)[C@@H](O)[C@H](N)[C@H]3O)[C@H]2O)[C@H](N)[C@@H](O)[C@@H]1O,0.134686880280203,0.527699647017574
DVBMOXZCNUZYLF-XHWIWGEHSA-N,CCCCCCOC1=CC=C(N(C)S(=O)(=O)[C@H]2C[C@H]3O[C@@H]2C(C2=CC=C(O)C=C2)=C3C2=CC=C(O)C=C2)C=C1,0.0657962585555047,0.605921305821889
MGDCTXYEVAWARZ-UHFFFAOYSA-N,CSC1=NC(Cl)=CC(N2CCOCC2)=N1,0.0217073339509643,0.503283088583402
HBQHNNSALUYHGJ-UHFFFAOYSA-N,COC1=CC(CCC2=CC=CC=C2)=C(C=O)C(OC(C)=O)=C1CC=C(C)C,0.0323260878914396,0.513342891636416
BYZKEETTZOQSEE-UHFFFAOYSA-N,CN(C)CCNC(C(=O)NCC1=CC=CC=C1)C1=CC=C2C=C(C(=O)NC3=CC=CC=C3N)SC2=C1,0.170062064226189,0.727488004607116
COHVPSBMXDXOIU-UHFFFAOYSA-N,COC1=CC=C2C(=C1)C(=O)C(CC1CCN(CC3=CC=CC=C3)CC1)C2,0.0332292968705545,0.65579703664044
IHPIALVXPHPONZ-UKKRHICBSA-N,O=C(O[C@H]1C[C@H](N2C=C(F)C(=O)NC2=O)O[C@@H]1CO)[C@@H]1CCCN1,0.0289326636977501,0.368810273341471
RNGORNTUMVXWOC-DKVRRKBJSA-N,CC(C)CCC[C@@H](C)[C@H]1CC[C@H]2[C@@H]3CCC4[C@H](CC5=CC=CC(F)=C5F)[C@H](O)CC[C@]4(C)[C@H]3CC[C@]12C,0.0960715653329804,0.665484291368311
SWWFWPUXAYGINK-UHFFFAOYSA-N,CC(C)(CF)N1C=C(C(=O)O)C(=O)C2=CC(F)=C(N3CC(N)C3)C=C12,0.0370194718708764,0.269181553294118
GOICRUJVOCVGKW-YDXUSSIQSA-N,C[C@H](O)C1O[C@@H](N2C=C(F)C3=C(N)N=CN=C23)[C@](C)(F)[C@@H]1O,0.0574369596949104,0.557095836680034
DEJWATMJSBFTEL-UHFFFAOYSA-N,COC1=CC(C(O)C2=NC(C3=CC=NC=C3)=CS2)=CC=C1F,0.024381660891581,0.394885098583946
BCPCNDGNQAGYMC-UHFFFAOYSA-N,O=C(CSC1=NN=NN1C1=CC=C2C(=C1)OCCO2)OC1CCCCC1,0.0556689432292526,0.484753408378748
ULLZGUYMGKYAAU-WLNZHLEZSA-N,CCCCCCN1[C@H]2CC[C@@H]1C[C@H](N(C1=CC=CC=C1)C1=CC=C(C(=O)N(CC)CC)C=C1)C2,0.112551230776766,0.747072557016941
HNXKUFOPVCELHL-UHFFFAOYSA-N,COCCN1CCOCC12CCN(C1=CC=C(C#N)C=C1)CC2.O=C(O)C(F)(F)F,0.0337673498899552,0.432072771157436
ITUMRQRXZKDQDH-UHFFFAOYSA-N,O=C1NC(N2CCOCC2)=NC(NCC2CCCCN2)=C1C1=CC=C2C=CC=CC2=N1,0.065478679876549,0.510170457317347
ZLSUNYHFHNHQMW-IUDBTDONSA-N,CC1(C)CC2=NC(C3CCN(C4=NC=C(CCCC(F)(F)F)C=N4)CC3)=C([C@@H](F)C3=CC=C(C(F)(F)F)C=C3)C(C3CCC(F)(F)CC3)=C2[C@@H](O)C1,0.169596887837625,0.696337847963313
XTNJWMYCNKCDJC-JWCGBNDWSA-N,CC1(C)CCN([C@H]2C3CC4CC2C[C@@](O)(C4)C3)C(=O)C2=C1N(C1=CC=C(Cl)C=C1)N=C2,0.0583116765865317,0.632582950467133
OVLOKMBRSPGNJS-OXLCRQLGSA-N,COC1=CC=C(C[C@H]2NC(=O)/C=C/C[C@@H]([C@H](C)[C@@H](O)[C@@H](Cl)C3=CC=C(C)C(C)=C3)OC(=O)[C@H](CC(C)C)OC(=O)C(C)(C)CNC2=O)C=C1Cl,0.182288088722405,0.660579419977384
LWMHETDODOVEBY-UHFFFAOYSA-N,CCCCOC1CCC2=NC3=CC(Cl)=CC=C3C(NCCCCCCCCCNC3=C4C(=NC5=CC(Cl)=CC=C35)CCC(OCCCC)C4)=C2C1,0.190431122957155,0.599695716595223
CNDKXGAIIABMLH-HPBCLWJWSA-N,O=C1NC2=C(C=CC=C2C(F)(F)F)/C1=C1/NC2=CC=C(C(=O)O)C=C2/C1=N\O,0.0735822638219052,0.548207975046795
RUBYHLPRZRMTJO-FLVSMNSFSA-N,CN(C)C/C=C/C(=O)NC1=CC=C(C(=O)N2CCC[C@H](NC3=NC=C(Cl)C(C4=CNC5=CC=CC=C45)=N3)C2)C=C1,0.176112893109474,0.733216044106579
IMEAZPZIQNSCGN-BTJKTKAUSA-N,CC=CCNC(=O)OCCCC1=CNC=N1.O=C(O)/C=C\C(=O)O,0.0588956724545015,0.461110033096836
PQIKGKCABNVHHS-UHFFFAOYSA-N,COC1=CC=C(OC)C(S(=O)(=O)N2C=CC(C)=N2)=C1,0.0262625185296053,0.305108120096775
GCMGAVLFDIRZRH-UHFFFAOYSA-N,CCOC(=O)N1CCN(C(=O)C2=CC=CC=C2NC(C)=O)CC1,0.024217970264571,0.260747151552818
MRCMHQPBXBYCBW-ZCGSHCRLSA-N,CC(=O)O[C@H]1CC[C@@]2(C)[C@@H](CC[C@]3(C)[C@@H]2C[C@@H](OC(C)=O)[C@@H]2[C@@H]([C@]4(C)CC[C@@H](C(C)(C)O)O4)CC[C@@]32C)C1(C)C,0.149039751369278,0.580801735854174
IUVPGVNJUUOQGY-UHFFFAOYSA-N,O=C(NO)C1=NOC(C2=CC=CC(OCC3=CC=CC=C3)=C2)=C1,0.0758498066029342,0.555589085572055
ZEFUFVWPRPISAD-FLUPTLLOSA-N,NC[C@H]1O[C@H](O[C@@H]2[C@@H](N)C[C@@H](NC(CO)CO)[C@H](O[C@H]3O[C@H](CO)[C@@H](O)[C@H](N)[C@H]3O)[C@H]2O)[C@H](N)[C@@H](O)[C@@H]1O,0.128344001431538,0.501083424298535
GRKVDOZMQNBFKP-UHFFFAOYSA-N,NC(=O)C1=C(NC(=O)COC(=O)COC2=CC=CC=C2[N+](=O)[O-])SC=C1,0.0309966055850016,0.487978255928897
LFIYFGISUSRLNS-UHFFFAOYSA-N,COC1=CC=C(NC2=NC=NC3=CC=C(NC(=S)NC4=CC=CC(Cl)=C4)C=C23)C=C1,0.154554205829519,0.75569419716587
FAAZTHVEPPRZQA-AIDMMIJQSA-N,C[C@H](CCC(=O)N[C@H](CC(=O)O)CC1=CNC2=CC=CC=C12)[C@H]1CC[C@H]2[C@@H]3CC[C@@H]4C[C@H](OC(N)=O)CC[C@]4(C)[C@H]3CC[C@]12C,0.120016167438072,0.664982035371268
OUEKNSIKFCXVQG-UHFFFAOYSA-N,CCN1N=CN=C1C(C)NC(=O)C1CCN(C(=O)COC)CC1,0.0317741782736443,0.293309066974734
LZKAWWQLQSNKFF-UHFFFAOYSA-N,CCOC1=CC=C(NC(=O)CN2C(=O)N(CCCCC(=O)NCCC3=CC=C(Cl)C=C3)C(=O)C3=CC=CC=C23)C=C1,0.0487555626407023,0.58367755226008
DYXYGRMAQJYXAX-UHFFFAOYSA-N,OCCCCCCCCCCC(Br)CO,0.0898989466577735,0.476196197603615
LUKIJOMOVGMWEG-VWLOTQADSA-N,O=C1COC2=C([C@@H](O)CNCCN(C(=O)CCNCCC3=CC=C(Cl)C(Cl)=C3)C3CCCCC3)C=CC(O)=C2N1,0.189804092431853,0.610473514453547
DVUWABCQLLNADO-UHFFFAOYSA-N,CN1C=C(C2=CN=C(N)C(C3=NC4=CC=C(Cl)C=C4O3)=C2)C=N1,0.0765679669654168,0.661373004064583
HWYAJWGCCGYCLK-IOSPBWAASA-N,CC1(C)CC[C@]2(C(=O)OCC3=CC=C(Cl)C=C3)CC[C@]3(C)C(=CC[C@@H]4[C@@]5(C)C[C@@H](O)[C@H](O)C(C)(C)[C@@H]5CC[C@@]34C)[C@@H]2C1,0.127776846523866,0.638984838206441
IUTBXSWMWCPQMR-IRSUCFPRSA-N,C[C@@H]1C[C@@]2(O)OC[C@@]3(O)[C@@H](O)CC[C@H]4[C@@]23COC(=O)[C@]14CC(O)C1=COC=C1,0.0366967737882242,0.416654439736631
HUHQVWZHPFGYSN-YTEMWHBBSA-N,O=C(/C=C/C1=NC2=NC=CC=C2N1C1=CC=CC=C1)/C=C/C1=NC2=NC=CC=C2N1C1=CC=CC=C1,0.0971889872961384,0.590620752288992
SYQYTRMQKJCPNR-YSJJMVFISA-N,O=C1NC(=O)N([C@H]2C[C@H](O)[C@@H](COP3(=O)OCC(O)CO3)O2)C=C1F,0.0315936974121745,0.496796288936334
MYTIJGWONQOOLC-HNNXBMFYSA-N,C[C@@H](C1=CC=C(C2=CC=CC=C2)C(F)=C1)C1=NOC(NC(=N)N2CCOCC2)=C1,0.0504439223039663,0.505785371140975
AYTQCCBUFYJHMJ-UHFFFAOYSA-N,CCC12CCCN(CC3=CC=CC=C3)C1C1=C(N(C)C3=CC=CC=C13)CC2,0.104978566990987,0.759265438736308
TVXUPVWQHJPWDM-YWFQBWSMSA-N,COC(=O)[C@@H]1CCCN1C(=O)C1=C(C)NC(=S)NC1C1=CC=C(OCCCCCOC2=CC=C(C3NC(=S)NC(C)=C3C(=O)N3CCC[C@H]3C(=O)OC)C=C2OC)C(OC)=C1,0.119144881193707,0.705202166145571
CTJDGZKXUNHJET-UHFFFAOYSA-N,COC1CCCN(C(=O)C2=CC=C(OC3CCN(CCC4=CC=CC=C4)CC3)C=C2)C1,0.0409031810015838,0.561672535238984
CKCQHERWOBKQQV-FXUXZWPMSA-N,CC1(C)CC[C@]2(C(=O)O)CC[C@]3(C)C(=CC[C@@H]4[C@@]5(C)CC6=NC=CN=C6[C@@](C)(COC(=O)CCC(=O)O)[C@@H]5CC[C@@]34C)[C@@H]2C1,0.163075023348255,0.601988896940437
VHGJUQQIEONLSG-UHFFFAOYSA-N,CN1CCCC(CN2C3=CC=CC=C3SC3=CC=C(C4=CC=CC=C4)C=C23)C1,0.190239973727031,0.863645463017988
RISSEPMNTWBCNG-DBYOASNMSA-N,CN1C(=O)[C@H]2[C@@H](C1=O)[C@@H](C1=CC=C(C(F)(F)F)C=C1)N[C@]21CCCN(CC2=CC=C(Br)C=C2)C1=O,0.0595476309413793,0.60168410708519
ZSZBZWYFAFAPGA-YAGSLNJISA-N,C(=N/NC1=CC=CC=N1)\C1=C2C(=C(/C=N/NC3=CC=CC=N3)C3=CC=CC=C13)C=CC=C2,0.0987184046310545,0.68092465551434
MRINYURMSXQULP-UHFFFAOYSA-N,O=C(NC1=CC(NC2=CC=C3C(=C2)CCC2=CC=C(OCCN4CCOCC4)C=C2C3=O)=CC=C1F)C1=CC=CC=C1,0.133933184133141,0.742744081125338
DVKJUNBIBMQUFI-UHFFFAOYSA-N,CC1=C(C(=O)NN2C=NC3=CC=CC=C23)N=C(C2=CC=CO2)S1,0.0480539167138991,0.565338130779977
BQGFWXFSIJBNLM-UHFFFAOYSA-N,CC1=C(NC2=CC=C(Br)C=C2F)C(C(=O)NOCC2CC2)=CN(C)C1=O,0.028607588273521,0.549988298771113
RKPNNJPSLDDPFP-XDQQEHFWSA-N,CC(=O)O[C@H]1CC[C@@]2(C)[C@@H](CC[C@]3(C)[C@@H]2CC=C2[C@@H]4[C@@H](C)[C@H](C)CC[C@]4(C(=O)N4C=CN=C4)CC[C@@]32C)C1(C)C,0.142691539241515,0.61477785568768
LALOOTNMMWQYOG-UHFFFAOYSA-N,O=C(O)C1=C(C2C(=O)NCCCCCCCCCCCCCC(=O)N2CC2=CC=C(Cl)C=C2Cl)C2=CC=C(Cl)C=C2N1,0.0613569327176478,0.621950941804022
QQHCMSOAGSGJIX-QGQOMJOASA-N,COC1=CC=C(CCN(C(=O)NCC2=CC=CC=C2)[C@@H](CC2=CC=CC=C2)C(=O)N[C@@H](CC(N)=O)[C@@H]2O[C@H]3OC(C)(C)O[C@H]3[C@@H]2OC)C=C1,0.0534384675014382,0.692755960987351
SAPQBYOLPXMHJL-UHFFFAOYSA-N,CN1CCC(=C2C3=CC=CC=C3C3=CC=CC=C23)CC1,0.0675802668750164,0.594889583814707
RFJVNPLNWMVQAZ-ZLDPOVOCSA-N,CCOC(=O)CC(=O)CSC(=S)O[C@H]1CC[C@@]2(C)[C@@H](CC[C@@H]3[C@@H]2CC[C@@]2(C)[C@H]3CC[C@@H]2[C@H](C)CCCC(C)C)C1,0.108587521939972,0.653235519377909
AOQSILHFKQNLII-YSSHQLGOSA-N,NC1=NC(N/N=C/C2=CC=CN2)=NC2=C1N=CN2[C@@H]1O[C@H](CO)[C@@H](O)[C@H]1O,0.0930696951287559,0.535499851565165
JGLOGDIUSBZLOV-UHFFFAOYSA-N,CC(C)(C)C(NC(=O)C(CCCC1=CC=CC=C1)CC(=O)NO)C(=O)NC1=CC=CC=C1,0.0722744737462273,0.583787018698697
BCHJMPOZLHGFCQ-UHFFFAOYSA-N,COC1=CC=C(NC(=O)CN2C(=O)C3=CC=CN=C3SC3=CC=CC=C23)C=C1OC,0.0288166977558202,0.525319491931712
CSSADNGLQFHWFP-UHFFFAOYSA-N,COC1=CC=C(N(C)C(=O)C2CCCN2S(=O)(=O)C2=CC=CC3=NSN=C23)C=C1,0.0269539003954726,0.373638127956619
VFWDGPGEEXHKEO-XZMKWJKUSA-N,COC(=O)[C@]12CCC(C)(C)C[C@H]1C1=CC[C@@H]3[C@@]4(C)C[C@@H]5C(=NN[C@H]5C5=CC=CC=C5)C(C)(C)[C@@H]4CC[C@@]3(C)[C@]1(C)CC2,0.137695300354368,0.648471863500946
PQQIGLGAWBKHRP-NQAVQENRSA-N,COC1=CC=C(C2=CN=C([C@H]3[C@@H](C4=CC=C(Cl)C=C4)C[C@@H]4CC[C@H]3N4C)S2)C=C1,0.127940949970166,0.780914060277283
IWJLSQVXLFJXOP-UHFFFAOYSA-N,O=C(COC(=O)C1=CC=C(O)C=C1)NC1=CC=C2C(=C1)OCO2,0.034530653424514,0.444137552893892
HGKRKEGJRHJYDG-WCENMHOUSA-N,C=C(C)[C@@H]1CC[C@]2(CNCCN3CCC(F)(F)CC3)CC[C@]3(C)[C@H](CC[C@@H]4[C@@]5(C)CC=C(C6=CC=C(C(=O)O)C=C6)C(C)(C)[C@@H]5CC[C@@]34C)[C@@H]12,0.168614833770233,0.633553350976824
DVTUCUHCLTYKEX-UHFFFAOYSA-N,CC(C)C1=NC(C2CCCN2CCC2=CC=NC=C2)=NO1,0.0154394194700285,0.233329943970426
QOLRQWAZPYLZEB-UHFFFAOYSA-N,COCCNC(=O)C(C1=CC=C(F)C=C1)N(CC1=CC=CC=C1)C(=O)CCC(=O)NC1=NC=CS1,0.052865027242418,0.530880841384295
IQWWUNJOXUWQHK-UHFFFAOYSA-N,CC(C)COC1=NC(C(=O)NC2=CC=C(C(=O)O)N=C2OCC(C)C)=CC=C1N,0.0656466835593822,0.488685832499839
IQBXYHKRGWPSAY-CNORLSDQSA-N,C=CC1=C[N+]2=C(C(O)=C1C[C@H]1C3=C(C4=CC=CC=C4N3)CCN1C)C1=C(C3=CC=C(O)C([C@H]4CCCN4C)=C3N1)CC2.[Cl-],0.143027532350236,0.775083259870928
HBQPFEZZFCYPNX-UHFFFAOYSA-N,CC1CC2=C(CCC3=CC=C(C4=CC=CC=C4)C=N3)C=CC3=C2C(=C(CC(C)(C)CC2=NN=NN2)N3CC2=CC=C(Cl)C=C2)S1,0.0943614159767524,0.662707047025339
LROYLZZPNSRGAA-UHFFFAOYSA-N,O=C(O)COC1=CC=C(Cl)C=C1C#CC1=CC=CC(Cl)=C1,0.0956251696751369,0.536211395579829
QIXJAFUXGLJYAI-ZDUSSCGKSA-N,COC1=NNC2=CC(NC(=O)N[C@H]3CCCOC4=CC=CC=C34)=NC=C12,0.0396253645248227,0.536120702116254
GITNDHUJOBXSCE-AATRIKPKSA-N,CC1=CC=C2OC(C3=C4C(N)=NNC(=O)C4=NN3C3=CC=C(NC(=O)/C=C/CN(C)C)C=C3)=C(C)C2=C1,0.120514390143973,0.714841238399572
KOIISDSKMAUNGJ-GSZYCOFVSA-N,CC1(C)CC2=NC(C3CCN(C4=NC=C(N5CC[C@H](O)C5)C=N4)CC3)=C([C@@H](F)C3=CC=C(C(F)(F)F)C=C3)C(C3CCC(F)(F)CC3)=C2[C@@H](O)C1,0.221125840950169,0.708223149249996
KNCGAFJEHZHQTR-YTFSRNRJSA-N,CCC(CC)O[C@@H]1C=C(C(=O)NCC2=CN(CC3=CC=CC=C3F)N=N2)C[C@H](N)[C@H]1NC(C)=O,0.0461206404351225,0.461904736892134
AUZMMBWDROORIR-UHFFFAOYSA-N,CCCCCCN(C(=O)CCCCCN1C(=O)NC(C2CCCCC2)C(C(=O)OCC2=CC=CC=C2)=C1C)C(C(=O)NCCCC)C1=CC=C(OCC(=O)OC)C(C(=O)OC)=C1,0.0991403909285901,0.756514199104332
ZHBXWMQPYRDVIG-MRVPVSSYSA-N,C[C@H](C1=CC=C(Cl)C=C1)N1C(CCN)=NNC1=O,0.0161478413116043,0.226658855156573
GMKNHXQGYSEWKJ-OWZKRDHZSA-N,COC1=CC(C(=O)N[C@H]2C[C@@H]3CCC[C@H](C2)N3CC2=NC3=C(C)C=CC=C3S2)=CC(OC)=C1OC,0.0819020670648676,0.732990159129105
DHXRVACQELJOKP-UHFFFAOYSA-N,O=C(O)C1=CC=C2C(=C1NC1=CC=CC3=C1C(=O)C1=CC=CC=C1C3=O)C(=O)C1=CC=CC=C1C2=O,0.043129175823725,0.639555344781831
YCNCKRICIJRLJN-JWIVBDBNSA-N,CO[C@H]1CC[C@H](NC(=O)NC23CC4CC(CC(C4)C2)C3)CC1,0.172318245023807,0.539363723008427
XILSMSISXMCKEO-UHFFFAOYSA-N,CCCCN(CCCC)CC(O)COC1=C(Br)C=C(C(C)(C)C2=CC(Br)=C(OCC(O)CN(CCCC)CCCC)C(Br)=C2)C=C1Br,0.160167314954367,0.598352134384196
ZRDXHRIXOKLFJE-UHFFFAOYSA-N,CC(C)(C)NCC(=O)N1N=CCC1C#N,0.0404478034261398,0.438252487251091
SCNPNBGMTVLCGU-UHFFFAOYSA-N,CCCOC1=NC2=C(C(=O)N(C)C(=O)N2C)N1CCCCN1CCN(C2=CC=CC=C2OC)CC1,0.122403956599749,0.660958336782844
FRZZZMXPCYANGO-COCIYFACSA-N,COC(=O)[C@@]1(C)CC[C@]2(C)CC[C@]3(C)C(=CC(=O)[C@@H]4[C@@]5(C)C=C(C#N)C(=O)C(C)(C)[C@@H]5CC[C@@]34C)[C@@H]2C1,0.131260229798622,0.659018380179225
FBQCDJRSCUVUFL-FGTMMUONSA-N,CCCCCCCCCCCCCC[C@@H]1OC[C@@H](N)[C@H]1O,0.12481120340993,0.580585956585984
GYGHRDCOOGMQIQ-UHFFFAOYSA-N,CC(C)NC(=O)C1=NC2=C(S1)CCCN2C(C)C,0.0240429229309902,0.382857027071928
LYFVNBVFJKZHQF-UHFFFAOYSA-N,CN(CCOC(=O)CCCCCC(=O)OCCN(C)CCN1N=C2C3=C(C=CC=C13)C(=O)C1C(Cl)=CC=CC21)CCN1N=C2C3=C(C=CC=C13)C(=O)C1=C(Cl)C=CC=C21,0.138053553183935,0.746804444035881
BOWMCSHKWFSTMZ-UHFFFAOYSA-N,C1=CC=C(CN2C(NCC3=CC=CC=N3)=NC3=CC=CC=C23)C=C1,0.0518474248576971,0.751358405760025
RJWDKFVKUFSHHU-BVXKYASOSA-N,CC(C)CCOC1=CC=C2C=CC=CC2=C1C1=C2C(=CC=C1OCC1=CN([C@H](CCCCN)C(=O)N[C@H](CCCNC(=N)N)CN3C=C(CC4CCCCC4)N=N3)N=N1)C=CC=C2,0.202486576891712,0.730156214073117
WMFXCDGQRHJFKL-UHFFFAOYSA-N,FC1=CC=CC2=NC=CC=C12,0.0253728329409344,0.459955851032125
ZVILMVHKESPEGG-UHFFFAOYSA-N,NC1=C(C(=O)C2=C(C3=CC=CC=C3)NC3=CC=CC=C23)C(C2=CC=CC3=CC=CC=C23)=C(C(=O)C2=CC=CC=C2)N1,0.0967528103766141,0.72927549849378
SFXMYMSDJIHTJB-SKNMHBRKSA-N,CN1C(=O)N[C@H]2[C@@H]3NC(=O)C4=CC=C(C(F)F)N4[C@@H]3C[C@@]12O,0.144400386164394,0.468974872614751
DONNNCWYMRHMFB-UHFFFAOYSA-N,O=C(NNC(=S)NC1=CC=C([N+](=O)[O-])C=C1Cl)C1=CC(C23CC4CC(CC(C4)C2)C3)=C2C=CC=CC2=N1,0.136029255653964,0.677097815678921
WPFPRHHIOMBJJG-UHFFFAOYSA-N,CCCSC1=NC(N2CCOCC2)=C2NC(=O)C(=O)N(CC3=CC=CC=C3)C2=N1,0.0354531854012516,0.481570730252366
YLSBFWITBROPHV-UHFFFAOYSA-N,CC1(C)CC2=CC=CC=C2C2=C1C(=O)N1C(=N2)SCCC1,0.0444381235781114,0.402965460939611
DAGOKHXMUGNERH-NNEARDRISA-N,CCCC(=O)O[C@@H]1C[C@@]2(C)[C@@H](CC[C@]3(C)[C@@H]2CC=C2[C@@H]4[C@@H](C)[C@H](C)CC[C@]4(C(=O)O)CC[C@@]32C)C(C)(C)[C@H]1OC(=O)CCC,0.133994701802131,0.630926149484987
HZRQQSCPAZVZIA-LFLXKQNJSA-N,CN(C)C(=O)OC[C@H]1OC(N2C=NC3=C(NC4CCOC4)N=CN=C23)[C@H](O)[C@@H]1O,0.106391935180722,0.435334306229135
OYDWKTMGXYUBEX-DLCBQEQYSA-N,CC1(C)CC[C@@]23CC[C@]4(C)[C@](OC2=O)([C@H](F)C[C@@H]2[C@@]5(C)C/C(=C\C6=CC=CC=C6)C(=O)C(C)(C)[C@@H]5CC[C@@]42C)[C@@H]3C1,0.137298043202625,0.628769634182703
QFKDNJPFVHFPKJ-PZKSMFSISA-N,CC1(C)CC[C@]2(COC(=O)CCCCC(=O)OCC3=CC=CC=C3)CC[C@]3(C)C(=CC[C@@H]4[C@@]5(C)CCC(=O)C(C)(C)[C@@H]5CC[C@@]34C)[C@@H]2C1,0.103256754972996,0.627610944247297
KOTAQXKIRQIPRZ-SFHVURJKSA-N,CC(C)=CCN1C(N2CCC[C@H](N)C2)=C(C#N)C2=C1C(=O)N(CC1=CN=C3C=CC=CC3=N1)C(=O)N2C,0.0810145453422076,0.543192706276086
KCFGEAZQXHDKHT-XVVMYKDKSA-N,COC1=CC2=C(OC=C(C3=CC(OC)=C4C(=C3OC)OCO4)C2=O)C=C1OCCCCCC(=O)NCCCCCCNC(=O)CCCC[C@@H]1SC[C@@H]2NC(=O)N[C@H]12,0.140640948902918,0.749916517152882
CVJRDTQAGPSJHS-DEOSSOPVSA-N,COC1=CC=CC=C1OC[C@@H](O)CN1CCC(=C2C3=CC=C(Cl)C=C3CCC3=CC=CN=C23)CC1,0.0870182965253794,0.7644854980611
VDLUOIBGAMBGGI-SKKKGAJSSA-N,CC(C)C[C@@H](NC(=O)[C@@H](CC1=CC=CC=C1)NC(=O)[C@H](N)CC1=CC=CC=C1)C(=O)N[C@H](CCCCN)C(=O)N1CCC2(CC1)NC(=O)NC2=O,0.218057400315769,0.66267319500788
QRYQXJHGHVRNDY-ZDUSSCGKSA-N,CCNCC1=CC=CC(CN2N=NC(C3=C(C[C@H](N)C(=O)O)C(O)=NO3)=N2)=C1,0.0492095650341926,0.406784353805661
LCDXAYPKYBTGOI-UHFFFAOYSA-N,CC1=NC2=CC=CC=C2C(=O)N1NCC(=O)NN,0.0507703000787775,0.383615585711657
QQZFPVUEXCTKSA-UHFFFAOYSA-N,CCN(CC)C1=CC=C(NC2=NC(NC3=CC=CC=C3)=C3C=CC=CC3=N2)C=C1,0.210999768724693,0.807587682979705
XEIMWXWXYYOFBI-BQVMBELUSA-N,CN(C)C(=O)[C@H]1S[C@@H](N2C=NC3=C(NCC4CC4)N=C(Cl)N=C23)[C@H](O)[C@@H]1O,0.0994710498860815,0.528057211292096
YMJMPVARIFSETB-UHFFFAOYSA-N,CN1N=C(C2=CC=CC=C2)C(C(=O)NC(C(=O)O)C2=CC=CC=C2)=C1Cl,0.0246917148713234,0.382236065766733
HGDJOQHOGBFBLT-UHFFFAOYSA-N,CCCCN(C)S(=O)(=O)C1=CC=C(C(=O)NC2=NN=C(C3=CC=CO3)O2)C=C1,0.0392868903106684,0.439728281487042
WHOHJZPNZXNIGJ-HXSBNSSZSA-N,NC1=NC2=C(N=CN2CC(=O)NCCCC[C@H](N)C(=O)NC[C@H]2O[C@H](O[C@@H]3[C@@H](N)C[C@@H](N)[C@H](O)[C@H]3O)[C@H](N)[C@@H](O)[C@@H]2O)C(=O)N1,0.0935205035380884,0.460226486057155
GOZSQZBUXXMXNN-UHFFFAOYSA-N,CC(C)N1CCN(C(=O)C2=C(Cl)C=CC=C2Cl)CC1,0.023927836139468,0.362190037884048
SBZQPOWZGHEGPU-UHFFFAOYSA-N,COC1=CC=C(C(C2=CC=C3C=CC=NC3=C2O)N2CCOCC2)C=C1,0.0388318301002019,0.47987077400609
GUAGHTDLIMFQDF-UHFFFAOYSA-N,NC1=CC=C(Cl)C=C1C(=O)C1=CC=CN1,0.0300204693092367,0.505576399705575
VOCVRWBLHFNXGP-RCOVLWMOSA-N,COC(=O)[C@H]1C[C@@H](C(=O)O)NC2=CC(Br)=CC(Br)=C12,0.0272811329909274,0.472744511610909
FMHHQKILSQAPJZ-MNCSTQPFSA-N,NC[C@H]1O[C@@H](N2C=C(I)C(=O)NC2=O)[C@@H](O)[C@@H]1O,0.0670321792906469,0.434828064600706
GWVJHFHTWMTIIN-UHFFFAOYSA-N,COC1=CC=CC(CCNC(=O)CCS(=O)(=O)C2CCCC2)=C1,0.0137586819874266,0.0923168091955635
XBTXEXFVFNLRSA-VMXMFDLUSA-N,CCNC(=O)N[C@@H](CC1=CC=CC=C1)C(=O)N[C@H](C(=O)N[C@@H](C)C(=O)N[C@@H](CC(C)C)C(N)=O)C(C)C,0.166608343470478,0.725571482381177
KGXCYNWCPQLEEV-UHFFFAOYSA-N,CNC(=O)C1=C(NC(=O)NC2=CC=CC3=CC=CC=C23)C=C(C(C)(C)C)N1,0.0825647419680236,0.618807602117495
GZTNEJIHMXGLOJ-UHFFFAOYSA-N,COC1=CC=C(C2=NOC(COC3=CC(C)=C(Br)C(C)=C3)=N2)C=C1OC,0.0701973080492879,0.621248940765848
WVIUOSJLUCTGFK-JUJPXXQGSA-N,CC(=O)C1=CC=CC(N[C@H]2[C@H](N)[C@@](NC(=O)N(C)C)([C@H](C)O)[C@@](C)(O)[C@@]2(O)COC(=O)C2=C(C)C=CC=C2O)=C1,0.0343137123584425,0.60788247346229
QCFQPLRYJXIOOO-UHFFFAOYSA-N,Cl.N=C(N)C1=CC=C(C2CC3=CC=C(F)C=C3B(O)O2)C=C1OCC1=CC=CN=C1,0.063213232163143,0.715032049592317
NHMFOMAFQOAROG-UHFFFAOYSA-N,O=S(=O)(NC1=CC=CC=C1N1CCCCC1)C1=CC=C(F)C=C1,0.0782843666687185,0.494606990774062
DMBUFRSLDSEFQL-ZJSRAISFSA-N,CC12CCC(C1)C(C)(C)[C@H]2NC(=O)C1=NN2C(=C1)C1=CC=CN=C1C=C2C1=CC=C(Cl)C=C1Cl,0.0726911048734288,0.616108297514527
NOTLGMDYQMIWNO-RZNKELFPSA-N,C[C@@H]1[C@H]2C3=CC[C@@H]4[C@@]5(C)CC[C@H](O)C(C)(C)[C@@H]5CC[C@@]4(C)[C@]3(CC(=O)/C=C\C3=CC=C(O)C=C3)CC[C@@]2(C(=O)O)CC[C@H]1C,0.141371962132123,0.635368569498371
QKLKJIIMFGNXDZ-UHFFFAOYSA-N,CC1=CC(C(=O)N(CC(=O)O)CC(C)C)=CC=C1F,0.0257484806364038,0.200336004297161
VXQPRRASCRGURZ-ZHACJKMWSA-N,O=C(/C=C/C1=CC=C(CNC2CC2C2=CC=CC=C2)C=C1)NO,0.0243632060627129,0.578786470330503
WAEABOZTQFYRIS-LNAIMLTRSA-N,CCCCCCCCCCCCCCC/C=C(/CCCCCCCCCCCCCC)CNCCCNCCCNCCCCNCCCNCCCNC/C(=C\CCCCCCCCCCCCCCC)CCCCCCCCCCCCCC,0.279389623915163,0.584522225687794
GGPWWEAGMSDXFA-YCPBAFNGSA-N,CO/N=C/C1=C(N)N=CN=C1NC1=CC=C(OCC2=CC=CC(F)=C2)C(Cl)=C1,0.0646253918272879,0.653601642964604
XTRKMZUNMCCXEL-RYIAXXFLSA-N,CC1(C)CC[C@]2(C(=O)OCC3=CC=CC=C3)CC[C@]3(C)C(=CCC4[C@@]5(C)CC/C(=N\O)C(C)(C)C5CC[C@@]34C)[C@@H]2C1,0.123033706293407,0.585535704808065
ULABSVFYLBLJPX-WNNLDBTCSA-N,C(=C/C1=CC=CC=C1)\C(=N/NC1=NC(C2=CC=CC=C2)=CS1)C1=CC=CC=C1,0.0640042073490803,0.74671521784855
ZOLHTIXDWSGWAP-UHFFFAOYSA-N,COC1=CC=C(S(=O)(=O)NC2=CC=C(N3C=CC=C3)C=C2)C=C1,0.075327549320231,0.484931505151935
BPBPGISDBXHFEU-UHFFFAOYSA-N,COCCOC1=CC=C(C2=CC=C(C3=CSC(NC(=O)C4CC4)=N3)C=C2)C=N1,0.0647123074252951,0.618488465093637
SWXSSOGZPFGPRP-ZSOIEALJSA-N,O=C1N/C(=N\C2=NN=C(C3=CC=C(Cl)C=C3)S2)S/C1=C\C1=C(F)C=CC=C1Cl,0.0357779567296691,0.611453267083722
AQASRZOCERRGBL-CYZZXXEPSA-N,COC1=CC2=C(C=C1OC)C(CC1=CC=C(O)C(OC3=CC=C(C[C@H]4C5=CC(OC)=C(OC)C=C5CCN4C)C=C3)=C1)N(C)CC2,0.08411128966851,0.815928181850061
UDELBTXIKBYEGJ-UHFFFAOYSA-N,CCCCN1C(SCN2N=NC3=CC=CC=C3C2=O)=NC2=CC(S(N)(=O)=O)=CC=C12,0.0610350017131374,0.544407588775404
BLBCKIXYPSMVJM-UHFFFAOYSA-N,CC1=CC2CC3=NC4=CC(Cl)=CC=C4C(NCCCCCCCNC4=C5C(=NC6=CC(Cl)=CC=C46)CCCC5)=C3C(C1)C2.Cl.Cl.Cl.Cl,0.211619331212161,0.745032522547007
KXBCOYPJDWNGLS-RMKBEBRYSA-N,C[C@H]1C2=C(C=C(F)C(C3=CC=CC4=C3NC=C4Cl)=C2F)NC(C)(C)[C@@H]1OC(=O)NC1=CC=C(C#N)C=C1,0.0935037092958227,0.775029385567245
QZSUJNOHDKVIQZ-UHFFFAOYSA-N,O=C1OC2=CC=CC=C2C2=NN(CN3CCN(S(=O)(=O)CCCl)CC3)C=C12,0.018672958909789,0.403287426765546
SSRPOTWODWIGHO-UHFFFAOYSA-N,CC1CN(C)C(C)(C)CC1(O)C1=CC=CC=C1,0.0196414246423481,0.240741931755166
PADDBNBWCSSZHO-NTCAYCPXSA-N,CC1CC2=C(N=C(S)NC2C2=CC=CC=C2F)/C(=C/C2=CC=CC=C2F)C1,0.0970494949190031,0.852900381778918
DFOUHOBFXZOKEC-STGMVKKESA-N,CC1(C)CC[C@]2(C(=O)OCC3=CC=C([N+](=O)[O-])C=C3)CC[C@]3(C)C(=CC[C@@H]4[C@@]5(C)CC[C@H](O)[C@@](C)(CO)[C@@H]5CC[C@@]34C)[C@@H]2C1,0.124648091797924,0.637288991430551
DIOLHJHGLRZXLF-UHFFFAOYSA-N,O=C(CCCC1=CC=CC=C1)NC1CCCCNC1=O,0.023082835585788,0.352893462373771
SKGVHNMPEWEBOS-TUWYENAFSA-N,CC1=CC2=C(N([C@@H]3CC[C@@]4(C)C(=CC[C@H]5[C@@H]6C[C@@H]7O[C@]8(CC[C@@H](C)CO8)[C@@H](C)[C@@H]7[C@@]6(C)CC[C@H]45)C3)C=N2)C=C1C,0.134749848894881,0.633199172879115
RXQJLPBOOIUIGP-UHFFFAOYSA-N,COC1=CC=C(NC2=NC=NC3=CC=C(NC(=O)NC4=CC=C(C(C)=O)C=C4)C=C23)C=C1OC,0.1009974581839,0.702098538608186
DEPLFMURKSPINA-UHFFFAOYSA-N,O=C1C2=C(O)C=CC=C2C(=O)C2=C1C(O)=CC1=C2SC(N2CCCC(O)C2)=N1,0.0940160013826103,0.596443612564713
ZGYTXQNJBNXQPJ-UHFFFAOYSA-N,CC1=CC=CC(C(=O)NNC(=O)C2=CC=C(Cl)C=C2)=C1O,0.0828387389140139,0.598901985385288
DCZBYYLLMNVUMF-QWRGUYRKSA-N,O=C(CCC1=CC=NC=C1)N1C[C@H](O)[C@@H](O)C1,0.0230525742121999,0.259490614336919
ZKVQYSXDKQXNEC-YWBMEHEWSA-N,CCCCCCCC/C=C\CCCCCCCC(=O)O[C@H](COC(=O)CCCCCCCC1CC1CCCCCCCC)CO[C@@H]1O[C@H](CO)[C@@H](O)[C@H](O)[C@H]1O,0.150657327360983,0.586137560436778
VINVEDIMERRNIY-NBVRZTHBSA-N,CCOC(=O)CC1=NC2=C(OCC3=C(C)C=CC(N(C)C(=O)CNC(=O)/C=C/C4=CC=C(C(=O)NC)C=C4)=C3C)C=CC=C2N1C,0.0791241971388986,0.771829229878965
NQYWPEYUYIJTTM-UHFFFAOYSA-N,CC(=O)C1=CC=C(NC(=O)CSC2=NN3C(=NN=C3C3=CC=CC=N3)C=C2)C=C1,0.0648557350086463,0.593362208889613
DIWBFIPASCHOPF-IRXDYDNUSA-N,CN1C[C@@H]2C[C@H]1CN2C1=C(F)C(F)=C(C2=CC=NC3=C(C4=C5C(=CC=C4)NN=C5)C(C4=CC=NC=C4)=NN23)C(F)=C1F,0.0862684926569161,0.724363799929652
JTTVRYLZSDQOTN-UHFFFAOYSA-N,NC1=NC2=NN(CCC3=C(Br)C=C(Br)C=C3Br)C=C2C2=NC(C3=CC=CO3)=NN12,0.0782353769889659,0.535151690288799
ANOLSLMNCAWEPA-UHFFFAOYSA-N,N#CCCN(CC1=CC=CS1)S(=O)(=O)C1=CC=C(C(F)(F)F)C=C1,0.0339599015468909,0.43854033137605
GSYQNAMOFFWAPF-REPVILDYSA-N,C[N+]1([O-])C2CC(OC(=O)[C@H](CO)C3=CC=CC=C3)CC1C1OC21,0.0257041003512673,0.295154174618342
KZAPMFXANJFWBO-GCABQENYSA-N,CC1=CC(C)=C(C2=NOC([C@H](C)O/N=C\[C@@H](C)[C@H](OCC3=CC=CC=C3)C(C)C)=C2)C(C)=C1,0.0784612164173286,0.729296375025585
CZGPKUPKENWLBS-UHFFFAOYSA-N,CC(=O)NC(CC(=O)N(C)CC1=CC=CC(Cl)=C1Cl)C1=CC=CC=C1,0.0174524441518973,0.240052230453058
VLFTVEPUBBHNFL-UHFFFAOYSA-N,CC1=NC(NC(=O)C2=NN(C3=CC=C(F)C=C3C)C=C2O)=NN1,0.0388614744973552,0.506030452517438
MNPGLCAYZJWXPV-GRSHGNNSSA-N,CC1=CC=C2C(/C=C3\OC4=C(C=CC(O)=C4CN4CCNCC4)C3=O)=CNC2=N1,0.0588012134864267,0.631749601192962
QCTFXEHRMYZPIL-UHFFFAOYSA-N,O=C(O)C1=CC(C2=CSN=N2)=CC=C1O,0.025515389176249,0.408794105106549
MKVABRGOGIJGLS-UHFFFAOYSA-N,NC(=O)C1=CC=C(C(=O)NCCC(O)C(F)(F)F)C=N1,0.039240214460636,0.378068805979029
IKNTWPJYFRAVKC-UHFFFAOYSA-N,CC1=NN(C)C=C1C(=O)N1CCC2(CC1)CC2CNC(=O)N1CC2=CC=NC=C2C1,0.0255057208327895,0.323170739552293
HOSIPFDBMORRGG-HNNQXCQYSA-N,COC[C@@H](C)N1C(C2=CN=C(OC)N=C2OC)=NC2=C1C(C1=CC=C(Cl)C=C1)N(C1=CC=CC(Cl)=C1F)C2=O,0.0959354472993597,0.675772795059032
JRTCXMYERZNBFK-UHFFFAOYSA-N,CCOC1=CC=CC=C1C1=NC(CN2CCCCC2C)=CO1,0.0914784340377351,0.482771562650529
ASPSMCUZLBACML-UAEWVDQRSA-N,COC(=O)[C@H](CC(C)C)NC(=O)[C@]12CCC(C)(C)C[C@H]1C1=CC[C@@H]3[C@@]4(C)CC5=NC=CN=C5C(C)(C)[C@@H]4CC[C@@]3(C)[C@]1(C)CC2,0.158765280185338,0.577922887505804
WUMCAEVLFYSGKO-UTKFAANNSA-N,COC1=CC(C2=CC=C(COC3=CC=C4C(=C3F)[C@]3(CCC4)C[C@H]3C(=O)O)C=C2[C@@H]2CCCC2(C)C)=C(F)C=N1,0.101411181386578,0.813858860038318
CRQOWAZCIOJPQP-UHFFFAOYSA-N,COC1=CC=C(C2=C(NC3=CC=NO3)NC3=C(C4=CC=CC=C4)C(C4=CC=CC=C4)=NN3C2=O)C=C1,0.0999226342571459,0.810341030129023
FOFBSKVVLYSISQ-UHFFFAOYSA-N,NC1=NC(O)=C2N=CN(CC3=CC=CC(CSCP(=O)(O)O)=C3)C2=N1,0.0579302256362693,0.475425628938386
NUDHJGFJRMQEFH-XRJRIUJQSA-N,COC1=CC(=O)C2=C(O)C3=C(C(O)=C2C1=O)C(=O)[C@]1(CCC2=C1C(O)=C1C(O)=NC(/C=C/C4=CSC(N)=N4)=CC1=C2Br)C3=O,0.205127562403806,0.561202133329259
IFCHWWWWIQRULP-UHFFFAOYSA-N,O=C1C=C(NCCN2CCOCC2)C(=O)C2=CN=CC=C12,0.0533128930990225,0.335790617117784
JJAGNYYMNCBVTP-UHFFFAOYSA-N,CC1=NC2=CC=CC=C2N1C1CC2CCC(C1)N2CCC1(C2=CC=CC(F)=C2)CCN(C(=O)C2=CC(NS(C)(=O)=O)=C(F)C=C2F)CC1,0.14767479467005,0.757296840510792
IHEGSNMYCAPYBG-QYVSTXNMSA-N,NC1=NC=NC2=C1N=CN2[C@@H]1O[C@H](COP(=O)(O)OP(=O)(O)OP(=O)(O)C(F)(F)CCCC(F)(F)P(=O)(O)O)[C@@H](O)[C@H]1O,0.0663739734761444,0.592227443690602
DXHUAQFMQWIMBW-SVANQLSFSA-N,CC1(C)C2CC[C@@](C)(C2)C1NC(=O)C1=NN(C2=CC=C(Cl)C=C2Cl)C2=C1CC1=CC(C3CC3)=CC=C21,0.10660270413863,0.617668070136866
AEIAAWBDOUMTLX-HYUGZUBYSA-N,CC1=CC=CC(F)=C1COC(C1=CC=C([C@]2(S(=O)(=O)C3=CC=C(F)C=C3)CCN(C(=O)[C@H]3CC[C@H](C(=O)O)CC3)C2)C=C1)(C(F)(F)F)C(F)(F)F,0.140153544927024,0.54268023464634
JFTKXFOYGWBLIJ-RMIXPHLWSA-N,CC[C@H](C)[C@H](NC(=O)[C@H](CCCNC(=N)N)NC(=O)[C@@H]1CCCN1C(=O)[C@H](CCCCN)NC(=O)[C@H](CC(C)C)NC(=O)[C@@H](N)CCCCN)C(=O)O,0.250220298144715,0.644723705657508
YKVBGMCULHULJZ-UHFFFAOYSA-N,CC1=CC=C(NC(=O)CNS(=O)(=O)C2=CC=CC([N+](=O)[O-])=C2)C(C)=C1,0.0329773093415846,0.385838775548251
RAJWECONQHKNMP-ZBJSNUHESA-N,CCOS(=O)(=O)/C=C/C1=CC=C(OCCCCNC2=NC(C3=CC=CC=C3)=C(C3=CC=CC=C3)S2)C=C1,0.0504848401838193,0.679064113872315
YNXCCBOIZIMKBZ-UHFFFAOYSA-N,[N-]=[N+]=NC(C1=CN(C2CC(O)C(CO)O2)C(=O)NC1=O)C(I)I,0.0298586540780876,0.374711546922783
KNKPZKXWLYVSQQ-UHFFFAOYSA-N,ClC1=CC=C2C(=C1)C(C1=CC=CC=C1)=NCC1=NN=C(N3CCN(C4=CC=CC=C4)CC3)N21,0.0900966545233051,0.80378289879768
ITYKRPLFDVLVSW-UHFFFAOYSA-N,O=C(CSC1=NC=NC2=C1C=NN2C1=CC=CC=C1)NC1=CC(C2CC2)=NN1C1=CC=CC=C1,0.0852290761201299,0.701358174245559
NIHJLLRQVKJRSV-BUHFOSPRSA-N,CCCCN(C)/N=N/C1=CC=C(C(=O)O)C=C1,0.0383573614060783,0.349044846011462
OCZUPEYJZNWTBK-HWKANZROSA-N,COC1=CC(=O)OC(/C=C/C2=CC=C(OC)C(O)=C2)=C1,0.0467718516031728,0.53060413511964
JCUPNLAFFONMHM-TWZJLLKVSA-N,O=C1NC2=CC=C(OC(F)(F)F)C=C2[C@@]12N[C@H](CC1=CNC3=CC=CC=C13)[C@@H]([N+](=O)[O-])[C@@H]2C1=CC=C(Cl)C=C1,0.109854679094113,0.754493844445746
NICDQAITWQJICK-UHFFFAOYSA-N,COC(=O)CNC(=O)CCCC1=CC=C(OCCCNC(C)=O)C(CCCC(C)C)=C1,0.0566523673814677,0.527864966733101
KSUPQBHTFDUVAZ-UHFFFAOYSA-N,COC1=CC=CC=C1NC(=O)CCCCCCC(=O)NC1=CC=CC=C1,0.0424554382618583,0.509574516732228
UOHXBHAGQKAXOP-WLXNERRASA-N,C[C@@H]1[C@H]2C3=CC[C@@H]4[C@@]5(C)CC[C@H](O)C(C)(C)[C@@H]5CC[C@@]4(C)[C@]3(C)CC[C@@]2(C(=O)OCCCCN2CCCC2)CC[C@H]1C,0.115627205800419,0.616717452898698
YCZKKAACHGXNQZ-UHFFFAOYSA-N,CC1(C)CNC(=O)C2(CCCO2)CNC(C)(C)CNC(=O)C2(CCCO2)CN1,0.0442616253923673,0.509990410424112
WSNOTOOAAHPYDR-UHFFFAOYSA-N,CNC1=C([N+](=O)[O-])C(C2=CC=C(N3CCN(C4=CC=NC5=CC(Cl)=CC=C45)CC3)C=C2)C2=C(C=O)C(C)=CC(Cl)=C2O1,0.142077576652747,0.696498849537587
DBBPIJZZBFBDRE-XFXZXTDPSA-N,O=C1NC(=O)/C(=C/C2=CC=C(N3CCCC3)C=C2)N1,0.0722184144808213,0.424950134370066
WRTKUBDGKZTJTN-HNNXBMFYSA-N,CCN(C(=O)C1=CC(C)=CC=C1N1N=CC=N1)[C@@H](C)CC1=NOC(C2=CC=C(F)C=N2)=N1,0.0241280565381121,0.575009958332228
MHLVGIATUHYZSI-JBVVLUOHSA-N,C[C@@H]1[C@H]2C3=CC[C@@H]4[C@@]5(C)CCC(=O)C(C)(C)[C@@H]5CC[C@@]4(C)[C@]3(C)CC[C@@]2(C(=O)OCC2=CN(C3=CC=CC=C3F)N=N2)CC[C@H]1C,0.130915533955453,0.613972597716752
HDQUHFUKOLUUHO-UHFFFAOYSA-N,COC1=CC=CC=C1CN1CC(C(=O)N2CCC(OC)CC2)CCC1=O,0.0223880768809205,0.237893166958549
KEZCCMZQRAUQIU-UHFFFAOYSA-N,O=C(NC1=CC=CC=C1)N1CCSCC1,0.0218600959599146,0.293447811396539
QDAPSNHOGORDJA-UHFFFAOYSA-N,NC1=CC=C2N=CN(C3=CC=CC=C3)C2=C1,0.0951114341597753,0.644634426859017
KIWHEMMIQQDQGP-UHFFFAOYSA-N,COC1=CC=C(N2C(=O)C(C(=O)NC3=CC=C(OC4=CC=NC5=CC(OCCCN6CCOCC6)=C(OC)C=C45)C(F)=C3)=CC3=CC=CN=C23)C=C1,0.176368805698349,0.806197595359965
OQRPSTQHNDIGLH-UHFFFAOYSA-N,O=C(CN1C2=CC=CC=C2C2=NC3=CC=CC=C3N=C12)OCCN1CCCCC1,0.0365676677828777,0.60766148795771
HXRQZCLRSJMHTR-KRWDZBQOSA-N,COC1=CC=CC2=C1CCC[C@H]2CN(C)CCC1=CC=C2OC=NC2=C1,0.0407355911682773,0.635809826912195
CPSMBILYGPIPPN-UHFFFAOYSA-N,CC(=O)C1=CC=C(S(=O)(=O)N2CCN(C)CC2)C=C1,0.019792762665477,0.281048116597463
GLEPHKNYEJWVQV-ISIPFDSVSA-N,COC[C@H](NC(=O)[C@H](CC(C)C)NC(=O)[C@H](CC1=CC=CC=C1)N=[N+]=[N-])C(=O)N[C@H](/C=C/S(C)(=O)=O)CC1=CC=C(CN)C=C1,0.0983894049051416,0.574519086156027
CPPVATBLPQLJSW-QRCISCNUSA-N,C[C@H]1C2CC3=CC=C(O)C=C3[C@@]1(C)CCN2CCC(=O)O,0.0374826323770593,0.368006456780416
FRWGISBSKMFIAA-AWZDDDOZSA-N,CC(C)=CC[C@H]1C[C@]23C[C@H]4C(C)(C)C5=CC=CC=C5C(=O)[C@]45C(=O)[C@](CC=C(C)C)(C2=O)[C@@H](CC=C(C)C)[C@@]1(C)[C@@]35O,0.14011261763055,0.690196232672962
CFYQTIXHAQJLPJ-UHFFFAOYSA-N,CCC(=O)N(C)CC1OC(OC2C(N)CC(N)C(OC3OC(CN)C(O)C(O)C3N)C2O)C(O)C(N)C1O,0.127627396154527,0.464868808087732
MSLKKPWBIVHLOK-UHFFFAOYSA-N,O=C(NCCS(=O)(=O)NCC1CCCO1)C1=CC=CC=C1,0.0215788606069805,0.12700313285135
RZKGQTCQFOIRFO-HKJNTEPFSA-N,C[C@H](NC(=O)[C@@H]1CCCN1C(=O)[C@H](CCCN=C(N)N)NC(=O)[C@@H](NC(=O)[C@H](CO)NC(=O)[C@@H](N)CCC(=O)O)[C@@H](C)O)C(=O)O,0.0623944468423484,0.439049149935183
ONKLSAJWEIBZRC-UHFFFAOYSA-N,O=C1CCN(CC2=CC=CC=C2)S(=O)(=O)C2=CC=C(C(F)(F)F)C=C12,0.0195305525245828,0.378895429500446
BEXGOTNIWIFUOJ-NBBPKZIFSA-N,C[C@H](CO)[C@H]1CC[C@H]2[C@H]3[C@H](CC[C@]12C)[C@@]1(C)CC[C@H](NCCCNCCCCNCCCN)C[C@@H]1C[C@H]3N.Cl.Cl.Cl.Cl.Cl,0.262071035418809,0.729077650328267
WBZHNJKKIOZEEE-UHFFFAOYSA-N,CC(C)COC1=CC=C(NC(=S)NC2=CC=C(C3=CC=CC=N3)C=C2)C=C1,0.109411346571701,0.710576574782074
XDIIRLSMFBFEGH-OCKHKDLRSA-N,CC1=CC(C)=CC(CN2C=C(C(=O)/C=C(\O)C(=O)O)C3=C(O)C=CC=C23)=C1,0.121921782438351,0.653803565168675
SFAXIIRLEIWVMY-DYFJFAIHSA-N,CCCCCCCC(=O)SCC/C=C(\F)[C@@H]1CC(=O)NCC2=NC(=CS2)C2=N[C@@](C)(CS2)C(=O)N[C@@H](C(C)C)C(=O)O1,0.13504634540101,0.708815582323746
OCWSYQYXBRPLRZ-UHFFFAOYSA-N,CCN(CC)CCCCCCCCOC1=CC2=C(C(=O)C3=C(CC=C(C)C)C(OC)=C(OCCCCCCCCN(CC)CC)C=C3O2)C(O)=C1CC=C(C)C,0.194471743712963,0.594738715757629
UJXOQZWFBKYUOT-UHFFFAOYSA-N,CC(C)=CCN1CC2=NC=NC3=C2N(C(O)=N3)CC1C,0.0428014077070854,0.617954963672178
UKWNPLVBZWDCIL-UHFFFAOYSA-N,O=C(CSC1=NC2=CC=CC=C2S1)NNC(=S)NC1=CC=C(Cl)C=C1,0.0894129398672663,0.603503681075826
QMZXPLFRIAZTAV-UHFFFAOYSA-N,CCCC1=C(CC2=CC=C(C3=CC=CC=C3C3=NN=NN3)C=C2)C(=O)N(C2CCC3(CC2)OC(C)(C)C(C)(C)O3)C2=NC=NN12,0.101458649714365,0.675868586203139
WJFJEDDYGFJHOF-UHFFFAOYSA-P,CC[N+](CC)(CC)CCOC1=CC(OCC[N+](CC)(CC)CC)=C(C(=O)NCCCCCC(=O)NNC2=C3C(=NC4=CC=CC=C24)CCCC3)C=C1OCC[N+](CC)(CC)CC,0.21153413889963,0.633625099165958
QPVDWOREWKDUHK-UHFFFAOYSA-N,CC1=CC(O)=C(Cl)C(OC2=C(Cl)C(C)=CC(O)=C2Cl)=C1,0.0623390530140756,0.661090816095939
SDAYFUZFTFANBB-ZHLYQRTASA-N,O=C(O)C(F)(F)F.O=C(C1=CSC=N1)N1C[C@H]2CCCC(OCC3=CC=CN=C3)[C@H]2C1,0.0604875019074589,0.339858591092247
OORYHLUBJDJERQ-UHFFFAOYSA-N,CC1=CC=C(CNC(=O)CCS(=O)(=O)C2=CC=C3N=C(C)SC3=C2)C=C1,0.0719327933172067,0.486219374080666
RLOIJQIGCDMWFP-RBBKRZOGSA-N,CCC1=NC(OC2=CC=CC=N2)=C(CC)N=C1N[C@@H]1C2=CC=CC=C2C[C@@H]1OCCF,0.124507390509208,0.798761430625147
SRUSSDSOIDVONS-UHFFFAOYSA-N,CC(C)CCCC(C)C1CCC2C3CC=C4CC(OCCCCCC(=O)ON5C(=O)CCC5=O)CCC4(C)C3CCC12C,0.0769273263584334,0.649326314284007
JUFDIKOOORFASQ-WCXSNEHCSA-N,CO[C@H]1/C=C(\C)CC2=C(C(C)=CO2)C(=O)C[C@H](C)C1,0.0390411727846214,0.499559213004406
HSGDTPCOQOJOQY-UHFFFAOYSA-N,CCCOC1=CC(O)=C2C(=O)C=C(C3=CC=CC=C3)OC2=C1,0.072002026587994,0.715946490052472
FEFHBTJJWVARKQ-GZEIJTRMSA-N,CC1(C)[C@H](O)[C@@H]2O[C@@H]2[C@@]2(C)[C@H]1CC[C@]1(C)[C@@H]2CC=C2[C@@H]3C[C@@](C)(C(=O)OCC4=CC=CC=C4)CC[C@]3(C)CC[C@@]12C,0.128055875506877,0.653005368268175
SGMLMDAUMINWJT-SNDAAJCPSA-N,CCN(CC)C1=CC=C(/C=N/C2=CC=C(N3C(CC4=CC=CC=C4NC4=C(Cl)C=CC=C4Cl)=NC4=CC=C(Br)C=C4C3=O)C=C2)C(O)=C1,0.174982945147462,0.6300229581549
JGMMZCSLMHJXDH-UHFFFAOYSA-N,CC(OCC1=CC=CC=C1)C(=O)NC1CCN(CC(N)=O)CC1,0.0207756067022765,0.147732916388681
LJSPQDNXFYGYHN-HPGBDJQBSA-N,COC1=NC=C(C2=CC=C(C(=O)O)C=C2Cl)C=C1C1=C(CN2C(=O)O[C@H](C3=CC(C(F)(F)F)=CC(C(F)(F)F)=C3)[C@@H]2C)CC(C)(C)CC1,0.128758413868969,0.710154145255098
SBXYJYXTZRSKMK-VUTHCHCSSA-N,O=C1/C(=C/C2=CC=CC([N+](=O)[O-])=C2)CNCC12C(C1=CC=CC([N+](=O)[O-])=C1)C(CC1=CNC3=CC=CC=C13)NC21C2=CC=CC=C2C2N=C3C=CC=CC3=NC12,0.213381148125844,0.650185516245418
ZEYQTYMPHMKOQR-UHFFFAOYSA-N,COC1=CC(C2(C)NC(=O)N(CC(=O)C3=CC=C(F)C=C3F)C2=O)=CC(OC)=C1OC,0.0258289573374984,0.575959935155784
VJTOAUNPHPPTJZ-UHFFFAOYSA-N,COC(=O)C(C)(C)C1=CC=CN=C1C#N,0.0162114203724914,0.217924123940835
GPFYTSKMQJNKIA-BNOWGMLFSA-N,NC1=NC(=O)N([C@H]2O[C@H](COC(=O)OCC3=CC=CC=C3)[C@@H](O)C2(F)F)C=C1,0.0245252157648506,0.469456401415622
WJOMDBRZCZPTIC-UHFFFAOYSA-N,COC1=CC=C2N=C3C=C(Cl)C=CC3=C(NCCCN(CCCNC3=C4C(=NC5=CC(Cl)=CC=C35)C=CC(OC)=C4)C(=O)C(C)NC(=O)OCC3C4=CC=CC=C4C4=CC=CC=C34)C2=C1,0.15847615062051,0.668273553281204
GJIXUOZRDMDHKV-UHFFFAOYSA-N,C=CCN(C(=O)OCC1=CC=C([N+](=O)[O-])C=C1)C1CCN(CCC(CN2C(CC)=NC3=CC=CC=C23)C2=CC=CC=C2)CC1,0.153254360981404,0.682415723087364
SYXZFDGFXLDTIC-UHFFFAOYSA-N,O=[N+]([O-])C1=CC=C(C2=C(C(F)(F)F)NN=C2C2=CC=C(O)C(O)=C2O)C=C1,0.0487562319565597,0.516491669533127
IKJAOZHKWRAJBQ-UHFFFAOYSA-N,CC1=C(C(=O)C(=O)NCC2=CC=NC=C2)C2=CC=CC=C2N1,0.0283396495974842,0.434005526641503
GLTNJJBKYALJAN-ALIFXROVSA-N,C#C[C@]1(OC(C)=O)CC[C@H]2[C@@H]3CC=C4C=C(O[C@H]5CC[C@H]6[C@@H]7CCC8=CC(OC(C)OCC)=CC=C8[C@H]7CC[C@]56C)CC[C@@H]4[C@H]3CC[C@]12C,0.148198810017736,0.730786494019912
BYEKZQCBOZQONS-XJECJHNESA-N,CCCCC1=NC(Cl)=C(/C=N/N2C(=O)C3=CC=CC4=C(N5CCOCC5)C=CC(=C34)C2=O)N1CC1=CC=C(Cl)C(Cl)=C1,0.0470216689741921,0.676123283559018
SCZCTYREODBPFV-UHFFFAOYSA-N,NC1=NC(NC2=CC=C(S(N)(=O)=O)C=C2)=NN1C(=O)NC1=CC=C(C2=NC(C(=O)O)=CO2)C=C1,0.136893606215297,0.638439121741251
ZVLAOOKTOHWZBG-UHFFFAOYSA-N,CCN1N=NC2=C1C(=O)C1=CC=CC=C1C2=O,0.0924152093897847,0.520954798555538
HZRJARBNGRXUJE-UHFFFAOYSA-N,COC1=CC(CNCCCN2CCN(CC(C3=CC=CC=C3)C3=CC=CC=C3)CC2)=CC(OC)=C1OC,0.100084245886449,0.714542904966207
BKCDCSOAOQZEDS-UHFFFAOYSA-N,CCNC(=O)C1=CC=C(C(C#N)=C2CC3CCC(C2)N3CC2=COC=C2)C=C1,0.0966514467947762,0.697459672163194
JDOLMSGLFGJISY-QPNALZDCSA-M,CCN1C(=O)/C(=C2\SC3=CC(Cl)=CC=C3N2C)S/C1=C\C1=[N+](CC2=CSC=C2)C=CS1.[Cl-],0.15410417936356,0.629317315113294
KSHVHIYZTYPPHF-UHFFFAOYSA-N,COC1=CC=C(C(=O)N(C)C)C=C1C1=NC2=C(N1C(C)C)C(C1=CC=C(Cl)C=C1)N(C1=CN=CC(Cl)=C1)C2=O,0.0973489987897703,0.679813474576931
IOBZROVFXAOQQI-FQEVSTJZSA-N,C[C@](N)(COP(=O)(O)O)C(=O)NC1=CC=C(OCCCCC2CCCCC2)C=C1,0.0767740204698785,0.577107593463723
MUTMGIXCDHKCCS-UHFFFAOYSA-N,CN(C)C1=CC=C(S(=O)(=O)NC2=CC=C(NS(=O)(=O)C3=CC=C(N(C)C)C=C3)C3=CC=CC=C23)C=C1,0.0844297803966249,0.757068724666009
HXNLEXMOLQHXRG-UHFFFAOYSA-N,CCCCNP(=O)(O)OCC1OC(N2C=C(C)C(=O)NC2=O)CC1N=[N+]=[N-],0.0244686436909799,0.40365446756879
PQCQHQHRTPEBAI-RMKNXTFCSA-N,CC1=CC=C2C=C(/C=C/C(=O)C3=CC=C(Cl)C=C3)C(Cl)=NC2=C1,0.0767442638295517,0.711059010988459
RSELNDABAZLYST-UHFFFAOYSA-N,CC(C(=O)NO)N(CC1=CC=CC=C1[N+](=O)[O-])S(=O)(=O)C(Cl)(Cl)Cl,0.0335450825660462,0.47207697286977
JAVDYLNBJZIQBH-UHFFFAOYSA-N,CC(=O)C1=CC=C(S(=O)(=O)N2C(=O)NC(=O)C23CCCC2=CC=CC=C32)C=C1,0.039768702895854,0.507818641993234
GOXVAWWMLVHRFC-WMWXBDBMSA-N,C/C(=C\CCC(C)(C)O)[C@H]1CC[C@]2(C)[C@@H]1[C@H](OC(=O)CBr)C[C@@H]1[C@@]3(C)CC[C@H](OC(=O)CBr)C(C)(C)[C@@H]3CC[C@@]21C,0.114005981957802,0.616414902105213
NHISQXFZEQCLDC-ARAFEZKFSA-N,COC1=CC=C(CCN2COC3=CC4=C(C(C)=C3C2)O[C@](C)(CC/C=C(\C)CC/C=C(\C)CCC=C(C)C)CC4)C=C1OC,0.108939072195743,0.604288305884419
XXRYJSPRAPVYEO-YCLBGMMASA-N,C[C@H]1OC(=O)[C@@H]2C[C@@H]3CCCC[C@H]3[C@H](/C=C/C3=CC=C4C=C(OCCN)C=CC4=N3)[C@H]12,0.0620756384537202,0.655454626257533
DSEJTOQXEDXZMO-UHFFFAOYSA-N,CC1=NN(C2=CC=CC=C2)C(C)C1NC1=NN=C(SC2=NC(NC3=CC=C(Cl)C=C3)=NC(NC3=CC=C(Cl)C=C3)=N2)S1,0.140755012326334,0.670606808550536
MGPVNDOIZDIHQK-ZSAQMHHGSA-N,CC#C[C@@]1(F)[C@H](O)[C@@H](COP(=O)(O)OP(=O)(O)OP(=O)(O)O)O[C@H]1N1C=CC(=O)NC1=O.CCN(CC)CC.CCN(CC)CC.CCN(CC)CC.CCN(CC)CC,0.133783601981231,0.58708359766988
CKDYACSCRUTGHR-UHFFFAOYSA-N,CNC1=NC2=C(C3=NC=NC(NCCN4CCOCC4)=C3S2)C2=C1CCC(C)(C)C2,0.0856818580525193,0.554185316778036
BHSASERQYVVBSX-UHFFFAOYSA-N,CC1=CC=C(CNC(=O)C2=NC(C3=CC=CS3)=NC(O)=C2O)C=C1,0.0535362236470732,0.530774142772058
VRFLZQNSRDLHKT-CSCMKSFWSA-N,C=CC[C@H](NC(=O)[C@@H]1C[C@@H](CCCC2=CC=CC3=CC=CC=C23)C2=C(Cl)N=C(NCC3=CC=CC=C3)C(=O)N12)B1OC2CC3CC(C3(C)C)[C@@]2(C)O1,0.184260622127601,0.679619456317431
MZLIUORCVUDARA-CCIKHBFUSA-N,CC(C)CCC[C@@H](C)[C@H]1CC[C@H]2[C@@H]3CC[C@H]4C[C@@H](OC(=O)CC5=CC=C(OC/C=C/S(=O)(=O)C6=CC=CC=C6)C=C5)CC[C@]4(C)[C@H]3CC[C@]12C,0.109106328109843,0.66233125679333
GFTCLBJLVSQCRE-UHFFFAOYSA-N,O=C(O)CCNC(=O)C1=CC=CC(C(=O)NCC2CCNCC2)=C1,0.0484492996701375,0.304274859596242
LLDQYZZYZMAENH-CAOOACKPSA-N,O=C1N/C(=N\C2=NN=C(C34CC5CC(CC(C5)C3)C4)S2)S/C1=C/C1=CC=C(F)C=C1,0.0800125717546606,0.67488190948283
IPORZYJGANVTDB-KRMOPOIMSA-N,C=C(C)[C@@H]1CC[C@]2(CNCCC3=CC=CC=N3)CC[C@]3(C)[C@H](CC[C@@H]4[C@@]5(C)CC=C(C6=CC=C(C(=O)O)C=C6)C(C)(C)[C@@H]5CC[C@@]34C)[C@@H]12,0.16099809507507,0.600114958781325
WZZWPEJHQNCXFH-RDCVRMOHSA-N,C[C@@H]1CC[C@H]2[C@@H](C)[C@@H](OCCOC3=CC=CC(C(=O)/C=C/C4=CC=C(O)C=C4)=C3)O[C@@H]3O[C@@]4(C)CC[C@@H]1[C@@]23OO4,0.100014370366531,0.673569664555943
BLLLQNRCKLBKKE-AFFVHCJZSA-N,C=C(C)[C@@H]1CC[C@]2(CO)CC[C@]3(C)[C@H](CC[C@@H]4[C@@]5(C)CC=C(C6=CC=C([N+](=O)[O-])C=C6)C(C)(C)[C@@H]5CC[C@@]34C)[C@@H]12,0.143220401412729,0.632434391008471
NQERLTNVLBVGQQ-UHFFFAOYSA-N,CC1CN(C(=O)CCC(=O)NCC2=CC=CS2)C2=CC(Cl)=CC=C2O1,0.0485406526071754,0.472395320120593
UFVZWUUTJSMNCN-UHFFFAOYSA-N,O=C(C1=CC=CO1)C1=C2N(N=C1)C1=CC(C3=CC=CO3)=CC=C1[N+]([O-])=N2,0.0714382329971498,0.607489166339089
NRVYYXZLMNAXIE-UHFFFAOYSA-N,O=C(NC1=CC=C(Cl)C=C1)NC1=CC=C2N=CN=C(NC3=CC=CC(F)=C3)C2=C1,0.142925393012125,0.694093052400673
WXJXBKBJAKPJRN-UHFFFAOYSA-N,CP(O)(O)=S,0.0261660996386404,0.3698851133613
DQENVRDGVQWLAN-UHFFFAOYSA-N,O=C(NC1=CC=C2C=CNC2=C1)C1=CC=C(F)C=C1,0.0332171186147989,0.555630419540023
BKQJJWLNWLFDGH-FTJBHMTQSA-N,COCCCC1=CC(CN(C(=O)[C@H]2CNCC[C@@H]2C2=CC=C(OCC3=CC(C4=C(F)C=CC(F)=C4Cl)=NO3)N=C2)C2CC2)=C(Cl)C=N1,0.261353225917339,0.742045925415984
QWNDLDNVXXLDPQ-LANSFJKUSA-N,CCCCCCCCCCCCCC(=O)OCC(COP(=O)(O)OC[C@H]1O[C@@H](N2C=NC3=C(N)N=C(Cl)N=C23)C[C@@H]1O)OC(=O)CCCCCCCCCCCCC,0.233591370029832,0.614985137044577
DYXJANZWCBWYFL-UHFFFAOYSA-N,CC1=CC=C(C2=C(C)C(C3=CC=C(F)C=C3)=NC(N)=C2C#N)O1,0.0667914766802563,0.590704709403607
BUKDBQNENSAVLL-GFCHLDMNSA-N,CCCNC(=O)[C@@H](NC(=O)[C@@H]1CCCN1C(=O)[C@H](CC(=O)O)NC(=O)[C@@H]1CCCCN1C(=O)[C@@H](NC(=O)C[C@H](C)C1CCCCC1)C(C)C)[C@@H](C)O,0.312176470101092,0.691890819132147
BAMQIZHSONHTIY-UHFFFAOYSA-N,CC1=CC=C(SC2=CN=CC3=C2C=C(C(=O)NCCCN2CCOCC2)S3)C=C1,0.0888858504193917,0.600689129114194
LZKCQRVREPOZNT-IOWSJCHKSA-N,N=C1NC[C@H](CCCCN2C[C@@H](CC3=CC=C4C=CC=CC4=C3)N(CCC3=CC=C(Cl)C(Cl)=C3)C2=N)N1CCC1=CC=C(Cl)C(Cl)=C1,0.308339857949739,0.721786724036722
VFIRMHUPHABFJM-DNBKINIGSA-N,COC1=CC=CC(C2=CC(C(=O)NC3=CC4=CC=C(O[C@@H]5OCC[C@@H](O)[C@H]5O)C(C)=C4OC3=O)=CC=C2OC)=C1,0.0818491447434085,0.71988196502726
NIUVWGWOQSKTSO-CNYIRLTGSA-N,CC1=C(S(=O)(=O)NC[C@H]2O[C@@H](C)[C@@H](O)[C@@H](O)[C@@H]2O)C=NO1,0.026454328679627,0.306613019167965
LKFHXQQCMWXMLN-WEVVVXLNSA-N,CN(C)/C=N/C1=CC(=O)NC(=O)N1C,0.0890150417483309,0.444210881291778
GCSQEVYBDLMYMW-BQYQJAHWSA-N,O=C(/C=C/NC1=CC=C(F)C=C1)C1=CC=CS1,0.0657428389642883,0.64661975425767
SWUCFAKJTBXICP-UHFFFAOYSA-N,COC1=CC=CC=C1CN1C=C(C(=O)C2=CC=C(C)C=C2)C(=O)C2=CC(C)=CC=C12,0.0861818741771463,0.750379204485159
GSIGCRWWQCCJNZ-UHFFFAOYSA-N,O=C(CN1C=NC2=CC=CC=C2C1=O)C1=CC=C(OC(F)F)C=C1,0.0172507293360254,0.348220160258048
MTCKYHLINYKZGE-OBGWFSINSA-N,CN1CCC/C1=N\S(=O)(=O)C1=CC=C(NC(=O)C2=CC=CO2)C=C1,0.0340317615740639,0.325480714538798
NSTXKOKMPHJOKN-NEKDWFFYSA-N,COC(=O)C1=C(C2=CC=C(F)C=C2OCC2=CC=CC=C2)C[C@@H]2CC[C@H]1N2C(=O)NCCOC1=CC=C(OC)C=C1,0.050877938376993,0.801532417200325
ROCYMEUUTRYGML-UHFFFAOYSA-N,COCC(C)NC(=O)C1=CC(NC(=O)C2=CC=C(F)C=C2Cl)=CC(C2=CC=C(C)C=C2)=C1,0.0784487673351384,0.792944589614685
VLRQYCJRFVYFNI-UHFFFAOYSA-N,CC1=C(C2=CC3=NC=C(C4=CC=CC(NC(=O)NCC(F)(F)F)=C4)N3C=C2)N=NN1C,0.0621284856812533,0.535642966054026
MJNIDQNCVPHZNY-UHFFFAOYSA-N,CC(C)C1OC2=CC=CC=C2N(CC(=O)N(CC2=CC=NC=C2)CC2=CC=CO2)C1=O,0.0159248346034196,0.20857818253161
BDCIRXKOEFOKIB-UAFMIMERSA-N,O[C@@H]1C[C@H]2CCCN[C@@H]2C[C@H]1N1CCC(C2=CC=CC=C2)CC1,0.0525313552099225,0.54556337025533
IJGBVUMYQBZIIE-UHFFFAOYSA-N,CN1C(=O)C2=C(C3=CC=CC=C3)N3C(=C2N(C)C1=O)C(C1=CC=CC=C1)OCC3(C)C,0.0586251255913106,0.682934501430405
