InChiKey,SMILES,NF54_IC50_72h_1uM,NF54_50PercInh_LDH,NF54_50PercInh_LUM
OLGGEMHVMHDMBQ-CKJJVQESSA-N,C[C@H](C1=CC=CC=C1)N1CC2=C(OC(N)=C(C3=NC(C4=CC=C(Cl)C=C4)=NO3)C2C2=CC=CC3=CC=CC=C23)/C(=C/C2=CC=CC3=CC=CC=C23)C1,0.28479323,0.5109825,0.3298454
JDXKRKYSUPFHSI-UHFFFAOYSA-N,C=C(C1=CC=C(C2=CC=CC=C2)C=C1)C1CCOC2(CCC(NC3=CC=C(C(F)(F)F)C=C3)CC2)OO1,0.3064738,0.26378602,0.27003068
ITZCQKLMGVPQPT-ZLYZMSFYSA-N,CC(C)[C@@H]1CC[C@]2(CO)CC[C@]3(C)[C@H](CC[C@@H]4[C@@]5(C)CC6=C(ON=C6)C(C)(C)[C@@H]5CC[C@@]34C)[C@@H]12,0.32252663,0.1543995,0.013778637
QVHOWIYXXSOEIV-GHXNOFRVSA-N,CC(NC1=NC2=C(/C=C3\NC(=O)NC3=O)C=NN2C(NC2CC2)=N1)C1=CC=CO1,0.21552806,0.10001423,0.027590936
AJOIPROOJINBPD-UHFFFAOYSA-N,NCCCC(=O)NCCC(=O)NC1=NN=C(S(N)(=O)=O)S1,0.15870278,0.023684446,0.010016828
GLNKQEUBUVUTNJ-UHFFFAOYSA-N,O=C1CC(C2=CC=CC=C2)CC2=C1C1(CCCCC1)N=C(NC1=NC3=CC=CC=C3O1)N2,0.32295686,0.13768189,0.16657868
WXXKIULLBFLFPW-DVWZZLGYSA-N,COC(=O)CC[C@@H](C)[C@H]1CC[C@H]2[C@@H]3C/C(=N/NC(=S)NC4=CC=C(C)C=C4)[C@@H]4C/C(=N/NC(=S)NC5=CC=C(C)C=C5)CC[C@]4(C)[C@H]3CC[C@]12C,0.35693955,0.22236359,0.4361318
DVPYLGDJYYVKAJ-CWCCKSQSSA-N,CC(=O)O[C@H]1CC[C@@]2(C)[C@@H](CC[C@]3(C)[C@@H]2CC=C2[C@@H]4[C@@H](C)[C@H](C)CC[C@]4(C(=O)N(C)O)CC[C@@]32C)C1(C)C,0.28327698,0.18491113,0.013778637
SSZMRTAPOVWYHW-LKYMCVAFSA-N,C[C@H]1C[C@@H](N2C=NC3=C(N)N=CC(F)=C23)[C@H](O)[C@@H]1O,0.3367201,0.1944295,0.023875257
NTCUGFMIELJXCS-UHFFFAOYSA-N,CCN1CCN(CCCNC2=C3C(=NC4=CC=CC=C24)C=CC=C3)CC1,0.30362046,0.50901586,0.070892565
ZLXMEKUSNLBNSL-SVEHJYQDSA-N,CC1(C)CC2=NC(C3CCN(C4=NC=C(O)C=N4)CC3)=C([C@@H](F)C3=CC=C(C(F)(F)F)C=C3)C(C3CCC(F)(F)CC3)=C2[C@@H](O)C1,0.31417605,0.30330193,0.22516745
BZMUHPHCPVKBAC-FNORWQNLSA-N,O=C(/C=C/C1=CC=CC2=C1N(CC1=CC=C(Cl)C=C1Cl)C(=O)C2)NS(=O)(=O)C1=CC(Cl)=C(Cl)S1,0.20636602,0.055769116,0.088164166
BYCWLOQDZYMODR-DWXRJYCRSA-N,C[C@@H]1CCC[C@H](N2CCC(C3=C(C#N)C=CC(Cl)=C3F)=CC2=O)C2=NC=CC(=C2)C2=CC=CC=C2NC1=O,0.29883826,0.12103379,0.3125607
FUYDACWLMIPEJT-UHFFFAOYSA-N,COC1=CC=CC(C2=NC(CN3C=CN=C3C=O)=CO2)=C1,0.289153,0.027087115,0.057959147
SRNYIEUASJEHNI-UHFFFAOYSA-N,CCCN1C(=O)C2=C(N=C(CCCC3=CC=CC=C3)N2)N(CCCOC)C1=O,0.27408144,0.089782104,0.043163706
JHYNXXDQQHTCHJ-UHFFFAOYSA-M,CC[P+](C1=CC=CC=C1)(C1=CC=CC=C1)C1=CC=CC=C1.[Br-],0.15652013,0.05803412,0.07027925
NQNMTRSTEYEOGI-UHFFFAOYSA-N,CCCCN1N=C(C(=O)C2=CC=CC=C2N)CC1C(=O)OCC,0.19881256,0.0030006953,0.016211303
XEAKAWDCKUCKBY-AMWOSJAMSA-N,CC(C)C[C@H](NC(=O)OC(C1=CC=CC=C1)C1CCNCC1)C(=O)N[C@@H](CCCNC(=N)N)C(=O)C1=NC2=CC=CC=C2S1,0.3019907,0.104951166,0.21658157
WFMZEOAASVEOPI-SPSPGWCGSA-N,CC1CCC2C(=O)N3C(CCC(C)[C@@H]3C3=CC=C(Br)C=C3)C(=O)N2C1C1=CC=C(Br)C=C1,0.27635115,0.055162817,0.12051387
YQGXBSXHFMPWQM-KLCAMILTSA-N,CCC(=O)O[C@H]1CC[C@@]2(C)[C@@H](CC[C@]3(C)[C@@H]2CC=C2[C@@H]4CC(C)(C)CC[C@]4(C(=O)NCCCC(=O)N[C@H](C(=O)O)C(C)C)CC[C@@]32C)C1(C)C,0.2960176,0.2175565,0.013778637
QDUPLBCEMNFINR-SOFGYWHQSA-N,O=C(O)/C=C/C1=CC=C2C(=C1)CC1(CC3=CC=CC=C3C1)C2,0.22162184,0.054164454,0.03945468
XWMBNHQWCOHJQH-UHFFFAOYSA-N,FC1=CC=C(C2=C(C3=CC=NC(NCCN4CCSCC4)=N3)SC(C3CCNCC3)=N2)C=C1,0.4542521,0.19951308,0.21773116
DEZJLIXJXQEJDP-WEVVVXLNSA-N,O=C(O)CN1C(=O)S/C(=C/C2=CC=CC([N+](=O)[O-])=C2)C1=O,0.16536324,0.023704182,0.027712312
YJMQHDDLZWBZTR-UHFFFAOYSA-N,O=C1N=C2C=CC=CN2C=C1CC1=CC=CC(OC2=CC=CC=C2)=C1,0.1398508,0.06040993,0.07663235
LSTDAQHMTQYRJL-UHFFFAOYSA-N,Cl.O=C1CCN(CC2=CC=CC=C2F)CC1C(C1=CC=C(F)C=C1)C1=CC=C(F)C=C1,0.20350282,0.06384048,0.10175365
GZBJYWLKANIMIX-CDUMDVBJSA-N,C=C(C)[C@@H]1CC=C(CNC2=NC=NC3=C2N=CN3[C@@H]2O[C@H](CO)[C@@H](O)[C@H]2O)CC1,0.2922793,0.12063661,0.013227663
JYGCJRGDFNDTFE-UHFFFAOYSA-N,O=C(NC1=CC=CC=C1)N1C2CCC1CC(O)(C1=CC=CN=C1)C2,0.14951427,0.010518023,0.02674123
SHLVDRLISHVGSO-ZSQFBXSQSA-N,O=C(NCC1=CC=CN=C1)NC[C@H]1CCC[C@H](OCC2=CC(C(F)(F)F)=CC(C(F)(F)F)=C2)[C@@H]1C1=CC=CC=C1,0.1584837,0.100832716,0.26518634
LJXCMWIXKXYBMH-IUHHBDENSA-N,CCCCCCCC(=O)N(C)[C@@H](CC(C)C)C(=O)N[C@H](C(=O)N(C)[C@H](C(=O)N1C[C@@H](O)C[C@H]1C(=O)N1C(=O)C=C[C@@H]1C)C(C)C)C(C)OC(C)=O,0.30108953,0.052951247,0.010016828
AHQFRLVRGMRTIK-RPWUZVMVSA-N,COC1=CC=CC([C@@H]2OC3=CC=C(OC)C=C3C[C@H]2OC(=O)NS(=O)(=O)C2=CC=C(C)C=C2)=C1,0.09776071,0.063154794,0.32681116
YBUPKAFNJNXZCU-UHFFFAOYSA-N,CC(C)CSC1=CC2=C(C=C1Cl)C=C(C(=O)O)C(C(F)(F)F)O2,0.19738667,0.023708515,0.022654176
OWNKDAHEOJCUPR-UHFFFAOYSA-N,O=S(=O)(CCC1=CC=CC=C1)C(F)F,0.10645613,0.05314794,0.029634
LCLUQLYMCAXABJ-UHFFFAOYSA-N,C[N+](C)(C)CC#CC(O)(C1=CC=CC=C1)C1CCCC1,0.15153079,0.05127922,0.029124567
FNNKEPUPOGRHEM-DXLWWQPSSA-N,C=C1C(=O)O[C@@H]2C[C@H]3[C@]4(C)CC[C@H]([C@H](C)CC/C=C(\C)COC(=O)C5=CC=C6C=CC=CC6=N5)[C@@]4(C)CC[C@]34C[C@]4(CCC(=O)OC)[C@H]12,0.29617667,0.11192219,0.081706464
KXIDRPHEXRTZHO-HSZRJFAPSA-N,CC1=CC(C)=CC(C2=CN=C3C=C(Cl)C(C4=CC=NC=C4)=CC3=C2OCC[C@H]2CCCCN2)=C1,0.41453362,0.45449424,0.1908569
GTIPANYRNCQASG-ARHHNASGSA-N,CN1CCC[C@H]1C1=CC=C[N+](CCCCCCCCCCNCC2CCC3=CC=C(O)C=C3O2)=C1.[Br-],0.30171472,0.42751694,0.13574786
KGGJAFDCRCYGFM-UHFFFAOYSA-N,ClC1=CC=C(CN2C=C(C3=NN=C(NC4=CC=CC=C4)S3)C3=CC=CC=C23)C=C1,0.31742766,0.24832082,0.100436844
PUCSURXLSLKZSZ-UHFFFAOYSA-N,COC1=CC(C2=NN=NN2C)=CC=C1NC1=NC=C2C=CN=C(NCC(C)(C)OC)C2=N1,0.37347367,0.32354128,0.39817616
OSJWUPILPXIQLP-QBNHWJPLSA-N,C=C(C)[C@@H]1CC[C@]2(/C=N/O)CC[C@]3(C)[C@H](CC[C@@H]4[C@@]5(C)CC[C@H](OC(C)=O)C(C)(C)[C@@H]5CC[C@@]34C)[C@@H]12,0.3042036,0.22407724,0.013778637
WJFJFADCVKZJIW-NVLPFLBZSA-N,CSCC[C@H](NC(=O)[C@H](CC(C)C)N1CCC(NC(=O)[C@H](CC2=CC=CC=C2)NC(=O)[C@H](CC2=CC=CC=C2)NC(=O)CCCN)C1=O)C(N)=O,0.28685912,0.116415896,0.22991392
RMYAOQBHEHXKHK-UHFFFAOYSA-N,CCOC1=CC=C(CCNC(=O)C2=NOC(C)=C2)C=C1OCC,0.18888068,0.03938413,0.059076913
GGRWGRZUFQJGTG-UHFFFAOYSA-N,COC1=CC=C(NS(=O)(=O)C2=CC(NC(=O)CCNC(C)=O)=CC=C2N2CCCCC2)C=C1,0.14590144,0.041422125,0.14999919
CSBVGJLDNPHYSX-HZGSLRQESA-N,CC(=O)O[C@H]1CC[C@@]2(C)[C@@H](CC[C@]3(C)[C@@H]2CC=C2[C@@H]4CC(C)(C)CC[C@]4(C(=O)OCC(=O)NC(C)(C)C)CC[C@@]32C)C1(C)C,0.29842314,0.19834232,0.013778637
MIXHWWCIYLMJQR-XCBNKYQSSA-N,CC1=CN([C@H]2CC[C@](CO)(N=[N+]=[N-])O2)C(=O)NC1=O,0.31039608,0.06435767,0.010016828
GOICRUJVOCVGKW-SBQRARESSA-N,CC(O)C1O[C@@H](N2C=C(F)C3=C(N)N=CN=C23)[C@](C)(F)[C@@H]1O,0.3233822,0.14151457,0.029913241
RQASZRFUOZOPKW-UHFFFAOYSA-N,COC1=CC=C(C(NC2=CC=CC=N2)C2=C(NC(=O)C3=CC=CO3)SC(C)=C2C)C=C1OC,0.2897136,0.07131629,0.17925736
GHQGPISGCJIZJX-MDZDMXLPSA-N,O=C(/C=C/C1=CC=CC=C1[N+](=O)[O-])NC1=CC=CC=C1Cl,0.119720526,0.051896356,0.056705814
UUBMXYXJLNBFCN-UHFFFAOYSA-N,CC1=C(C(=O)C2=CC=CC=C2)C=C(C2=CC=CC=C2)N1CC1=CC=C(Cl)C=C1,0.20786,0.11049525,0.10202773
PCRYQUXVYSHFOZ-UHFFFAOYSA-N,CC1=CC2CC3=NC4=CC(Cl)=CC=C4C(NCCCCCCCCCNC(=O)C4=CC(O)=C5C(=C4)C(=O)C4=CC=CC(O)=C4C5=O)=C3C(C1)C2.Cl,0.28488037,0.2873851,0.43805328
KOGYOPLNKQJQFM-PHDIDXHHSA-N,O=C1NC(=O)N([C@H]2CS[C@H](CO)O2)C=C1F,0.4201738,0.17070857,0.039538138
BLILWBDSCDHCKK-UHFFFAOYSA-N,CN1N=C(C(N)=O)C2=C1C1=NC(NC3=CC=C(N4CCOCC4)C=C3)=NC=C1CC2,0.36964846,0.069615066,0.06282654
MKXUEGBBBNEUQR-LBPJEAKVSA-N,COC(C)(C)CCC[C@@](C)(O)[C@H]1CC[C@]2(C)[C@@H]1[C@H](O)C[C@@H]1[C@@]3(C)CC[C@H](OC(=O)C4=CC=CC(F)=C4)C(C)(C)[C@@H]3CC[C@@]21C,0.29310676,0.18099645,0.050710507
KYZKXXWFBPOWKR-SFYCDEOASA-N,CC1=C(C(=O)O)N2C(=O)C(NC(=O)[C@H](N)C3=CSC4=CC(Cl)=C(Cl)C=C34)C2SC1,0.15098567,0.064170055,0.058847766
JBOBOIPQLZCNDP-LDADJPATSA-N,COC1=CC=C(OCC(=O)N/N=C(\C)C2=CC=CC=N2)C=C1,0.1945044,0.040019926,0.06455605
OWCYZMRCKVMNDM-MQRABVPWSA-N,CC1(C)[C@@H]2CC[C@@]1(CS(=O)(=O)N1CCC3(CCC4=CC=CC=C34)CC1)[C@@H](NC(=O)C1=CC=CC=C1)C2,0.2337295,0.11180939,0.054269068
KEWWSURXGADRPV-VLXJIEOASA-N,CCCC1=CC(=O)OC2=C3C(=C4C(=C12)OC(C)(C)C=C4)O[C@H](C)[C@@H](C)[C@H]3OC,0.18842375,0.07216136,0.042802576
NMKWDSYLFZHOAH-UHFFFAOYSA-N,CCOC(=O)CC1=CS/C(=N/C(=O)COC2=CN=C(C)C=C2O)N1,0.110667355,0.11008099,0.011987127
LGTURXDQKJRHSF-UHFFFAOYSA-N,COC1=CC=C2NC3=C4NC5=CC=C(OC)C=C5C4=C4C(=C3C2=C1)C(=O)NC4=O,0.18481556,0.22833884,0.41674936
QVPSYCLMBAKEHM-UHFFFAOYSA-N,COC1=CC=C(C(=O)C2=CNC(C(=O)NCCCN3CCOCC3)=C2)C=C1,0.109016836,0.015261182,0.03580128
XFVTZTQCGZVSDX-PMACEKPBSA-N,COC1=CC(CC(=O)N2C[C@@H](F)C[C@H]2COC2=CC=C(C(=O)O)C=C2)=CC=C1NC(=O)NC1=CC=CC=C1Br,0.1599072,0.109450236,0.178449
YXACXWLALINXQS-UHFFFAOYSA-N,O=C1CC(=C2C3=CC=CC=C3C3=CC=CC=C23)C(=O)N1CCN1CCN(C2=CC=CC=C2)CC1,0.13391557,0.07200443,0.27196735
JSRXTHWZVFGCJR-CXEQAMIMSA-N,CC(=O)C1=C(O)C=C2OC3=C(C4=CSC(N/N=C/C5=CC=C(Br)C=C5)=N4)C(O)=C(C)C(O)=C3[C@@]2(C)C1=O,0.32347476,0.14454855,0.3511022
CPKUBQFXUVJGTN-VMBBRRATSA-N,CCOC1=CC2=C(C=C1O)CC[C@@H]1[C@@H]2CC[C@]2(C)C(OS(=O)OC3CC[C@@H]4[C@H]5CCC6=CC(O)=C(OCC)C=C6[C@@H]5CC[C@@]34C)CC[C@@H]12,0.3372239,0.24956873,0.28212816
AQMNBSBCJPFTAD-ZAZKALAHSA-N,O=NN(CCCl)C(=O)N[C@@H]1CC(N2C=C(F)C(=O)NC2=O)O[C@@H]1CO,0.41067523,0.23982392,0.039538138
JJXNDADNDFDRKV-UHFFFAOYSA-N,CC1=CC=C(CC2CC3=CC=CC=C3C2N)C(C)=C1,0.13293286,0.08484895,0.06309371
XSBINZAIPQEGEY-UHFFFAOYSA-N,COC1C(CO)OC(N2C3=CC=CC=C3C3=C4C(=C5C6=CC=CC=C6NC5=C23)C(=O)NC4=O)C(O)C1OC(=O)CBr,0.26727718,0.2008987,0.1492526
KDHWXYCRFWFNAS-UHFFFAOYSA-N,CC1=CC=CC=C1CN1CCC(CNC2=NC(C3=CC=C(Cl)C=C3)=C(C3=CC=C(Cl)C=C3)S2)CC1,0.4631549,0.42432064,0.1703812
AYQUCQJYWKQBRS-GFCCVEGCSA-N,CNC(=O)C1=CC(C(=O)NC2CC2)=CN([C@H](C)C2=CC=CC=C2)C1=O,0.12459001,0.036005575,0.036063176
SKKLOUVUUNMCJE-FQSMHNGLSA-N,NC[C@H]1O[C@H](O[C@@H]2[C@@H](N)C[C@@H](N)[C@H](O[C@H]3O[C@H](CO)[C@@H](O)[C@H](N)[C@H]3O)[C@H]2O)[C@H](N)[C@@H](O)[C@@H]1O,0.3074024,0.17973588,0.010016828
DVBMOXZCNUZYLF-XHWIWGEHSA-N,CCCCCCOC1=CC=C(N(C)S(=O)(=O)[C@H]2C[C@H]3O[C@@H]2C(C2=CC=C(O)C=C2)=C3C2=CC=C(O)C=C2)C=C1,0.1633822,0.16407345,0.17237729
MGDCTXYEVAWARZ-UHFFFAOYSA-N,CSC1=NC(Cl)=CC(N2CCOCC2)=N1,0.08125099,0.102606654,0.010016828
HBQHNNSALUYHGJ-UHFFFAOYSA-N,COC1=CC(CCC2=CC=CC=C2)=C(C=O)C(OC(C)=O)=C1CC=C(C)C,0.12732111,0.07471058,0.103689514
BYZKEETTZOQSEE-UHFFFAOYSA-N,CN(C)CCNC(C(=O)NCC1=CC=CC=C1)C1=CC=C2C=C(C(=O)NC3=CC=CC=C3N)SC2=C1,0.19626318,0.098934926,0.27787083
COHVPSBMXDXOIU-UHFFFAOYSA-N,COC1=CC=C2C(=C1)C(=O)C(CC1CCN(CC3=CC=CC=C3)CC1)C2,0.2977475,0.15374514,0.05879823
IHPIALVXPHPONZ-UKKRHICBSA-N,O=C(O[C@H]1C[C@H](N2C=C(F)C(=O)NC2=O)O[C@@H]1CO)[C@@H]1CCCN1,0.41212752,0.22201774,0.039538138
RNGORNTUMVXWOC-DKVRRKBJSA-N,CC(C)CCC[C@@H](C)[C@H]1CC[C@H]2[C@@H]3CCC4[C@H](CC5=CC=CC(F)=C5F)[C@H](O)CC[C@]4(C)[C@H]3CC[C@]12C,0.34265873,0.21736738,0.057953585
SWWFWPUXAYGINK-UHFFFAOYSA-N,CC(C)(CF)N1C=C(C(=O)O)C(=O)C2=CC(F)=C(N3CC(N)C3)C=C12,0.22793713,0.09012995,0.1495456
GOICRUJVOCVGKW-YDXUSSIQSA-N,C[C@H](O)C1O[C@@H](N2C=C(F)C3=C(N)N=CN=C23)[C@](C)(F)[C@@H]1O,0.3233822,0.14151457,0.029913241
DEJWATMJSBFTEL-UHFFFAOYSA-N,COC1=CC(C(O)C2=NC(C3=CC=NC=C3)=CS2)=CC=C1F,0.20547791,0.26248524,0.24563068
BCPCNDGNQAGYMC-UHFFFAOYSA-N,O=C(CSC1=NN=NN1C1=CC=C2C(=C1)OCCO2)OC1CCCCC1,0.20429699,0.01952148,0.012400013
ULLZGUYMGKYAAU-WLNZHLEZSA-N,CCCCCCN1[C@H]2CC[C@@H]1C[C@H](N(C1=CC=CC=C1)C1=CC=C(C(=O)N(CC)CC)C=C1)C2,0.17588814,0.054030135,0.047343034
HNXKUFOPVCELHL-UHFFFAOYSA-N,COCCN1CCOCC12CCN(C1=CC=C(C#N)C=C1)CC2.O=C(O)C(F)(F)F,0.20872396,0.0399083,0.07768657
ITUMRQRXZKDQDH-UHFFFAOYSA-N,O=C1NC(N2CCOCC2)=NC(NCC2CCCCN2)=C1C1=CC=C2C=CC=CC2=N1,0.27799073,0.18256418,0.046047684
ZLSUNYHFHNHQMW-IUDBTDONSA-N,CC1(C)CC2=NC(C3CCN(C4=NC=C(CCCC(F)(F)F)C=N4)CC3)=C([C@@H](F)C3=CC=C(C(F)(F)F)C=C3)C(C3CCC(F)(F)CC3)=C2[C@@H](O)C1,0.2933858,0.3810135,0.22516745
XTNJWMYCNKCDJC-JWCGBNDWSA-N,CC1(C)CCN([C@H]2C3CC4CC2C[C@@](O)(C4)C3)C(=O)C2=C1N(C1=CC=C(Cl)C=C1)N=C2,0.19559711,0.090702124,0.031169882
OVLOKMBRSPGNJS-OXLCRQLGSA-N,COC1=CC=C(C[C@H]2NC(=O)/C=C/C[C@@H]([C@H](C)[C@@H](O)[C@@H](Cl)C3=CC=C(C)C(C)=C3)OC(=O)[C@H](CC(C)C)OC(=O)C(C)(C)CNC2=O)C=C1Cl,0.3482546,0.20043506,0.4559769
LWMHETDODOVEBY-UHFFFAOYSA-N,CCCCOC1CCC2=NC3=CC(Cl)=CC=C3C(NCCCCCCCCCNC3=C4C(=NC5=CC(Cl)=CC=C35)CCC(OCCCC)C4)=C2C1,0.39671242,0.44601208,0.65646964
CNDKXGAIIABMLH-HPBCLWJWSA-N,O=C1NC2=C(C=CC=C2C(F)(F)F)/C1=C1/NC2=CC=C(C(=O)O)C=C2/C1=N\O,0.17707768,0.044054247,0.13338272
RUBYHLPRZRMTJO-FLVSMNSFSA-N,CN(C)C/C=C/C(=O)NC1=CC=C(C(=O)N2CCC[C@H](NC3=NC=C(Cl)C(C4=CNC5=CC=CC=C45)=N3)C2)C=C1,0.27786285,0.09720635,0.15430093
IMEAZPZIQNSCGN-BTJKTKAUSA-N,CC=CCNC(=O)OCCCC1=CNC=N1.O=C(O)/C=C\C(=O)O,0.120386735,0.032025803,0.010016828
PQIKGKCABNVHHS-UHFFFAOYSA-N,COC1=CC=C(OC)C(S(=O)(=O)N2C=CC(C)=N2)=C1,0.10243723,0.020813204,0.06574997
GCMGAVLFDIRZRH-UHFFFAOYSA-N,CCOC(=O)N1CCN(C(=O)C2=CC=CC=C2NC(C)=O)CC1,0.10603966,0.0064906697,0.027339198
MRCMHQPBXBYCBW-ZCGSHCRLSA-N,CC(=O)O[C@H]1CC[C@@]2(C)[C@@H](CC[C@]3(C)[C@@H]2C[C@@H](OC(C)=O)[C@@H]2[C@@H]([C@]4(C)CC[C@@H](C(C)(C)O)O4)CC[C@@]32C)C1(C)C,0.29506823,0.23725483,0.021321489
IUVPGVNJUUOQGY-UHFFFAOYSA-N,O=C(NO)C1=NOC(C2=CC=CC(OCC3=CC=CC=C3)=C2)=C1,0.20531917,0.04907743,0.077180296
ZEFUFVWPRPISAD-FLUPTLLOSA-N,NC[C@H]1O[C@H](O[C@@H]2[C@@H](N)C[C@@H](NC(CO)CO)[C@H](O[C@H]3O[C@H](CO)[C@@H](O)[C@H](N)[C@H]3O)[C@H]2O)[C@H](N)[C@@H](O)[C@@H]1O,0.32460463,0.19292453,0.010016828
GRKVDOZMQNBFKP-UHFFFAOYSA-N,NC(=O)C1=C(NC(=O)COC(=O)COC2=CC=CC=C2[N+](=O)[O-])SC=C1,0.1954592,0.00819263,0.08335713
LFIYFGISUSRLNS-UHFFFAOYSA-N,COC1=CC=C(NC2=NC=NC3=CC=C(NC(=S)NC4=CC=CC(Cl)=C4)C=C23)C=C1,0.39468843,0.38074896,0.25238654
FAAZTHVEPPRZQA-AIDMMIJQSA-N,C[C@H](CCC(=O)N[C@H](CC(=O)O)CC1=CNC2=CC=CC=C12)[C@H]1CC[C@H]2[C@@H]3CC[C@@H]4C[C@H](OC(N)=O)CC[C@]4(C)[C@H]3CC[C@]12C,0.28266788,0.117656,0.030422078
OUEKNSIKFCXVQG-UHFFFAOYSA-N,CCN1N=CN=C1C(C)NC(=O)C1CCN(C(=O)COC)CC1,0.14107257,0.002566602,0.011841822
LZKAWWQLQSNKFF-UHFFFAOYSA-N,CCOC1=CC=C(NC(=O)CN2C(=O)N(CCCCC(=O)NCCC3=CC=C(Cl)C=C3)C(=O)C3=CC=CC=C23)C=C1,0.2319732,0.04505552,0.38224253
DYXYGRMAQJYXAX-UHFFFAOYSA-N,OCCCCCCCCCCC(Br)CO,0.15848042,0.061044138,0.010016828
LUKIJOMOVGMWEG-VWLOTQADSA-N,O=C1COC2=C([C@@H](O)CNCCN(C(=O)CCNCCC3=CC=C(Cl)C(Cl)=C3)C3CCCCC3)C=CC(O)=C2N1,0.23505068,0.11061069,0.045004133
DVUWABCQLLNADO-UHFFFAOYSA-N,CN1C=C(C2=CN=C(N)C(C3=NC4=CC=C(Cl)C=C4O3)=C2)C=N1,0.3325407,0.16605738,0.11913172
HWYAJWGCCGYCLK-IOSPBWAASA-N,CC1(C)CC[C@]2(C(=O)OCC3=CC=C(Cl)C=C3)CC[C@]3(C)C(=CC[C@@H]4[C@@]5(C)C[C@@H](O)[C@H](O)C(C)(C)[C@@H]5CC[C@@]34C)[C@@H]2C1,0.33531728,0.21309295,0.06331684
IUTBXSWMWCPQMR-IRSUCFPRSA-N,C[C@@H]1C[C@@]2(O)OC[C@@]3(O)[C@@H](O)CC[C@H]4[C@@]23COC(=O)[C@]14CC(O)C1=COC=C1,0.2978864,0.15335438,0.014345388
HUHQVWZHPFGYSN-YTEMWHBBSA-N,O=C(/C=C/C1=NC2=NC=CC=C2N1C1=CC=CC=C1)/C=C/C1=NC2=NC=CC=C2N1C1=CC=CC=C1,0.28415945,0.13701299,0.10634158
SYQYTRMQKJCPNR-YSJJMVFISA-N,O=C1NC(=O)N([C@H]2C[C@H](O)[C@@H](COP3(=O)OCC(O)CO3)O2)C=C1F,0.46808225,0.23396073,0.039538138
MYTIJGWONQOOLC-HNNXBMFYSA-N,C[C@@H](C1=CC=C(C2=CC=CC=C2)C(F)=C1)C1=NOC(NC(=N)N2CCOCC2)=C1,0.2449588,0.15390998,0.07378712
AYTQCCBUFYJHMJ-UHFFFAOYSA-N,CCC12CCCN(CC3=CC=CC=C3)C1C1=C(N(C)C3=CC=CC=C13)CC2,0.27637422,0.40751672,0.059910405
TVXUPVWQHJPWDM-YWFQBWSMSA-N,COC(=O)[C@@H]1CCCN1C(=O)C1=C(C)NC(=S)NC1C1=CC=C(OCCCCCOC2=CC=C(C3NC(=S)NC(C)=C3C(=O)N3CCC[C@H]3C(=O)OC)C=C2OC)C(OC)=C1,0.31596485,0.20669216,0.59724545
CTJDGZKXUNHJET-UHFFFAOYSA-N,COC1CCCN(C(=O)C2=CC=C(OC3CCN(CCC4=CC=CC=C4)CC3)C=C2)C1,0.14785224,0.07089955,0.050290104
CKCQHERWOBKQQV-FXUXZWPMSA-N,CC1(C)CC[C@]2(C(=O)O)CC[C@]3(C)C(=CC[C@@H]4[C@@]5(C)CC6=NC=CN=C6[C@@](C)(COC(=O)CCC(=O)O)[C@@H]5CC[C@@]34C)[C@@H]2C1,0.2980555,0.1800989,0.013778637
VHGJUQQIEONLSG-UHFFFAOYSA-N,CN1CCCC(CN2C3=CC=CC=C3SC3=CC=C(C4=CC=CC=C4)C=C23)C1,0.27937073,0.23381443,0.072252974
RISSEPMNTWBCNG-DBYOASNMSA-N,CN1C(=O)[C@H]2[C@@H](C1=O)[C@@H](C1=CC=C(C(F)(F)F)C=C1)N[C@]21CCCN(CC2=CC=C(Br)C=C2)C1=O,0.188815,0.09015672,0.14918958
ZSZBZWYFAFAPGA-YAGSLNJISA-N,C(=N/NC1=CC=CC=N1)\C1=C2C(=C(/C=N/NC3=CC=CC=N3)C3=CC=CC=C13)C=CC=C2,0.24390557,0.46193865,0.21580558
MRINYURMSXQULP-UHFFFAOYSA-N,O=C(NC1=CC(NC2=CC=C3C(=C2)CCC2=CC=C(OCCN4CCOCC4)C=C2C3=O)=CC=C1F)C1=CC=CC=C1,0.35400188,0.12981786,0.1712969
DVKJUNBIBMQUFI-UHFFFAOYSA-N,CC1=C(C(=O)NN2C=NC3=CC=CC=C23)N=C(C2=CC=CO2)S1,0.22977825,0.062321555,0.0997035
BQGFWXFSIJBNLM-UHFFFAOYSA-N,CC1=C(NC2=CC=C(Br)C=C2F)C(C(=O)NOCC2CC2)=CN(C)C1=O,0.22292374,0.05441518,0.08889863
RKPNNJPSLDDPFP-XDQQEHFWSA-N,CC(=O)O[C@H]1CC[C@@]2(C)[C@@H](CC[C@]3(C)[C@@H]2CC=C2[C@@H]4[C@@H](C)[C@H](C)CC[C@]4(C(=O)N4C=CN=C4)CC[C@@]32C)C1(C)C,0.28789163,0.16598468,0.018375516
LALOOTNMMWQYOG-UHFFFAOYSA-N,O=C(O)C1=C(C2C(=O)NCCCCCCCCCCCCCC(=O)N2CC2=CC=C(Cl)C=C2Cl)C2=CC=C(Cl)C=C2N1,0.2987023,0.15714844,0.075743884
QQHCMSOAGSGJIX-QGQOMJOASA-N,COC1=CC=C(CCN(C(=O)NCC2=CC=CC=C2)[C@@H](CC2=CC=CC=C2)C(=O)N[C@@H](CC(N)=O)[C@@H]2O[C@H]3OC(C)(C)O[C@H]3[C@@H]2OC)C=C1,0.19217187,0.0662376,0.11777628
SAPQBYOLPXMHJL-UHFFFAOYSA-N,CN1CCC(=C2C3=CC=CC=C3C3=CC=CC=C23)CC1,0.16359867,0.054907657,0.06639534
RFJVNPLNWMVQAZ-ZLDPOVOCSA-N,CCOC(=O)CC(=O)CSC(=S)O[C@H]1CC[C@@]2(C)[C@@H](CC[C@@H]3[C@@H]2CC[C@@]2(C)[C@H]3CC[C@@H]2[C@H](C)CCCC(C)C)C1,0.3073906,0.072940014,0.03370808
AOQSILHFKQNLII-YSSHQLGOSA-N,NC1=NC(N/N=C/C2=CC=CN2)=NC2=C1N=CN2[C@@H]1O[C@H](CO)[C@@H](O)[C@H]1O,0.29708767,0.12356057,0.015349825
JGLOGDIUSBZLOV-UHFFFAOYSA-N,CC(C)(C)C(NC(=O)C(CCCC1=CC=CC=C1)CC(=O)NO)C(=O)NC1=CC=CC=C1,0.13293079,0.020673946,0.2149868
BCHJMPOZLHGFCQ-UHFFFAOYSA-N,COC1=CC=C(NC(=O)CN2C(=O)C3=CC=CN=C3SC3=CC=CC=C23)C=C1OC,0.24630095,0.06710023,0.15407617
CSSADNGLQFHWFP-UHFFFAOYSA-N,COC1=CC=C(N(C)C(=O)C2CCCN2S(=O)(=O)C2=CC=CC3=NSN=C23)C=C1,0.12495536,0.03234189,0.22159699
VFWDGPGEEXHKEO-XZMKWJKUSA-N,COC(=O)[C@]12CCC(C)(C)C[C@H]1C1=CC[C@@H]3[C@@]4(C)C[C@@H]5C(=NN[C@H]5C5=CC=CC=C5)C(C)(C)[C@@H]4CC[C@@]3(C)[C@]1(C)CC2,0.38810626,0.1861938,0.066927
PQQIGLGAWBKHRP-NQAVQENRSA-N,COC1=CC=C(C2=CN=C([C@H]3[C@@H](C4=CC=C(Cl)C=C4)C[C@@H]4CC[C@H]3N4C)S2)C=C1,0.29483777,0.2048071,0.19360287
IWJLSQVXLFJXOP-UHFFFAOYSA-N,O=C(COC(=O)C1=CC=C(O)C=C1)NC1=CC=C2C(=C1)OCO2,0.10803133,0.012277038,0.04956214
HGKRKEGJRHJYDG-WCENMHOUSA-N,C=C(C)[C@@H]1CC[C@]2(CNCCN3CCC(F)(F)CC3)CC[C@]3(C)[C@H](CC[C@@H]4[C@@]5(C)CC=C(C6=CC=C(C(=O)O)C=C6)C(C)(C)[C@@H]5CC[C@@]34C)[C@@H]12,0.30943766,0.19163783,0.092351645
DVTUCUHCLTYKEX-UHFFFAOYSA-N,CC(C)C1=NC(C2CCCN2CCC2=CC=NC=C2)=NO1,0.183729,0.06948873,0.046182793
QOLRQWAZPYLZEB-UHFFFAOYSA-N,COCCNC(=O)C(C1=CC=C(F)C=C1)N(CC1=CC=CC=C1)C(=O)CCC(=O)NC1=NC=CS1,0.2187909,0.039379068,0.24852078
IQWWUNJOXUWQHK-UHFFFAOYSA-N,CC(C)COC1=NC(C(=O)NC2=CC=C(C(=O)O)N=C2OCC(C)C)=CC=C1N,0.13921525,0.09279352,0.034111556
IQBXYHKRGWPSAY-CNORLSDQSA-N,C=CC1=C[N+]2=C(C(O)=C1C[C@H]1C3=C(C4=CC=CC=C4N3)CCN1C)C1=C(C3=CC=C(O)C([C@H]4CCCN4C)=C3N1)CC2.[Cl-],0.43866026,0.5376741,0.32820794
HBQPFEZZFCYPNX-UHFFFAOYSA-N,CC1CC2=C(CCC3=CC=C(C4=CC=CC=C4)C=N3)C=CC3=C2C(=C(CC(C)(C)CC2=NN=NN2)N3CC2=CC=C(Cl)C=C2)S1,0.2892895,0.2641311,0.3922068
LROYLZZPNSRGAA-UHFFFAOYSA-N,O=C(O)COC1=CC=C(Cl)C=C1C#CC1=CC=CC(Cl)=C1,0.1562508,0.028687906,0.045845054
QIXJAFUXGLJYAI-ZDUSSCGKSA-N,COC1=NNC2=CC(NC(=O)N[C@H]3CCCOC4=CC=CC=C34)=NC=C12,0.25028315,0.07896111,0.05064451
GITNDHUJOBXSCE-AATRIKPKSA-N,CC1=CC=C2OC(C3=C4C(N)=NNC(=O)C4=NN3C3=CC=C(NC(=O)/C=C/CN(C)C)C=C3)=C(C)C2=C1,0.24264586,0.17047319,0.2830175
KOIISDSKMAUNGJ-GSZYCOFVSA-N,CC1(C)CC2=NC(C3CCN(C4=NC=C(N5CC[C@H](O)C5)C=N4)CC3)=C([C@@H](F)C3=CC=C(C(F)(F)F)C=C3)C(C3CCC(F)(F)CC3)=C2[C@@H](O)C1,0.34035602,0.3341355,0.3359091
KNCGAFJEHZHQTR-YTFSRNRJSA-N,CCC(CC)O[C@@H]1C=C(C(=O)NCC2=CN(CC3=CC=CC=C3F)N=N2)C[C@H](N)[C@H]1NC(C)=O,0.17651461,0.025786573,0.030286642
AUZMMBWDROORIR-UHFFFAOYSA-N,CCCCCCN(C(=O)CCCCCN1C(=O)NC(C2CCCCC2)C(C(=O)OCC2=CC=CC=C2)=C1C)C(C(=O)NCCCC)C1=CC=C(OCC(=O)OC)C(C(=O)OC)=C1,0.30992058,0.17166054,0.16532822
ZHBXWMQPYRDVIG-MRVPVSSYSA-N,C[C@H](C1=CC=C(Cl)C=C1)N1C(CCN)=NNC1=O,0.14574073,0.025278963,0.020818613
GMKNHXQGYSEWKJ-OWZKRDHZSA-N,COC1=CC(C(=O)N[C@H]2C[C@@H]3CCC[C@H](C2)N3CC2=NC3=C(C)C=CC=C3S2)=CC(OC)=C1OC,0.23276204,0.17922075,0.083281875
DHXRVACQELJOKP-UHFFFAOYSA-N,O=C(O)C1=CC=C2C(=C1NC1=CC=CC3=C1C(=O)C1=CC=CC=C1C3=O)C(=O)C1=CC=CC=C1C2=O,0.20611343,0.0831542,0.68210214
YCNCKRICIJRLJN-JWIVBDBNSA-N,CO[C@H]1CC[C@H](NC(=O)NC23CC4CC(CC(C4)C2)C3)CC1,0.11641337,0.03134785,0.013778637
XILSMSISXMCKEO-UHFFFAOYSA-N,CCCCN(CCCC)CC(O)COC1=C(Br)C=C(C(C)(C)C2=CC(Br)=C(OCC(O)CN(CCCC)CCCC)C(Br)=C2)C=C1Br,0.20018671,0.51053977,0.1810086
ZRDXHRIXOKLFJE-UHFFFAOYSA-N,CC(C)(C)NCC(=O)N1N=CCC1C#N,0.1033233,0.0018790315,0.010016828
SCNPNBGMTVLCGU-UHFFFAOYSA-N,CCCOC1=NC2=C(C(=O)N(C)C(=O)N2C)N1CCCCN1CCN(C2=CC=CC=C2OC)CC1,0.2028142,0.07366727,0.19230105
FRZZZMXPCYANGO-COCIYFACSA-N,COC(=O)[C@@]1(C)CC[C@]2(C)CC[C@]3(C)C(=CC(=O)[C@@H]4[C@@]5(C)C=C(C#N)C(=O)C(C)(C)[C@@H]5CC[C@@]34C)[C@@H]2C1,0.19437827,0.20050693,0.010016828
FBQCDJRSCUVUFL-FGTMMUONSA-N,CCCCCCCCCCCCCC[C@@H]1OC[C@@H](N)[C@H]1O,0.14393517,0.11747729,0.010016828
GYGHRDCOOGMQIQ-UHFFFAOYSA-N,CC(C)NC(=O)C1=NC2=C(S1)CCCN2C(C)C,0.16372469,0.0052016866,0.011841822
LYFVNBVFJKZHQF-UHFFFAOYSA-N,CN(CCOC(=O)CCCCCC(=O)OCCN(C)CCN1N=C2C3=C(C=CC=C13)C(=O)C1C(Cl)=CC=CC21)CCN1N=C2C3=C(C=CC=C13)C(=O)C1=C(Cl)C=CC=C21,0.3290003,0.17754449,0.48782548
BOWMCSHKWFSTMZ-UHFFFAOYSA-N,C1=CC=C(CN2C(NCC3=CC=CC=N3)=NC3=CC=CC=C23)C=C1,0.2308435,0.09365401,0.04020025
RJWDKFVKUFSHHU-BVXKYASOSA-N,CC(C)CCOC1=CC=C2C=CC=CC2=C1C1=C2C(=CC=C1OCC1=CN([C@H](CCCCN)C(=O)N[C@H](CCCNC(=N)N)CN3C=C(CC4CCCCC4)N=N3)N=N1)C=CC=C2,0.2795946,0.22474204,0.17300192
WMFXCDGQRHJFKL-UHFFFAOYSA-N,FC1=CC=CC2=NC=CC=C12,0.29115164,0.32121015,0.124242246
ZVILMVHKESPEGG-UHFFFAOYSA-N,NC1=C(C(=O)C2=C(C3=CC=CC=C3)NC3=CC=CC=C23)C(C2=CC=CC3=CC=CC=C23)=C(C(=O)C2=CC=CC=C2)N1,0.20160249,0.14775302,0.33266225
SFXMYMSDJIHTJB-SKNMHBRKSA-N,CN1C(=O)N[C@H]2[C@@H]3NC(=O)C4=CC=C(C(F)F)N4[C@@H]3C[C@@]12O,0.21172662,0.061146803,0.014307782
DONNNCWYMRHMFB-UHFFFAOYSA-N,O=C(NNC(=S)NC1=CC=C([N+](=O)[O-])C=C1Cl)C1=CC(C23CC4CC(CC(C4)C2)C3)=C2C=CC=CC2=N1,0.33798835,0.12465159,0.08886847
WPFPRHHIOMBJJG-UHFFFAOYSA-N,CCCSC1=NC(N2CCOCC2)=C2NC(=O)C(=O)N(CC3=CC=CC=C3)C2=N1,0.1826745,0.1343794,0.037796367
YLSBFWITBROPHV-UHFFFAOYSA-N,CC1(C)CC2=CC=CC=C2C2=C1C(=O)N1C(=N2)SCCC1,0.20852865,0.014782027,0.026456865
DAGOKHXMUGNERH-NNEARDRISA-N,CCCC(=O)O[C@@H]1C[C@@]2(C)[C@@H](CC[C@]3(C)[C@@H]2CC=C2[C@@H]4[C@@H](C)[C@H](C)CC[C@]4(C(=O)O)CC[C@@]32C)C(C)(C)[C@H]1OC(=O)CCC,0.2935699,0.20184928,0.014486292
HZRQQSCPAZVZIA-LFLXKQNJSA-N,CN(C)C(=O)OC[C@H]1OC(N2C=NC3=C(NC4CCOC4)N=CN=C23)[C@H](O)[C@@H]1O,0.23259151,0.015800783,0.013227663
OYDWKTMGXYUBEX-DLCBQEQYSA-N,CC1(C)CC[C@@]23CC[C@]4(C)[C@](OC2=O)([C@H](F)C[C@@H]2[C@@]5(C)C/C(=C\C6=CC=CC=C6)C(=O)C(C)(C)[C@@H]5CC[C@@]42C)[C@@H]3C1,0.26076967,0.16670048,0.044058096
QFKDNJPFVHFPKJ-PZKSMFSISA-N,CC1(C)CC[C@]2(COC(=O)CCCCC(=O)OCC3=CC=CC=C3)CC[C@]3(C)C(=CC[C@@H]4[C@@]5(C)CCC(=O)C(C)(C)[C@@H]5CC[C@@]34C)[C@@H]2C1,0.3027993,0.1849015,0.03406338
KOTAQXKIRQIPRZ-SFHVURJKSA-N,CC(C)=CCN1C(N2CCC[C@H](N)C2)=C(C#N)C2=C1C(=O)N(CC1=CN=C3C=CC=CC3=N1)C(=O)N2C,0.28147054,0.13993408,0.056101117
KCFGEAZQXHDKHT-XVVMYKDKSA-N,COC1=CC2=C(OC=C(C3=CC(OC)=C4C(=C3OC)OCO4)C2=O)C=C1OCCCCCC(=O)NCCCCCCNC(=O)CCCC[C@@H]1SC[C@@H]2NC(=O)N[C@H]12,0.34130836,0.13173601,0.15530837
CVJRDTQAGPSJHS-DEOSSOPVSA-N,COC1=CC=CC=C1OC[C@@H](O)CN1CCC(=C2C3=CC=C(Cl)C=C3CCC3=CC=CN=C23)CC1,0.28462866,0.31511575,0.115773514
VDLUOIBGAMBGGI-SKKKGAJSSA-N,CC(C)C[C@@H](NC(=O)[C@@H](CC1=CC=CC=C1)NC(=O)[C@H](N)CC1=CC=CC=C1)C(=O)N[C@H](CCCCN)C(=O)N1CCC2(CC1)NC(=O)NC2=O,0.2723712,0.07319614,0.11658423
QRYQXJHGHVRNDY-ZDUSSCGKSA-N,CCNCC1=CC=CC(CN2N=NC(C3=C(C[C@H](N)C(=O)O)C(O)=NO3)=N2)=C1,0.17731781,0.039346874,0.027017107
LCDXAYPKYBTGOI-UHFFFAOYSA-N,CC1=NC2=CC=CC=C2C(=O)N1NCC(=O)NN,0.12532583,0.037258253,0.023660302
QQZFPVUEXCTKSA-UHFFFAOYSA-N,CCN(CC)C1=CC=C(NC2=NC(NC3=CC=CC=C3)=C3C=CC=CC3=N2)C=C1,0.43834034,0.68138635,0.76737666
XEIMWXWXYYOFBI-BQVMBELUSA-N,CN(C)C(=O)[C@H]1S[C@@H](N2C=NC3=C(NCC4CC4)N=C(Cl)N=C23)[C@H](O)[C@@H]1O,0.29663613,0.026660139,0.013227663
YMJMPVARIFSETB-UHFFFAOYSA-N,CN1N=C(C2=CC=CC=C2)C(C(=O)NC(C(=O)O)C2=CC=CC=C2)=C1Cl,0.2407202,0.033422206,0.10647115
HGDJOQHOGBFBLT-UHFFFAOYSA-N,CCCCN(C)S(=O)(=O)C1=CC=C(C(=O)NC2=NN=C(C3=CC=CO3)O2)C=C1,0.11640586,0.0050805644,0.049694046
WHOHJZPNZXNIGJ-HXSBNSSZSA-N,NC1=NC2=C(N=CN2CC(=O)NCCCC[C@H](N)C(=O)NC[C@H]2O[C@H](O[C@@H]3[C@@H](N)C[C@@H](N)[C@H](O)[C@H]3O)[C@H](N)[C@@H](O)[C@@H]2O)C(=O)N1,0.33891538,0.13444147,0.010016828
GOZSQZBUXXMXNN-UHFFFAOYSA-N,CC(C)N1CCN(C(=O)C2=C(Cl)C=CC=C2Cl)CC1,0.13882655,0.009511084,0.011095089
SBZQPOWZGHEGPU-UHFFFAOYSA-N,COC1=CC=C(C(C2=CC=C3C=CC=NC3=C2O)N2CCOCC2)C=C1,0.19261132,0.1498409,0.043778498
GUAGHTDLIMFQDF-UHFFFAOYSA-N,NC1=CC=C(Cl)C=C1C(=O)C1=CC=CN1,0.14836684,0.018911516,0.022606531
VOCVRWBLHFNXGP-RCOVLWMOSA-N,COC(=O)[C@H]1C[C@@H](C(=O)O)NC2=CC(Br)=CC(Br)=C12,0.23086695,0.018619563,0.013902228
FMHHQKILSQAPJZ-MNCSTQPFSA-N,NC[C@H]1O[C@@H](N2C=C(I)C(=O)NC2=O)[C@@H](O)[C@@H]1O,0.31083652,0.06845352,0.010016828
GWVJHFHTWMTIIN-UHFFFAOYSA-N,COC1=CC=CC(CCNC(=O)CCS(=O)(=O)C2CCCC2)=C1,0.13571079,0.01217295,0.022713857
XBTXEXFVFNLRSA-VMXMFDLUSA-N,CCNC(=O)N[C@@H](CC1=CC=CC=C1)C(=O)N[C@H](C(=O)N[C@@H](C)C(=O)N[C@@H](CC(C)C)C(N)=O)C(C)C,0.23140337,0.082110316,0.036705073
KGXCYNWCPQLEEV-UHFFFAOYSA-N,CNC(=O)C1=C(NC(=O)NC2=CC=CC3=CC=CC=C23)C=C(C(C)(C)C)N1,0.15071562,0.13239427,0.19427752
GZTNEJIHMXGLOJ-UHFFFAOYSA-N,COC1=CC=C(C2=NOC(COC3=CC(C)=C(Br)C(C)=C3)=N2)C=C1OC,0.17495444,0.138702,0.16985704
WVIUOSJLUCTGFK-JUJPXXQGSA-N,CC(=O)C1=CC=CC(N[C@H]2[C@H](N)[C@@](NC(=O)N(C)C)([C@H](C)O)[C@@](C)(O)[C@@]2(O)COC(=O)C2=C(C)C=CC=C2O)=C1,0.2189083,0.0931421,0.07325438
QCFQPLRYJXIOOO-UHFFFAOYSA-N,Cl.N=C(N)C1=CC=C(C2CC3=CC=C(F)C=C3B(O)O2)C=C1OCC1=CC=CN=C1,0.19190411,0.22176479,0.08846093
NHMFOMAFQOAROG-UHFFFAOYSA-N,O=S(=O)(NC1=CC=CC=C1N1CCCCC1)C1=CC=C(F)C=C1,0.10124968,0.08177806,0.060105607
DMBUFRSLDSEFQL-ZJSRAISFSA-N,CC12CCC(C1)C(C)(C)[C@H]2NC(=O)C1=NN2C(=C1)C1=CC=CN=C1C=C2C1=CC=C(Cl)C=C1Cl,0.35330978,0.13568664,0.24992517
NOTLGMDYQMIWNO-RZNKELFPSA-N,C[C@@H]1[C@H]2C3=CC[C@@H]4[C@@]5(C)CC[C@H](O)C(C)(C)[C@@H]5CC[C@@]4(C)[C@]3(CC(=O)/C=C\C3=CC=C(O)C=C3)CC[C@@]2(C(=O)O)CC[C@H]1C,0.29942206,0.112494655,0.051985793
QKLKJIIMFGNXDZ-UHFFFAOYSA-N,CC1=CC(C(=O)N(CC(=O)O)CC(C)C)=CC=C1F,0.122370124,0.0022558582,0.018081278
VXQPRRASCRGURZ-ZHACJKMWSA-N,O=C(/C=C/C1=CC=C(CNC2CC2C2=CC=CC=C2)C=C1)NO,0.19249195,0.01596438,0.04610084
WAEABOZTQFYRIS-LNAIMLTRSA-N,CCCCCCCCCCCCCCC/C=C(/CCCCCCCCCCCCCC)CNCCCNCCCNCCCCNCCCNCCCNC/C(=C\CCCCCCCCCCCCCCC)CCCCCCCCCCCCCC,0.2872778,0.17232385,0.010337481
GGPWWEAGMSDXFA-YCPBAFNGSA-N,CO/N=C/C1=C(N)N=CN=C1NC1=CC=C(OCC2=CC=CC(F)=C2)C(Cl)=C1,0.31990254,0.16055144,0.07316373
XTRKMZUNMCCXEL-RYIAXXFLSA-N,CC1(C)CC[C@]2(C(=O)OCC3=CC=CC=C3)CC[C@]3(C)C(=CCC4[C@@]5(C)CC/C(=N\O)C(C)(C)C5CC[C@@]34C)[C@@H]2C1,0.32782087,0.19136374,0.06553773
ULABSVFYLBLJPX-WNNLDBTCSA-N,C(=C/C1=CC=CC=C1)\C(=N/NC1=NC(C2=CC=CC=C2)=CS1)C1=CC=CC=C1,0.2779812,0.12582016,0.1284485
ZOLHTIXDWSGWAP-UHFFFAOYSA-N,COC1=CC=C(S(=O)(=O)NC2=CC=C(N3C=CC=C3)C=C2)C=C1,0.055628467,0.041062884,0.15339541
BPBPGISDBXHFEU-UHFFFAOYSA-N,COCCOC1=CC=C(C2=CC=C(C3=CSC(NC(=O)C4CC4)=N3)C=C2)C=N1,0.3482749,0.062400773,0.13628872
SWXSSOGZPFGPRP-ZSOIEALJSA-N,O=C1N/C(=N\C2=NN=C(C3=CC=C(Cl)C=C3)S2)S/C1=C\C1=C(F)C=CC=C1Cl,0.33059204,0.114063084,0.14320825
AQASRZOCERRGBL-CYZZXXEPSA-N,COC1=CC2=C(C=C1OC)C(CC1=CC=C(O)C(OC3=CC=C(C[C@H]4C5=CC(OC)=C(OC)C=C5CCN4C)C=C3)=C1)N(C)CC2,0.25630623,0.23310168,0.44443956
UDELBTXIKBYEGJ-UHFFFAOYSA-N,CCCCN1C(SCN2N=NC3=CC=CC=C3C2=O)=NC2=CC(S(N)(=O)=O)=CC=C12,0.2378892,0.07434343,0.05471436
BLBCKIXYPSMVJM-UHFFFAOYSA-N,CC1=CC2CC3=NC4=CC(Cl)=CC=C4C(NCCCCCCCNC4=C5C(=NC6=CC(Cl)=CC=C46)CCCC5)=C3C(C1)C2.Cl.Cl.Cl.Cl,0.3802932,0.49325186,0.32275492
KXBCOYPJDWNGLS-RMKBEBRYSA-N,C[C@H]1C2=C(C=C(F)C(C3=CC=CC4=C3NC=C4Cl)=C2F)NC(C)(C)[C@@H]1OC(=O)NC1=CC=C(C#N)C=C1,0.31070763,0.14847964,0.16737527
QZSUJNOHDKVIQZ-UHFFFAOYSA-N,O=C1OC2=CC=CC=C2C2=NN(CN3CCN(S(=O)(=O)CCCl)CC3)C=C12,0.2368547,0.072159104,0.072445214
SSRPOTWODWIGHO-UHFFFAOYSA-N,CC1CN(C)C(C)(C)CC1(O)C1=CC=CC=C1,0.17728122,0.06594831,0.024218556
PADDBNBWCSSZHO-NTCAYCPXSA-N,CC1CC2=C(N=C(S)NC2C2=CC=CC=C2F)/C(=C/C2=CC=CC=C2F)C1,0.28657338,0.20042709,0.089673534
DFOUHOBFXZOKEC-STGMVKKESA-N,CC1(C)CC[C@]2(C(=O)OCC3=CC=C([N+](=O)[O-])C=C3)CC[C@]3(C)C(=CC[C@@H]4[C@@]5(C)CC[C@H](O)[C@@](C)(CO)[C@@H]5CC[C@@]34C)[C@@H]2C1,0.28532112,0.1963092,0.031615965
DIOLHJHGLRZXLF-UHFFFAOYSA-N,O=C(CCCC1=CC=CC=C1)NC1CCCCNC1=O,0.12330988,0.00885723,0.056577954
SKGVHNMPEWEBOS-TUWYENAFSA-N,CC1=CC2=C(N([C@@H]3CC[C@@]4(C)C(=CC[C@H]5[C@@H]6C[C@@H]7O[C@]8(CC[C@@H](C)CO8)[C@@H](C)[C@@H]7[C@@]6(C)CC[C@H]45)C3)C=N2)C=C1C,0.36347917,0.23525175,0.095794216
RXQJLPBOOIUIGP-UHFFFAOYSA-N,COC1=CC=C(NC2=NC=NC3=CC=C(NC(=O)NC4=CC=C(C(C)=O)C=C4)C=C23)C=C1OC,0.30550167,0.13660474,0.5161895
DEPLFMURKSPINA-UHFFFAOYSA-N,O=C1C2=C(O)C=CC=C2C(=O)C2=C1C(O)=CC1=C2SC(N2CCCC(O)C2)=N1,0.16205063,0.10557412,0.035394706
ZGYTXQNJBNXQPJ-UHFFFAOYSA-N,CC1=CC=CC(C(=O)NNC(=O)C2=CC=C(Cl)C=C2)=C1O,0.11669219,0.033858236,0.082065955
DCZBYYLLMNVUMF-QWRGUYRKSA-N,O=C(CCC1=CC=NC=C1)N1C[C@H](O)[C@@H](O)C1,0.06535688,0.043967586,0.024303354
ZKVQYSXDKQXNEC-YWBMEHEWSA-N,CCCCCCCC/C=C\CCCCCCCC(=O)O[C@H](COC(=O)CCCCCCCC1CC1CCCCCCCC)CO[C@@H]1O[C@H](CO)[C@@H](O)[C@H](O)[C@H]1O,0.3344138,0.10002728,0.010016828
VINVEDIMERRNIY-NBVRZTHBSA-N,CCOC(=O)CC1=NC2=C(OCC3=C(C)C=CC(N(C)C(=O)CNC(=O)/C=C/C4=CC=C(C(=O)NC)C=C4)=C3C)C=CC=C2N1C,0.2883629,0.19236627,0.4243991
NQYWPEYUYIJTTM-UHFFFAOYSA-N,CC(=O)C1=CC=C(NC(=O)CSC2=NN3C(=NN=C3C3=CC=CC=N3)C=C2)C=C1,0.26586655,0.03315881,0.14909354
DIWBFIPASCHOPF-IRXDYDNUSA-N,CN1C[C@@H]2C[C@H]1CN2C1=C(F)C(F)=C(C2=CC=NC3=C(C4=C5C(=CC=C4)NN=C5)C(C4=CC=NC=C4)=NN23)C(F)=C1F,0.40327886,0.37392548,0.42290622
JTTVRYLZSDQOTN-UHFFFAOYSA-N,NC1=NC2=NN(CCC3=C(Br)C=C(Br)C=C3Br)C=C2C2=NC(C3=CC=CO3)=NN12,0.36655712,0.29103237,0.053959463
ANOLSLMNCAWEPA-UHFFFAOYSA-N,N#CCCN(CC1=CC=CS1)S(=O)(=O)C1=CC=C(C(F)(F)F)C=C1,0.1512858,0.06353075,0.32086918
GSYQNAMOFFWAPF-REPVILDYSA-N,C[N+]1([O-])C2CC(OC(=O)[C@H](CO)C3=CC=CC=C3)CC1C1OC21,0.18375267,0.08218326,0.024178106
KZAPMFXANJFWBO-GCABQENYSA-N,CC1=CC(C)=C(C2=NOC([C@H](C)O/N=C\[C@@H](C)[C@H](OCC3=CC=CC=C3)C(C)C)=C2)C(C)=C1,0.29135063,0.21275967,0.16070515
CZGPKUPKENWLBS-UHFFFAOYSA-N,CC(=O)NC(CC(=O)N(C)CC1=CC=CC(Cl)=C1Cl)C1=CC=CC=C1,0.061007325,0.021519314,0.056705814
VLFTVEPUBBHNFL-UHFFFAOYSA-N,CC1=NC(NC(=O)C2=NN(C3=CC=C(F)C=C3C)C=C2O)=NN1,0.26269948,0.044459403,0.05164585
MNPGLCAYZJWXPV-GRSHGNNSSA-N,CC1=CC=C2C(/C=C3\OC4=C(C=CC(O)=C4CN4CCNCC4)C3=O)=CNC2=N1,0.22979303,0.22448315,0.09847936
QCTFXEHRMYZPIL-UHFFFAOYSA-N,O=C(O)C1=CC(C2=CSN=N2)=CC=C1O,0.085437715,0.021788217,0.031291235
MKVABRGOGIJGLS-UHFFFAOYSA-N,NC(=O)C1=CC=C(C(=O)NCCC(O)C(F)(F)F)C=N1,0.106832504,0.007622448,0.010837642
IKNTWPJYFRAVKC-UHFFFAOYSA-N,CC1=NN(C)C=C1C(=O)N1CCC2(CC1)CC2CNC(=O)N1CC2=CC=NC=C2C1,0.17571993,0.017482908,0.024804965
HOSIPFDBMORRGG-HNNQXCQYSA-N,COC[C@@H](C)N1C(C2=CN=C(OC)N=C2OC)=NC2=C1C(C1=CC=C(Cl)C=C1)N(C1=CC=CC(Cl)=C1F)C2=O,0.29987258,0.14713857,0.3667009
JRTCXMYERZNBFK-UHFFFAOYSA-N,CCOC1=CC=CC=C1C1=NC(CN2CCCCC2C)=CO1,0.20923012,0.07010071,0.018631777
ASPSMCUZLBACML-UAEWVDQRSA-N,COC(=O)[C@H](CC(C)C)NC(=O)[C@]12CCC(C)(C)C[C@H]1C1=CC[C@@H]3[C@@]4(C)CC5=NC=CN=C5C(C)(C)[C@@H]4CC[C@@]3(C)[C@]1(C)CC2,0.30052754,0.17674114,0.013778637
WUMCAEVLFYSGKO-UTKFAANNSA-N,COC1=CC(C2=CC=C(COC3=CC=C4C(=C3F)[C@]3(CCC4)C[C@H]3C(=O)O)C=C2[C@@H]2CCCC2(C)C)=C(F)C=N1,0.28081772,0.19361417,0.15572084
CRQOWAZCIOJPQP-UHFFFAOYSA-N,COC1=CC=C(C2=C(NC3=CC=NO3)NC3=C(C4=CC=CC=C4)C(C4=CC=CC=C4)=NN3C2=O)C=C1,0.25008026,0.12592347,0.13771878
FOFBSKVVLYSISQ-UHFFFAOYSA-N,NC1=NC(O)=C2N=CN(CC3=CC=CC(CSCP(=O)(O)O)=C3)C2=N1,0.22827601,0.11939653,0.023728395
NUDHJGFJRMQEFH-XRJRIUJQSA-N,COC1=CC(=O)C2=C(O)C3=C(C(O)=C2C1=O)C(=O)[C@]1(CCC2=C1C(O)=C1C(O)=NC(/C=C/C4=CSC(N)=N4)=CC1=C2Br)C3=O,0.28333285,0.15467761,0.051149644
IFCHWWWWIQRULP-UHFFFAOYSA-N,O=C1C=C(NCCN2CCOCC2)C(=O)C2=CN=CC=C12,0.20361377,0.047442008,0.04466938
JJAGNYYMNCBVTP-UHFFFAOYSA-N,CC1=NC2=CC=CC=C2N1C1CC2CCC(C1)N2CCC1(C2=CC=CC(F)=C2)CCN(C(=O)C2=CC(NS(C)(=O)=O)=C(F)C=C2F)CC1,0.31251726,0.1822704,0.15183584
IHEGSNMYCAPYBG-QYVSTXNMSA-N,NC1=NC=NC2=C1N=CN2[C@@H]1O[C@H](COP(=O)(O)OP(=O)(O)OP(=O)(O)C(F)(F)CCCC(F)(F)P(=O)(O)O)[C@@H](O)[C@H]1O,0.21412091,0.12613194,0.010016828
DXHUAQFMQWIMBW-SVANQLSFSA-N,CC1(C)C2CC[C@@](C)(C2)C1NC(=O)C1=NN(C2=CC=C(Cl)C=C2Cl)C2=C1CC1=CC(C3CC3)=CC=C21,0.29636845,0.13040271,0.19712825
AEIAAWBDOUMTLX-HYUGZUBYSA-N,CC1=CC=CC(F)=C1COC(C1=CC=C([C@]2(S(=O)(=O)C3=CC=C(F)C=C3)CCN(C(=O)[C@H]3CC[C@H](C(=O)O)CC3)C2)C=C1)(C(F)(F)F)C(F)(F)F,0.2897886,0.058770843,0.21316749
JFTKXFOYGWBLIJ-RMIXPHLWSA-N,CC[C@H](C)[C@H](NC(=O)[C@H](CCCNC(=N)N)NC(=O)[C@@H]1CCCN1C(=O)[C@H](CCCCN)NC(=O)[C@H](CC(C)C)NC(=O)[C@@H](N)CCCCN)C(=O)O,0.30175754,0.15206726,0.013227663
YKVBGMCULHULJZ-UHFFFAOYSA-N,CC1=CC=C(NC(=O)CNS(=O)(=O)C2=CC=CC([N+](=O)[O-])=C2)C(C)=C1,0.12054367,0.006059325,0.23585348
RAJWECONQHKNMP-ZBJSNUHESA-N,CCOS(=O)(=O)/C=C/C1=CC=C(OCCCCNC2=NC(C3=CC=CC=C3)=C(C3=CC=CC=C3)S2)C=C1,0.25524002,0.05650546,0.1904946
YNXCCBOIZIMKBZ-UHFFFAOYSA-N,[N-]=[N+]=NC(C1=CN(C2CC(O)C(CO)O2)C(=O)NC1=O)C(I)I,0.27839383,0.03504466,0.010016828
KNKPZKXWLYVSQQ-UHFFFAOYSA-N,ClC1=CC=C2C(=C1)C(C1=CC=CC=C1)=NCC1=NN=C(N3CCN(C4=CC=CC=C4)CC3)N21,0.24342017,0.16494155,0.21760617
ITYKRPLFDVLVSW-UHFFFAOYSA-N,O=C(CSC1=NC=NC2=C1C=NN2C1=CC=CC=C1)NC1=CC(C2CC2)=NN1C1=CC=CC=C1,0.14723748,0.16285285,0.100155674
NIHJLLRQVKJRSV-BUHFOSPRSA-N,CCCCN(C)/N=N/C1=CC=C(C(=O)O)C=C1,0.118081614,0.019415239,0.0227431
OCZUPEYJZNWTBK-HWKANZROSA-N,COC1=CC(=O)OC(/C=C/C2=CC=C(OC)C(O)=C2)=C1,0.20021309,0.05372201,0.024395991
JCUPNLAFFONMHM-TWZJLLKVSA-N,O=C1NC2=CC=C(OC(F)(F)F)C=C2[C@@]12N[C@H](CC1=CNC3=CC=CC=C13)[C@@H]([N+](=O)[O-])[C@@H]2C1=CC=C(Cl)C=C1,0.2799764,0.11596604,0.12395704
NICDQAITWQJICK-UHFFFAOYSA-N,COC(=O)CNC(=O)CCCC1=CC=C(OCCCNC(C)=O)C(CCCC(C)C)=C1,0.18089096,0.01158833,0.034729414
KSUPQBHTFDUVAZ-UHFFFAOYSA-N,COC1=CC=CC=C1NC(=O)CCCCCCC(=O)NC1=CC=CC=C1,0.10623126,0.0030211934,0.06662119
UOHXBHAGQKAXOP-WLXNERRASA-N,C[C@@H]1[C@H]2C3=CC[C@@H]4[C@@]5(C)CC[C@H](O)C(C)(C)[C@@H]5CC[C@@]4(C)[C@]3(C)CC[C@@]2(C(=O)OCCCCN2CCCC2)CC[C@H]1C,0.28170547,0.17606954,0.013778637
YCZKKAACHGXNQZ-UHFFFAOYSA-N,CC1(C)CNC(=O)C2(CCCO2)CNC(C)(C)CNC(=O)C2(CCCO2)CN1,0.17449324,0.08888918,0.013778637
WSNOTOOAAHPYDR-UHFFFAOYSA-N,CNC1=C([N+](=O)[O-])C(C2=CC=C(N3CCN(C4=CC=NC5=CC(Cl)=CC=C45)CC3)C=C2)C2=C(C=O)C(C)=CC(Cl)=C2O1,0.41552284,0.33492762,0.5219478
DBBPIJZZBFBDRE-XFXZXTDPSA-N,O=C1NC(=O)/C(=C/C2=CC=C(N3CCCC3)C=C2)N1,0.1471868,0.012091434,0.030149844
WRTKUBDGKZTJTN-HNNXBMFYSA-N,CCN(C(=O)C1=CC(C)=CC=C1N1N=CC=N1)[C@@H](C)CC1=NOC(C2=CC=C(F)C=N2)=N1,0.25409156,0.16801862,0.046417408
MHLVGIATUHYZSI-JBVVLUOHSA-N,C[C@@H]1[C@H]2C3=CC[C@@H]4[C@@]5(C)CCC(=O)C(C)(C)[C@@H]5CC[C@@]4(C)[C@]3(C)CC[C@@]2(C(=O)OCC2=CN(C3=CC=CC=C3F)N=N2)CC[C@H]1C,0.3066505,0.14228511,0.039909936
HDQUHFUKOLUUHO-UHFFFAOYSA-N,COC1=CC=CC=C1CN1CC(C(=O)N2CCC(OC)CC2)CCC1=O,0.14059706,0.01977759,0.01951069
KEZCCMZQRAUQIU-UHFFFAOYSA-N,O=C(NC1=CC=CC=C1)N1CCSCC1,0.074631944,0.013173244,0.019703511
QDAPSNHOGORDJA-UHFFFAOYSA-N,NC1=CC=C2N=CN(C3=CC=CC=C3)C2=C1,0.24702065,0.1265907,0.04934686
KIWHEMMIQQDQGP-UHFFFAOYSA-N,COC1=CC=C(N2C(=O)C(C(=O)NC3=CC=C(OC4=CC=NC5=CC(OCCCN6CCOCC6)=C(OC)C=C45)C(F)=C3)=CC3=CC=CN=C23)C=C1,0.3274759,0.29146412,0.5047023
OQRPSTQHNDIGLH-UHFFFAOYSA-N,O=C(CN1C2=CC=CC=C2C2=NC3=CC=CC=C3N=C12)OCCN1CCCCC1,0.3309532,0.1857254,0.12513666
HXRQZCLRSJMHTR-KRWDZBQOSA-N,COC1=CC=CC2=C1CCC[C@H]2CN(C)CCC1=CC=C2OC=NC2=C1,0.2686094,0.21199344,0.08382456
CPSMBILYGPIPPN-UHFFFAOYSA-N,CC(=O)C1=CC=C(S(=O)(=O)N2CCN(C)CC2)C=C1,0.06337002,0.0038047633,0.062296
GLEPHKNYEJWVQV-ISIPFDSVSA-N,COC[C@H](NC(=O)[C@H](CC(C)C)NC(=O)[C@H](CC1=CC=CC=C1)N=[N+]=[N-])C(=O)N[C@H](/C=C/S(C)(=O)=O)CC1=CC=C(CN)C=C1,0.29003036,0.03940226,0.24701495
CPPVATBLPQLJSW-QRCISCNUSA-N,C[C@H]1C2CC3=CC=C(O)C=C3[C@@]1(C)CCN2CCC(=O)O,0.13830025,0.009724892,0.011095089
FRWGISBSKMFIAA-AWZDDDOZSA-N,CC(C)=CC[C@H]1C[C@]23C[C@H]4C(C)(C)C5=CC=CC=C5C(=O)[C@]45C(=O)[C@](CC=C(C)C)(C2=O)[C@@H](CC=C(C)C)[C@@]1(C)[C@@]35O,0.2912786,0.14129035,0.039244294
CFYQTIXHAQJLPJ-UHFFFAOYSA-N,CCC(=O)N(C)CC1OC(OC2C(N)CC(N)C(OC3OC(CN)C(O)C(O)C3N)C2O)C(O)C(N)C1O,0.33068645,0.067328155,0.010016828
MSLKKPWBIVHLOK-UHFFFAOYSA-N,O=C(NCCS(=O)(=O)NCC1CCCO1)C1=CC=CC=C1,0.07757426,0.008874095,0.031649843
RZKGQTCQFOIRFO-HKJNTEPFSA-N,C[C@H](NC(=O)[C@@H]1CCCN1C(=O)[C@H](CCCN=C(N)N)NC(=O)[C@@H](NC(=O)[C@H](CO)NC(=O)[C@@H](N)CCC(=O)O)[C@@H](C)O)C(=O)O,0.29242435,0.13921988,0.010016828
ONKLSAJWEIBZRC-UHFFFAOYSA-N,O=C1CCN(CC2=CC=CC=C2)S(=O)(=O)C2=CC=C(C(F)(F)F)C=C12,0.12577398,0.036755804,0.10170298
BEXGOTNIWIFUOJ-NBBPKZIFSA-N,C[C@H](CO)[C@H]1CC[C@H]2[C@H]3[C@H](CC[C@]12C)[C@@]1(C)CC[C@H](NCCCNCCCCNCCCN)C[C@@H]1C[C@H]3N.Cl.Cl.Cl.Cl.Cl,0.30532482,0.30738604,0.024843346
WBZHNJKKIOZEEE-UHFFFAOYSA-N,CC(C)COC1=CC=C(NC(=S)NC2=CC=C(C3=CC=CC=N3)C=C2)C=C1,0.28867733,0.16166241,0.24850596
XDIIRLSMFBFEGH-OCKHKDLRSA-N,CC1=CC(C)=CC(CN2C=C(C(=O)/C=C(\O)C(=O)O)C3=C(O)C=CC=C23)=C1,0.17038892,0.11393927,0.07756413
SFAXIIRLEIWVMY-DYFJFAIHSA-N,CCCCCCCC(=O)SCC/C=C(\F)[C@@H]1CC(=O)NCC2=NC(=CS2)C2=N[C@@](C)(CS2)C(=O)N[C@@H](C(C)C)C(=O)O1,0.3191708,0.11913647,0.02604787
OCWSYQYXBRPLRZ-UHFFFAOYSA-N,CCN(CC)CCCCCCCCOC1=CC2=C(C(=O)C3=C(CC=C(C)C)C(OC)=C(OCCCCCCCCN(CC)CC)C=C3O2)C(O)=C1CC=C(C)C,0.29747057,0.17646858,0.13567725
UJXOQZWFBKYUOT-UHFFFAOYSA-N,CC(C)=CCN1CC2=NC=NC3=C2N(C(O)=N3)CC1C,0.17971998,0.13487571,0.010016828
UKWNPLVBZWDCIL-UHFFFAOYSA-N,O=C(CSC1=NC2=CC=CC=C2S1)NNC(=S)NC1=CC=C(Cl)C=C1,0.28341186,0.05037198,0.06677462
QMZXPLFRIAZTAV-UHFFFAOYSA-N,CCCC1=C(CC2=CC=C(C3=CC=CC=C3C3=NN=NN3)C=C2)C(=O)N(C2CCC3(CC2)OC(C)(C)C(C)(C)O3)C2=NC=NN12,0.32628584,0.16943781,0.22550334
WJFJEDDYGFJHOF-UHFFFAOYSA-P,CC[N+](CC)(CC)CCOC1=CC(OCC[N+](CC)(CC)CC)=C(C(=O)NCCCCCC(=O)NNC2=C3C(=NC4=CC=CC=C24)CCCC3)C=C1OCC[N+](CC)(CC)CC,0.3246174,0.28751922,0.26219302
QPVDWOREWKDUHK-UHFFFAOYSA-N,CC1=CC(O)=C(Cl)C(OC2=C(Cl)C(C)=CC(O)=C2Cl)=C1,0.18152301,0.16392776,0.077616565
SDAYFUZFTFANBB-ZHLYQRTASA-N,O=C(O)C(F)(F)F.O=C(C1=CSC=N1)N1C[C@H]2CCCC(OCC3=CC=CN=C3)[C@H]2C1,0.16813436,0.0044517904,0.02583681
OORYHLUBJDJERQ-UHFFFAOYSA-N,CC1=CC=C(CNC(=O)CCS(=O)(=O)C2=CC=C3N=C(C)SC3=C2)C=C1,0.20378768,0.046217475,0.07711777
RLOIJQIGCDMWFP-RBBKRZOGSA-N,CCC1=NC(OC2=CC=CC=N2)=C(CC)N=C1N[C@@H]1C2=CC=CC=C2C[C@@H]1OCCF,0.31340268,0.16897501,0.069804445
SRUSSDSOIDVONS-UHFFFAOYSA-N,CC(C)CCCC(C)C1CCC2C3CC=C4CC(OCCCCCC(=O)ON5C(=O)CCC5=O)CCC4(C)C3CCC12C,0.28815868,0.059682824,0.013778637
JUFDIKOOORFASQ-WCXSNEHCSA-N,CO[C@H]1/C=C(\C)CC2=C(C(C)=CO2)C(=O)C[C@H](C)C1,0.18420197,0.040643387,0.012595275
HSGDTPCOQOJOQY-UHFFFAOYSA-N,CCCOC1=CC(O)=C2C(=O)C=C(C3=CC=CC=C3)OC2=C1,0.15661882,0.060550768,0.0865704
FEFHBTJJWVARKQ-GZEIJTRMSA-N,CC1(C)[C@H](O)[C@@H]2O[C@@H]2[C@@]2(C)[C@H]1CC[C@]1(C)[C@@H]2CC=C2[C@@H]3C[C@@](C)(C(=O)OCC4=CC=CC=C4)CC[C@]3(C)CC[C@@]12C,0.2999857,0.1766912,0.04241165
SGMLMDAUMINWJT-SNDAAJCPSA-N,CCN(CC)C1=CC=C(/C=N/C2=CC=C(N3C(CC4=CC=CC=C4NC4=C(Cl)C=CC=C4Cl)=NC4=CC=C(Br)C=C4C3=O)C=C2)C(O)=C1,0.3876777,0.21505697,0.2695235
JGMMZCSLMHJXDH-UHFFFAOYSA-N,CC(OCC1=CC=CC=C1)C(=O)NC1CCN(CC(N)=O)CC1,0.11075657,0.03222437,0.02105622
LJSPQDNXFYGYHN-HPGBDJQBSA-N,COC1=NC=C(C2=CC=C(C(=O)O)C=C2Cl)C=C1C1=C(CN2C(=O)O[C@H](C3=CC(C(F)(F)F)=CC(C(F)(F)F)=C3)[C@@H]2C)CC(C)(C)CC1,0.3085072,0.18474461,0.6599492
SBXYJYXTZRSKMK-VUTHCHCSSA-N,O=C1/C(=C/C2=CC=CC([N+](=O)[O-])=C2)CNCC12C(C1=CC=CC([N+](=O)[O-])=C1)C(CC1=CNC3=CC=CC=C13)NC21C2=CC=CC=C2C2N=C3C=CC=CC3=NC12,0.350307,0.20260064,0.42154995
ZEYQTYMPHMKOQR-UHFFFAOYSA-N,COC1=CC(C2(C)NC(=O)N(CC(=O)C3=CC=C(F)C=C3F)C2=O)=CC(OC)=C1OC,0.15935516,0.042321485,0.11128416
VJTOAUNPHPPTJZ-UHFFFAOYSA-N,COC(=O)C(C)(C)C1=CC=CN=C1C#N,0.08748368,0.0021827489,0.010016828
GPFYTSKMQJNKIA-BNOWGMLFSA-N,NC1=NC(=O)N([C@H]2O[C@H](COC(=O)OCC3=CC=CC=C3)[C@@H](O)C2(F)F)C=C1,0.14631343,0.015367388,0.050912924
WJOMDBRZCZPTIC-UHFFFAOYSA-N,COC1=CC=C2N=C3C=C(Cl)C=CC3=C(NCCCN(CCCNC3=C4C(=NC5=CC(Cl)=CC=C35)C=CC(OC)=C4)C(=O)C(C)NC(=O)OCC3C4=CC=CC=C4C4=CC=CC=C34)C2=C1,0.33028188,0.25516176,0.5431032
GJIXUOZRDMDHKV-UHFFFAOYSA-N,C=CCN(C(=O)OCC1=CC=C([N+](=O)[O-])C=C1)C1CCN(CCC(CN2C(CC)=NC3=CC=CC=C23)C2=CC=CC=C2)CC1,0.32235175,0.21440266,0.20317768
SYXZFDGFXLDTIC-UHFFFAOYSA-N,O=[N+]([O-])C1=CC=C(C2=C(C(F)(F)F)NN=C2C2=CC=C(O)C(O)=C2O)C=C1,0.22826928,0.14029692,0.1541072
IKJAOZHKWRAJBQ-UHFFFAOYSA-N,CC1=C(C(=O)C(=O)NCC2=CC=NC=C2)C2=CC=CC=C2N1,0.19670638,0.13673772,0.039117917
GLTNJJBKYALJAN-ALIFXROVSA-N,C#C[C@]1(OC(C)=O)CC[C@H]2[C@@H]3CC=C4C=C(O[C@H]5CC[C@H]6[C@@H]7CCC8=CC(OC(C)OCC)=CC=C8[C@H]7CC[C@]56C)CC[C@@H]4[C@H]3CC[C@]12C,0.3152414,0.12280037,0.11991307
BYEKZQCBOZQONS-XJECJHNESA-N,CCCCC1=NC(Cl)=C(/C=N/N2C(=O)C3=CC=CC4=C(N5CCOCC5)C=CC(=C34)C2=O)N1CC1=CC=C(Cl)C(Cl)=C1,0.33599484,0.12871812,0.54661393
SCZCTYREODBPFV-UHFFFAOYSA-N,NC1=NC(NC2=CC=C(S(N)(=O)=O)C=C2)=NN1C(=O)NC1=CC=C(C2=NC(C(=O)O)=CO2)C=C1,0.25056013,0.15357979,0.22386843
ZVLAOOKTOHWZBG-UHFFFAOYSA-N,CCN1N=NC2=C1C(=O)C1=CC=CC=C1C2=O,0.14497063,0.02113029,0.026404992
HZRJARBNGRXUJE-UHFFFAOYSA-N,COC1=CC(CNCCCN2CCN(CC(C3=CC=CC=C3)C3=CC=CC=C3)CC2)=CC(OC)=C1OC,0.16998315,0.125964,0.2806191
BKCDCSOAOQZEDS-UHFFFAOYSA-N,CCNC(=O)C1=CC=C(C(C#N)=C2CC3CCC(C2)N3CC2=COC=C2)C=C1,0.20222381,0.02081446,0.04193993
JDOLMSGLFGJISY-QPNALZDCSA-M,CCN1C(=O)/C(=C2\SC3=CC(Cl)=CC=C3N2C)S/C1=C\C1=[N+](CC2=CSC=C2)C=CS1.[Cl-],0.35848364,0.18153566,0.1871332
KSHVHIYZTYPPHF-UHFFFAOYSA-N,COC1=CC=C(C(=O)N(C)C)C=C1C1=NC2=C(N1C(C)C)C(C1=CC=C(Cl)C=C1)N(C1=CN=CC(Cl)=C1)C2=O,0.22355466,0.14548054,0.32081085
IOBZROVFXAOQQI-FQEVSTJZSA-N,C[C@](N)(COP(=O)(O)O)C(=O)NC1=CC=C(OCCCCC2CCCCC2)C=C1,0.124233395,0.012203614,0.025795298
MUTMGIXCDHKCCS-UHFFFAOYSA-N,CN(C)C1=CC=C(S(=O)(=O)NC2=CC=C(NS(=O)(=O)C3=CC=C(N(C)C)C=C3)C3=CC=CC=C23)C=C1,0.11073627,0.060114942,0.55398357
HXNLEXMOLQHXRG-UHFFFAOYSA-N,CCCCNP(=O)(O)OCC1OC(N2C=C(C)C(=O)NC2=O)CC1N=[N+]=[N-],0.30364567,0.15962684,0.010016828
PQCQHQHRTPEBAI-RMKNXTFCSA-N,CC1=CC=C2C=C(/C=C/C(=O)C3=CC=C(Cl)C=C3)C(Cl)=NC2=C1,0.20558529,0.060502276,0.089081824
RSELNDABAZLYST-UHFFFAOYSA-N,CC(C(=O)NO)N(CC1=CC=CC=C1[N+](=O)[O-])S(=O)(=O)C(Cl)(Cl)Cl,0.111656524,0.0063912882,0.03235547
JAVDYLNBJZIQBH-UHFFFAOYSA-N,CC(=O)C1=CC=C(S(=O)(=O)N2C(=O)NC(=O)C23CCCC2=CC=CC=C32)C=C1,0.1300975,0.057038695,0.19631492
GOXVAWWMLVHRFC-WMWXBDBMSA-N,C/C(=C\CCC(C)(C)O)[C@H]1CC[C@]2(C)[C@@H]1[C@H](OC(=O)CBr)C[C@@H]1[C@@]3(C)CC[C@H](OC(=O)CBr)C(C)(C)[C@@H]3CC[C@@]21C,0.29989943,0.22065368,0.010016828
NHISQXFZEQCLDC-ARAFEZKFSA-N,COC1=CC=C(CCN2COC3=CC4=C(C(C)=C3C2)O[C@](C)(CC/C=C(\C)CC/C=C(\C)CCC=C(C)C)CC4)C=C1OC,0.27998665,0.20515335,0.15112112
XXRYJSPRAPVYEO-YCLBGMMASA-N,C[C@H]1OC(=O)[C@@H]2C[C@@H]3CCCC[C@H]3[C@H](/C=C/C3=CC=C4C=C(OCCN)C=CC4=N3)[C@H]12,0.34503317,0.103121996,0.03453862
DSEJTOQXEDXZMO-UHFFFAOYSA-N,CC1=NN(C2=CC=CC=C2)C(C)C1NC1=NN=C(SC2=NC(NC3=CC=C(Cl)C=C3)=NC(NC3=CC=C(Cl)C=C3)=N2)S1,0.35263178,0.4565174,0.6068439
MGPVNDOIZDIHQK-ZSAQMHHGSA-N,CC#C[C@@]1(F)[C@H](O)[C@@H](COP(=O)(O)OP(=O)(O)OP(=O)(O)O)O[C@H]1N1C=CC(=O)NC1=O.CCN(CC)CC.CCN(CC)CC.CCN(CC)CC.CCN(CC)CC,0.31188622,0.11677077,0.010016828
CKDYACSCRUTGHR-UHFFFAOYSA-N,CNC1=NC2=C(C3=NC=NC(NCCN4CCOCC4)=C3S2)C2=C1CCC(C)(C)C2,0.24529234,0.13910927,0.035082858
BHSASERQYVVBSX-UHFFFAOYSA-N,CC1=CC=C(CNC(=O)C2=NC(C3=CC=CS3)=NC(O)=C2O)C=C1,0.220424,0.10185067,0.042037793
VRFLZQNSRDLHKT-CSCMKSFWSA-N,C=CC[C@H](NC(=O)[C@@H]1C[C@@H](CCCC2=CC=CC3=CC=CC=C23)C2=C(Cl)N=C(NCC3=CC=CC=C3)C(=O)N12)B1OC2CC3CC(C3(C)C)[C@@]2(C)O1,0.30574167,0.19635296,0.20430385
MZLIUORCVUDARA-CCIKHBFUSA-N,CC(C)CCC[C@@H](C)[C@H]1CC[C@H]2[C@@H]3CC[C@H]4C[C@@H](OC(=O)CC5=CC=C(OC/C=C/S(=O)(=O)C6=CC=CC=C6)C=C5)CC[C@]4(C)[C@H]3CC[C@]12C,0.28242922,0.09728678,0.17753276
GFTCLBJLVSQCRE-UHFFFAOYSA-N,O=C(O)CCNC(=O)C1=CC=CC(C(=O)NCC2CCNCC2)=C1,0.35819677,0.04354973,0.041032057
LLDQYZZYZMAENH-CAOOACKPSA-N,O=C1N/C(=N\C2=NN=C(C34CC5CC(CC(C5)C3)C4)S2)S/C1=C/C1=CC=C(F)C=C1,0.35454535,0.0687543,0.13238603
IPORZYJGANVTDB-KRMOPOIMSA-N,C=C(C)[C@@H]1CC[C@]2(CNCCC3=CC=CC=N3)CC[C@]3(C)[C@H](CC[C@@H]4[C@@]5(C)CC=C(C6=CC=C(C(=O)O)C=C6)C(C)(C)[C@@H]5CC[C@@]34C)[C@@H]12,0.3649852,0.14781792,0.094975136
WZZWPEJHQNCXFH-RDCVRMOHSA-N,C[C@@H]1CC[C@H]2[C@@H](C)[C@@H](OCCOC3=CC=CC(C(=O)/C=C/C4=CC=C(O)C=C4)=C3)O[C@@H]3O[C@@]4(C)CC[C@@H]1[C@@]23OO4,0.38519657,0.1251832,0.102081545
BLLLQNRCKLBKKE-AFFVHCJZSA-N,C=C(C)[C@@H]1CC[C@]2(CO)CC[C@]3(C)[C@H](CC[C@@H]4[C@@]5(C)CC=C(C6=CC=C([N+](=O)[O-])C=C6)C(C)(C)[C@@H]5CC[C@@]34C)[C@@H]12,0.30090246,0.15652272,0.048442036
NQERLTNVLBVGQQ-UHFFFAOYSA-N,CC1CN(C(=O)CCC(=O)NCC2=CC=CS2)C2=CC(Cl)=CC=C2O1,0.19238643,0.008618658,0.044608243
UFVZWUUTJSMNCN-UHFFFAOYSA-N,O=C(C1=CC=CO1)C1=C2N(N=C1)C1=CC(C3=CC=CO3)=CC=C1[N+]([O-])=N2,0.2270801,0.12976955,0.11605071
NRVYYXZLMNAXIE-UHFFFAOYSA-N,O=C(NC1=CC=C(Cl)C=C1)NC1=CC=C2N=CN=C(NC3=CC=CC(F)=C3)C2=C1,0.30781543,0.14592335,0.14089268
WXJXBKBJAKPJRN-UHFFFAOYSA-N,CP(O)(O)=S,0.06973435,0.0019627612,0.010016828
DQENVRDGVQWLAN-UHFFFAOYSA-N,O=C(NC1=CC=C2C=CNC2=C1)C1=CC=C(F)C=C1,0.1027395,0.035366677,0.037134644
BKQJJWLNWLFDGH-FTJBHMTQSA-N,COCCCC1=CC(CN(C(=O)[C@H]2CNCC[C@@H]2C2=CC=C(OCC3=CC(C4=C(F)C=CC(F)=C4Cl)=NO3)N=C2)C2CC2)=C(Cl)C=N1,0.36173803,0.1500257,0.2173344
QWNDLDNVXXLDPQ-LANSFJKUSA-N,CCCCCCCCCCCCCC(=O)OCC(COP(=O)(O)OC[C@H]1O[C@@H](N2C=NC3=C(N)N=C(Cl)N=C23)C[C@@H]1O)OC(=O)CCCCCCCCCCCCC,0.31175962,0.086625405,0.010016828
DYXJANZWCBWYFL-UHFFFAOYSA-N,CC1=CC=C(C2=C(C)C(C3=CC=C(F)C=C3)=NC(N)=C2C#N)O1,0.25949866,0.12269119,0.116013944
BUKDBQNENSAVLL-GFCHLDMNSA-N,CCCNC(=O)[C@@H](NC(=O)[C@@H]1CCCN1C(=O)[C@H](CC(=O)O)NC(=O)[C@@H]1CCCCN1C(=O)[C@@H](NC(=O)C[C@H](C)C1CCCCC1)C(C)C)[C@@H](C)O,0.28169018,0.14428851,0.013778637
BAMQIZHSONHTIY-UHFFFAOYSA-N,CC1=CC=C(SC2=CN=CC3=C2C=C(C(=O)NCCCN2CCOCC2)S3)C=C1,0.23405826,0.07482989,0.03812927
LZKCQRVREPOZNT-IOWSJCHKSA-N,N=C1NC[C@H](CCCCN2C[C@@H](CC3=CC=C4C=CC=CC4=C3)N(CCC3=CC=C(Cl)C(Cl)=C3)C2=N)N1CCC1=CC=C(Cl)C(Cl)=C1,0.33549565,0.3500529,0.115793355
VFIRMHUPHABFJM-DNBKINIGSA-N,COC1=CC=CC(C2=CC(C(=O)NC3=CC4=CC=C(O[C@@H]5OCC[C@@H](O)[C@H]5O)C(C)=C4OC3=O)=CC=C2OC)=C1,0.24978782,0.14472674,0.11318269
NIUVWGWOQSKTSO-CNYIRLTGSA-N,CC1=C(S(=O)(=O)NC[C@H]2O[C@@H](C)[C@@H](O)[C@@H](O)[C@@H]2O)C=NO1,0.14505936,0.015800133,0.010016828
LKFHXQQCMWXMLN-WEVVVXLNSA-N,CN(C)/C=N/C1=CC(=O)NC(=O)N1C,0.19958685,0.051845036,0.010016828
GCSQEVYBDLMYMW-BQYQJAHWSA-N,O=C(/C=C/NC1=CC=C(F)C=C1)C1=CC=CS1,0.17792016,0.00908243,0.06739088
SWUCFAKJTBXICP-UHFFFAOYSA-N,COC1=CC=CC=C1CN1C=C(C(=O)C2=CC=C(C)C=C2)C(=O)C2=CC(C)=CC=C12,0.27672923,0.10500691,0.25477612
GSIGCRWWQCCJNZ-UHFFFAOYSA-N,O=C(CN1C=NC2=CC=CC=C2C1=O)C1=CC=C(OC(F)F)C=C1,0.31572777,0.033179484,0.104822576
MTCKYHLINYKZGE-OBGWFSINSA-N,CN1CCC/C1=N\S(=O)(=O)C1=CC=C(NC(=O)C2=CC=CO2)C=C1,0.12297705,0.01597505,0.06434798
NSTXKOKMPHJOKN-NEKDWFFYSA-N,COC(=O)C1=C(C2=CC=C(F)C=C2OCC2=CC=CC=C2)C[C@@H]2CC[C@H]1N2C(=O)NCCOC1=CC=C(OC)C=C1,0.2475366,0.12698603,0.2784905
ROCYMEUUTRYGML-UHFFFAOYSA-N,COCC(C)NC(=O)C1=CC(NC(=O)C2=CC=C(F)C=C2Cl)=CC(C2=CC=C(C)C=C2)=C1,0.24678707,0.13862549,0.29270297
VLRQYCJRFVYFNI-UHFFFAOYSA-N,CC1=C(C2=CC3=NC=C(C4=CC=CC(NC(=O)NCC(F)(F)F)=C4)N3C=C2)N=NN1C,0.28539592,0.09053098,0.13171612
MJNIDQNCVPHZNY-UHFFFAOYSA-N,CC(C)C1OC2=CC=CC=C2N(CC(=O)N(CC2=CC=NC=C2)CC2=CC=CO2)C1=O,0.25638103,0.07948878,0.08962424
BDCIRXKOEFOKIB-UAFMIMERSA-N,O[C@@H]1C[C@H]2CCCN[C@@H]2C[C@H]1N1CCC(C2=CC=CC=C2)CC1,0.15307094,0.08510239,0.022753678
IJGBVUMYQBZIIE-UHFFFAOYSA-N,CN1C(=O)C2=C(C3=CC=CC=C3)N3C(=C2N(C)C1=O)C(C1=CC=CC=C1)OCC3(C)C,0.15473919,0.10248095,0.13810886
