key,input,50uM_Inhibition
GYZWFKRGEXLHOG-UHFFFAOYSA-N,O=C(OCC(=CCCC(C1=CC=C(C)CC1)C)C)CCC(C)C,0.0004708451652501
QFPQAPVPUNXXDR-UHFFFAOYSA-N,OC1CCC2(C3=C(CCC2C1(C)C)C4(C)CCC(CCCC=C(C)C)C4(C)CC3)C,0.0024462270550429
WPRSYXIOJJRNKW-UHFFFAOYSA-N,N#CSCC(O)C=C,5.290303283609979e-05
POJUGMBXDPFKJW-UHFFFAOYSA-N,O=C(C=CCCC)CCC1=CC(OC2CCCC2)=C(O)C3=C1C#CC4CC#CCC(C)CCC3C(COC)CCC4N=C(N)N,0.0430737136630341
JOTJIQAFSVPANH-UHFFFAOYSA-N,O=C(OC1C2OC(=O)C(=C)C1C(OC(=O)C(C)C)C3C(O)(C)CCC(O)C23C)C(=CC)C,0.008847423773841
OUGUBSKRYFRNBT-UHFFFAOYSA-N,O=C1OC(C=C1CCCCCCCCCCCCC2C(=O)OC(C)C2O)C,0.191319739818573
FKDRTEPRSZWARC-UHFFFAOYSA-N,S=C(NCCN1CCOCC1)NCC2N3CCC(C2)C(CN4CCC(C)CC4)C3,0.0007463431480573
JXBUEMPKKMLUAY-UHFFFAOYSA-N,OC1CN(C(C2=NC(=NO2)C3CC3)C1)C4CCOCC4,0.0004624236811196
TWTWIBJRHFLOPF-UHFFFAOYSA-N,O=C(NC(COC1OC(CO)C(O)C(OC2OC(C(O)CO)C(O)C2O)C1O)C(O)C(O)CCCCCCCCCCCCCCCC)C(O)CCCCCCCCCCCCCCCCCCCCC,0.2045261453837156
OIMMXWOHOLPBGU-UHFFFAOYSA-O,[N]1O[C]([N][C]1[C]2[CH][CH][NH2+][C]([CH]2)N3CCCC3)C4CCC[NH+]4C5CCC5,0.004203863046132
KDJXFGHNVIFVJZ-UHFFFAOYSA-N,O=C(N1CCN(CC1)C2C3OCC(O3)C(NCC=4C=CC(=CC4)C=5C=CC=CC5)C2O)C,0.0221523072570562
IHMSMKWVSOUBTE-UHFFFAOYSA-N,O=C(C=CC=1C=CC=C(OC)C1O)C2=CC=C(OC)C=C2,0.0012661756230954
UYRAGYNVIZUZNW-UHFFFAOYSA-N,O=C(O)CC1C(=CC(CNC(=O)C2=NC=CC=C2)C(C1)C(C)C)C,0.0006854626760173
VQZAATPWXSLYBI-UHFFFAOYSA-N,O=C(C1=CC(OC)=C2OCOC2=C1)CC,0.0083703584037721
APLUIDVNEKLAOT-UHFFFAOYSA-N,O=C(OC)C1N(C(=O)CC2=CC=C(OC)C=C2)CC3=C(N=CN3CC4=CC=C(Cl)C=C4)C1,0.0014306379614936
YEVDIGQCJDBRNM-UHFFFAOYSA-N,O=C1C=C2C(=CC=C1NCCC)C3=C(OC)C(OC)=C(OC)C=C3CCC2NC(=O)C,0.0202723067020997
JUTXDGNVVUUTRF-UHFFFAOYSA-N,O=C1C2=C3CCC4C5(C)CC(C=6C=C(O)C=C(C6)CNC)C(=O)C7(C)CCCCC(O)(C)CNC(CC4(C(CO)CCC8CCCC9CCC(C(O)C%10OC%10(C)C%11CCCC%11C=%12C=C(N)C=C(C%12)CC(C)C)C2C89)C3(C)C1)C75,0.094845724850893
OJMQAGPGDJEPOA-UHFFFAOYSA-N,O=C(C=CCCC)CCC1=CC(OC2CCCC2)=C(O)C3=C1C#CC4C(C#CCC(C)CCC3C(COC)CCC4N=C(N)N)CC=5C=CC=CC5,0.0497524176724255
BXQYQCWJLODGHQ-UHFFFAOYSA-N,O=C1OC(C=2C=COC2CC(C(O)CO)C3CCC4C(C=CN5CNCC54)C3)C6(C)CC7CC89CC%10C=CC%119C(=O)OCC%12%13C(C(=O)C(O)C(C%14CCCC(CC=%15C=CC=CC%15)C%14)(C7%12)C%166OC1%16)C%17%18OC%11%13C(=CC%18C%19(C=CC%17)C=CC%20CCCCC%20C%19C)CC8C%10,0.055690710019553
NLGUKXQDDTZCDG-UHFFFAOYSA-N,O=C(C=1C(O)=CC(O)=CC1OC2OC(CO)C(O)C(O)C2O)CCC=3C=CC=CC3,0.0023585793212987
NSUDYOANGSWGEG-UHFFFAOYSA-N,O=C1C2=C3C(CN4C=C(C=5NC=C(C54)CCC2(C)CC(O)C6OC6(C)C)CC=7C=C(C8=C(C7)C9CCCCC9CC8)C%10CCOCC%10)C(O)C%11C%12(C)CCC(=O)C(C)(C%13CCCC%13)C%12CCC%11(C)C3(C)C1,0.0882470336742699
VWDQIPTYOBILKU-UHFFFAOYSA-N,O=C(OC1OC(COC2OC(CO)C(O)C(O)C2O)C(O)C(O)C1O)C34CCC(C)(C)CC4C5=CCC6C7(C)CCC(OC8OCC(O)C(O)C8OC9OCC(O)C(O)C9O)C(C)(C)C7CCC6(C)C5(C)CC3,0.0046093345546978
FFSSGPGAKCNOKR-UHFFFAOYSA-N,O=C1C(OS(=O)(=O)O)=C(OC2=CC(OC)=CC(O)=C12)C=3C=CC(OS(=O)(=O)O)=C(OS(=O)(=O)O)C3,0.0038306938775349
LFJDCWKCTNOEHY-UHFFFAOYSA-N,O=C1C2=C3C(CN4C=C(C=5NC=C(C54)CCC2(C)CC(O)C6OC6(C)C)CC=7C=C(C8=C(C7)C9CCCCC9CC8)C%10CCOCC%10)C(O)C%11C(C)(CCC%12C(C(=O)CC%13(CCC(O)C%13)C%12%11C)(C)CCNC)C3(C)C1,0.0634715462103486
JPSJAEKGWQQZLV-UHFFFAOYSA-N,O=C1C2=C3C(CN4C=C(C=5NC=C(C54)CCC2(C)CC(O)C6OC6(C)C)CC=7C=C(C=C(C7)C8(O)CCOCC8)C9CCCCC9CNC)C(O)C%10C(C)(CCC%11C%12(C(=O)C%13C=%14C=CNC%14C%15CCC%13(C%15)C%11%10C)CCCC(NC)C%12)C3(C)C1,0.0490275911986827
ZPZPWAHCRURRQD-UHFFFAOYSA-N,O=C(O)CNC(=O)C(NC(=O)C1=CC=2C=C(C=CC2N1C)C)C,0.0031574120228469
PLOGIPJVPFDPKT-UHFFFAOYSA-N,O=C1C2=C3C(CN4C=C(C=5NC=C(C54)CCC2(C)CC(O)C6OC6(C)C)CC=7C=C8C(=C(C7)C9(O)CCOCC9)CCC%10CCCCC8%10)C(O)C%11C(C)(CCC%12C%13(C(=O)C%14C=%15C=CNC%15C%16CCC%14(C%16)C%12%11C)CCCC(NC)C%13)C3(C)C1,0.0459540477022528
CDGPSUVNLUGBRV-UHFFFAOYSA-N,O=C(O)C(O)C1NC(=O)C2N(C(=O)C(NC(=O)C(NC(=O)C(NC(=O)C3N(C(=O)C4N(C(=O)C(NC(=O)CC(OC1=O)CCCCCCC(C)C)C(O)C)CCC4)CCC3)CCCN=C(N)N)C(O)C(=O)O)CO)CCC2O,0.3654171943664551
DXKZNZIRTVCHBN-UHFFFAOYSA-N,O=C1OC2=CCC3(CCC(C3)C(NCC(O)C)C=4C=C(C=C(C4)CCNCC5=CC=CC(=C5)C=6C=CC(O)=CC6C7=C8C(=O)OC(=CC(CC=9C=CC=CC9)CC)C8%10CCC7C%11CCC2=C1C%11%10)CNC%12CCCCC%12)C%13CCNC(NC)C%13,0.0733723074197769
QFLMCNVRCRLXMT-UHFFFAOYSA-N,O=C1OC(C=2C=COC2CC(C(O)CO)C3CCC4C(C=CN5CNCC54)C3)C6(C)CC7CC89C%10CC%11=CC%12C%13(OC%11%14C9(C=CC(C%10)C%158CCCC%15)C(=O)OCC%16%14C%13C(=O)C(O)C(C%17CCCC(CC=%18C=CC=CC%18)C%17)(C7%16)C%196OC1%19)C%20C=CC%21=CCC%22C%23CCCCC%23C=CC%12%22C%21C%20,0.0561684339307248
UQNSGOYQGBXKSN-UHFFFAOYSA-N,O=C(OC1CCN2CC(NC(=O)C)CCC21)C,7.927015023483364e-05
GITGKKXIICOECE-UHFFFAOYSA-N,O=C1C=2C(O)=CC(O)=CC2C(C3=CC=4C(Cl)=C(C=C(C4C(O)=C13)C5=C(O)C=C(OC)C=C5C)C)(C)C,0.0217764326487667
RRFZXUMWOQGCCV-UHFFFAOYSA-N,O=C1OC=2C3=C1C4C(CC3CCC2C5(CC)CCCC5)C6C7=C8C(=O)OC(=CCC(C(SSCNC9=CC(=CCN9)C7CN%10C(=O)C=CC%10=O)NCC(O)C%11CCCCC%11)C%12CCC(CCCO)CC%12)C84CC6,0.1572474176995456
ZQPGEGDNAUURJZ-UHFFFAOYSA-N,N=1OC(=NC1C=2C=CN=C(OCCOC)C2)C3N(CC4=NC=5C=CC=CC5N4C)CCC3,0.005622915137792
SSVUSDZCDVOHDP-UHFFFAOYSA-N,O=C1C2=C3C(CN4C=C(C=5NC=C(C54)CCC2(C)CC(O)C6OC6(C)C)C7C(=O)C(CC=8C7=CC(=CC8C9(O)CCOCC9)C%10CCCCC%10)CCC(C)C)C(O)C%11C(C)(CCC%12C(C(=O)CC%13(CCC(O)C%13)C%12%11C)(C)CCNC)C3(C)C1,0.0529758939519524
AZRSJQZWFYUFBJ-UHFFFAOYSA-N,O=C1C=C(O)N(C=2C=CC=CC2)C=3C=CC=CC13,0.0206742100417614
XQZWTTZTWBNIEU-UHFFFAOYSA-N,O=C(OC1C=C(C(=O)C(O)C1C(=CC=CC(C=CCCCC)C)C)COCC)C,0.0103590206870649
QYBBZKGLWYOIPL-UHFFFAOYSA-N,O=C1OC2=CCC3(CC4CC(C#CCC(O)(C)CNC(C=5C=C(C=C(C5)CCNCC6=CC=CC(=C6)C=7C=CC(O)=CC7C8=C9C(=O)OC(=CC(CC=%10C=CC=CC%10)CC)C9%11CCC8C%12CCC2=C1C%12%11)CNCCC)C4C3)CO)C%13CCNC(NCCCC(C)C)C%13,0.0621824666857719
GBZGOGIQXCJISH-UHFFFAOYSA-N,O=C1OC2=CCC3(CC(CC4=CC(=CC=C4CCCO)CCNCC5=CC=CC(=C5)C=6C=CC(O)=CC6C7=C8C(=O)OC(=CC(CC=9C=CC=CC9)CC)C8%10CCC7C%11CCC2=C1C%11%10)C(CCCO)C3)C%12CCNC(NC)C%12,0.092275046929717
YAHGNBBJMMKINP-UHFFFAOYSA-N,O=C1C2=C3C(CN4C=C(C=5NC=C(C54)CCC2(C)CC(O)C6OC6(C)C)CC=7C=C(C=C(C7)C8CCCCC8)C9CCOCC9)C(O)C%10C(C)(CCC%11C%12(C(=O)CC%13(CCC(O)C%13)C%11%10C)CCCC(NC)C%12)C3(C)C1,0.0711056284606456
BZFOKKQJMFIXDI-UHFFFAOYSA-N,O=C(OC1CC=2C=C(OCC2C(=O)C1(O)C)C=CCO)C3=C(O)C=C(OC)C=C3C,0.0273995669995201
KOCYOJILDWHXKK-UHFFFAOYSA-N,O=C(C)[NH+]1[C]2[CH][CH][C]([C]3[CH][C](O[C]3[C]2[C]4[CH][C](OC)[C](OC)[CH][C]41)C)C,0.4509883731603622
PYPMNNYEDNWODO-UHFFFAOYSA-N,O=C1C2=C3C(CN4C=C(C=5NC=C(C54)CCC2(C)CC(O)C6OC6(C)C)CC=7C=C(C=C(C7)C8(O)CCOCC8)C9CCCCC9)C(O)C%10C(C)(CCC%11C(C(=O)C%12C=%13C=CNC%13C%14CCC%12(C%14)C%11%10C)(C)CCNC)C3(C)C1CCCCC,0.1573160029947757
YIHQVCLNFHNFBO-UHFFFAOYSA-N,O=C1OC(C=2C=COC2CC(C(O)CO)C3CCC4C(C=CN5CNCC54)C3)C6(C)CC7CC89C%10CC%11=CCC%12(OC%11%13C9(C=CC(C%10)C%148CCCC%14)C(=O)OCC%15%13C%12C(=O)C(O)C(C%16CCCC(CC=%17C=CC=CC%17)C%16)(C7%15)C%186OC1%18)C%19CCCCC%19,0.0493694470205809
WWFLLLJGXRFGCH-UHFFFAOYSA-N,OC1=NC2C(O)C(O)C(OC2OC3C(O)C(O)C(OC3CO)N4C(CO)C(O)C(O)C4C(O)C(O)C1O)CO,0.0669799240647989
CGECLQBCSRMVSY-UHFFFAOYSA-N,ClC1=CC=C2OC3=C(C=4OC(=CC4C(C=5C=CC=CC5)(C)CC3)C)C2=C1,0.013208412437234
XOKCJXZZNAUIQN-UHFFFAOYSA-N,O=C1N(C)C(C=2C=NC=CC2)CC1O,0.0016521434561582
JKUFNLRZNPQIOW-UHFFFAOYSA-N,O=C1C(O)=C(C=2C=C(C(=C(O)C2C1=CNC3=CC(OC)=CC=C3OC)C=4C(O)=C5C(=CNC6=CC(OC)=CC=C6OC)C(=O)C(O)=C(C5=CC4C)C(C)C)C)C(C)C,0.0362063220818527
SGIFVQSXMNEDSK-UHFFFAOYSA-N,O=C(OC=1C=2C(=O)C3=CC(=O)C2C=4C(=O)C(OC=CC(OC)C(C)C(OC(=O)C)C(C)C(O)C(C)C(O)C(C=CC=C(C(=O)N3)C)C)(OC4C1C)C)C5=CC=C(C=C5)C,0.1302254239097237
UCTQGEZEUWGOLP-UHFFFAOYSA-N,O=C(OC1OC(OC(=O)C)C23C1=CC(OC(=O)C(C)CC)CC2C(C)(CCC(=C)C=C)C(C)CC3O)C,0.0138413847147603
SQSLPQUBLHVTKB-UHFFFAOYSA-N,O=C(C=C(CO)CCC)CCC1=CC(OC2CCCC2)=C(O)C3=C1C#CCC(N=C(N)N)CC4C=C5CCC(C)CC5C3C4COC6CCCCC6,0.0460171677172184
LROMRMAWAPMTDP-UHFFFAOYSA-N,O=C1C2=C3CCC4C5(C)CC6(C=7C=C(O)C=C(C7)CNC)C(=O)C8(C)CCCCC(O)(C)CNC(CC4(C(CO)C(CCCCC)CC9CCC(CO)CC9C2CC(O)C%10OC%10(C)C%11CCCC%11C=%12C=CC=C(N)C%12)C3(C1)CCC6)C85,0.1491449929773807
LPLKITYJSHNVOP-UHFFFAOYSA-N,O=C1C2=C(C=3OC4(C5=CC=C6C(C5=CC(=O)C4(O)OC3C=C2C7(C)CCC8(C)C9CC(C(=O)C(O)C9(C)CCC8(C)C7C1)C)(C)CCC%10(C)C%11CC(C(=O)CC%11(C)CCC6%10C)C)C)C,0.2277490139007568
LTVOZSTVAZRARP-UHFFFAOYSA-N,O=CC(C=1C(=O)C2=CC=C(C(=C2C(=O)C1O)CCC=C(C)C)C)C,0.008998806145064
TYZCIISDGILCAE-UHFFFAOYSA-N,O=C1OC2=C(OC3=C1C(=C(Cl)C(OC)=C3C)C)C(=C(Cl)C(O)=C2C)C,0.0149036144139245
OAYVNKJYHMMEOO-UHFFFAOYSA-N,O=C1OCC23C4C(=O)C(O)C5(C6CCCC(CC=7C=CC=CC7)C6)C3C(CC8(C)C(OC(=O)C9OC985)C=%10C=COC%10CC(C(O)CO)C%11CCC%12C(C=CN%13CNCC%13%12)C%11)CC%14%15C(CC%16=CC(CC(C)C)C4(OC%162C1%14)C)CCC%17%15CCC%18(CCCC%18)C%17,0.0472652791184373
PNNJWIKVIYVLHF-UHFFFAOYSA-N,O=C(OC1C(OC(C)C(O)C1O)OC(C)(C)C2CC3=C(C)CCCC3(C)CC2)C,0.0022569083492271
NAGFMZJNVMMVEJ-UHFFFAOYSA-N,O=C1C(=C2C(CN3C=C(C=4NC=CC43)CC5=CC(=CC(=C5)C6CCOCC6)C)C(O)C7C8(C)CCC(=O)C(C)(C)C8CCC97CCCC1C29C)C(C)CC(O)C%10OC%10(C)C,0.0893379680812358
UYWBUGLCUYOKCK-UHFFFAOYSA-N,O=C(NC1CC1)C2CC(=O)N(C)CC(NCC=3C=CC=C(OC)C3)CCC2,0.0050168130255769
XWHWOCMPBKHMRB-UHFFFAOYSA-N,O=C1C=2C=CC=CC2C(=O)C3=CC(=CC=C13)NS(=O)(=O)CC=4C=CC=CC4,0.0004952178203893
JPZILHBCMJGWFY-UHFFFAOYSA-N,O=C1C2=C3C(CN4C=C(C=5NC=C(C54)CCC2(C)CC(O)C6OC6(C)C)C(C=7C=C(C=C(C7)C8(O)CCOCC8)C9CCCCC9)CCO)C(O)C%10C(C)(CCC%11C%12(C(=O)C%13C=%14C=CNC%14C%15CCC%13(C%15)C%11%10C)CCCC(NC)C%12)C3(C)C1,0.0641185900196433
TYSAUBJSWFSOCQ-UHFFFAOYSA-N,O=C(OC)C1(C)CCCC2(C)C1CCC34CC5(O)COC5(CCC32)C4,0.0021459331386722
GTCJJBHPNWDWPP-UHFFFAOYSA-N,O=C1NC(=NC=2NC(=NC12)C34C=5C=CC=CC5NC4N6C(=O)C(=CC7=CC=C(O)C=C7)NC(=O)C6C3)N,0.028281181656348
HKWUNYJIRFIFHL-UHFFFAOYSA-N,O=CC(=C1C2C=CC(CCO)C13CCC4(C(=CC=CC(=C)C5CC=C(C)CNC(C)(CC=6C=CC=C(C6)C5)CCOC)COCO)CCC3(C4O)C(O)(CCNC)C2)C,0.0042572608846967
BDAGRDXRUJAILM-UHFFFAOYSA-N,[O-][NH+]1C=CC=C(CC)C1,0.0019448921797447
XBZFENLBDWZJOA-UHFFFAOYSA-N,O=C(O)C(O)C(OC(=O)CC(=O)OCC1OC(O[C]2[CH][C]3[C](O)[CH][C](OC4OC(COC(=O)C=C[C]5[CH][CH][C](O)[C](O)[CH]5)C(O)C(O)C4O)[CH][C]3[OH+][C]2[C]6[CH][CH][C](O)[C](OC7OC(C(=O)O)C(O)C(O)C7O)[CH]6)C(OC8OC(CO)C(O)C(O)C8OC(=O)C=C[C]9[CH][CH][C](O)[C](O)[CH]9)C(O)C1O)C(=O)O,0.0516092662583105
JFUQPXXOXKJWQF-UHFFFAOYSA-N,O=C1C2=C3C(CN4C=C(C=5NC=C(C54)CCC2(C)CC(O)C6OC6(C)C)CC=7C=C(C=C(C7)C8CCOC9(CCCCC9)C8)C%10CCCCC%10)C(O)C%11C%12(C)CCC(=O)C(C)(C%13CCCC%13)C%12CCC%11(C)C3(C)C1,0.1575370086356997
OWHORKPXUSPCJF-UHFFFAOYSA-N,O=C1OC2C3CC(O)C4(CCCC4)C5CC(C=6C=CC=C(O)C6)C7=CC(=CNC7N)CC(C)(CC=8C=CC=C9C(=O)C%10(OC1%10C(=O)C98)CC(=C(C)CCC%11=CCNC=%12NC(NC)CCC%11%12)CO)CCCCC%13CC=CC%14=CC(NCC%15CCCCC%15)(CC35)C2CC%14%13,0.0769975840579718
YIVGQETVHMMZJZ-UHFFFAOYSA-N,O=C1OC(C=2C=COC2CC(C(O)CO)C3CCC4C(C=CN5CNCC54)C3)C6(C)CC7CC89C(CC%10=CC(CC(C)C%11CCCC%11)C%12(OC%10%13C8C(=O)OCC%14%13C%12C(=O)C(O)C(C%15CCCC(CC=%16C=CC=CC%16)C%15)(C7%14)C%176OC1%17)C)CCC%189CCCC%18,0.0441186314448714
GMAGIRQJBVVHDZ-UHFFFAOYSA-N,O=C(N(CCC)CCC)CC(C=1C=CC=CC1)C2=CC=C(OC(C)C)C=C2,0.0013213179132435
PTRWLZGDNYNQMK-UHFFFAOYSA-N,O=C(OC)CC1C2(C(=O)C(CC3C4CC(=O)OC(C5=COC=C5)C4(C)CCC32)C(OC(=O)C(C)C)C1(C)C)C,0.0146748549072071
OLZAGJOBKRRSPO-UHFFFAOYSA-N,O=C1OC2CC=3C=C4C(OC(=O)CC4C#CC(C5=CC(NCC(O)(C)C(O)COC)=C6C(=C5)C(O)C(NC)CC6)CC1=C7CCC8=CC=C(C=C8CC7O)CC9C(=O)CCC%10C9CC%11C=CCCC%11C2%10O)=C(C3O)C%12CCCCC%12,0.0224330987548455
LEUKGCDVHKWGLH-UHFFFAOYSA-N,O=C1NC(C(=O)N1C=2C=CC=CC2)CC(=O)N3CC=4C=CC=CC4CC3,0.0005717176270991
JUGMSOQQHIKDMU-UHFFFAOYSA-N,OC1C(NC(C)C)C2OC(OC2)C1N3C=CN=C3C,0.0050781649973941
ABAVTBFCSTYDGM-UHFFFAOYSA-N,O=C(C=1SC(=CC1)C=2SC(C#CC)=CC2)C3CCC4CC53CC(CC#CC=6C(=CC(O)=CC6CC4NC(=N)NC)NCC(O)C)C7(CCCC7CO)C5,0.0061843028233852
SBBZXMHUZVJFDB-UHFFFAOYSA-N,O=C1OCC2C(NC(=O)C3=CC=C(Cl)C=C3)C4=CC=5OCOC5C=C4C(C6=CC(OC)=C(OC)C(OC)=C6)C12,0.0225890948902815
NCIXLNTUPVOTSJ-UHFFFAOYSA-N,O=C(OCC(O)C(O)C(O)CO)C(=CC(C)C(O)C(=CC(C)C(O)C(=CC(C)C(OC1OC(COC(=O)C)C(O)C(O)C1O)C(C)CC(C)CC(C)CC)C)C)C,0.0065768878172093
LWPJIODYUMXZLI-UHFFFAOYSA-N,O=C1OC(C=2C=COC2CC(C(O)CO)C3CCC4C(C=CN5CNCC54)C3)C6(C)CC7CC89CCCC9CC%10=CC%11C%12(C=CCC%13%11OC%10%14C8C(=O)OCC%15%14C%13C(=O)C(O)C(C%16CCCC(CC=%17C=CC=CC%17)C%16)(C7%15)C%186OC1%18)C=CC%19CCCCC%19C%12C,0.0457556336186826
MAHUDAPJBQCAMM-UHFFFAOYSA-N,O=C(OC1COC2(OC(=CC#CC#CC)C=C2)CC1)C,0.003907757894558
NCDCLPBOMHPFCV-UHFFFAOYSA-N,O=C(OCCCCCC)CCCCC,0.0067803436890244
OWMMDKMOIBQBBL-UHFFFAOYSA-N,O=C(OCC(OC(=O)CCCCCCCC=CCC=CCCCCC)COP(=O)(O)OCC(O)COP(=O)(O)OCC(OC(=O)CCCCCCCC=CCC=CCCCCC)COC(=O)CCCCCCCC=CCC=CCCCCC)CCCCCCC=CCC=CCC=CCC=CCC,0.0011787314148886
OSEPSPRXOFEPGF-UHFFFAOYSA-N,O=C(CC(O)C(CC1=CC=C(O)C(OC)=C1)CC2=CN=C[CH-]2)C(CC3=CC=C(O)C(OC)=C3)CC=4C=CC5=C(C=CC6=CC=7C=CC=CC7C=C65)C4,0.0048242276970995
PSANKAZARKECHL-UHFFFAOYSA-N,O=C1C2=C3C(CN4C=C(C=5NC=C(C54)CCC2(C)CC(O)C6OC6(C)C)CC=7C=C(C=C(C7)C)C)C(O)C8C9(C)CCC(=O)C(C)(C)C9CCC%108CCCC1C3%10C,0.0623217491433024
ZUXXBSHODFMEBI-UHFFFAOYSA-N,O=C1OC(=CC2(CC)CCCC2)C3=C1C4C(CC3)C5C6=C7C(=O)OC(=CCC(C(O)SSC8C=CC9=C(NCC=C9C6CN%10C(=O)C=CC%10=O)N8)C%11CCC(CCCO)CC%11)C74CC5,0.142419246584177
BJLLPSCOUDIPIF-UHFFFAOYSA-N,N=1C=NN2C=NC3=C(C12)C(=CN3C4=CC=C(OC)C=C4)C=5C=CC(OC)=CC5,0.000916000588586
IMGWEKFYJBBSKE-UHFFFAOYSA-N,O=C1C=CC2(C3=C1COOC3(O)C(CC2)C(C)C)C,0.0108165304875001
IHRGNUXJSNXWAA-UHFFFAOYSA-N,O=C1OC2=CC=C3C(=O)C(OC3=C2C(C4=CC=C(OCCCCCCCC)C=C4)C1)=CC5=CC(OC)=C(OC)C(OC)=C5,0.0077214697463205
IGZKYXHLVMUBGS-UHFFFAOYSA-N,O=C1OC(C)CC(O)C=CC(OC(=O)C)C=C1,0.0026558396839391
PCEQWUUFUJWIBW-UHFFFAOYSA-N,N=1C=CC=2C=3OCOC3C(OC)=C4OC=5C(OC)=C(OC)C=C6C5CCN(C)C6CC7=CC=C(OC)C(OC8=CC=C(C=C8)CC1C42)=C7,0.0411407126579433
ZWXCBGUTACBDRV-UHFFFAOYSA-N,O=C(OC(C)C1NC(=O)C(NC(=O)C(=CC)NC(=O)C(NC(=O)C(NC(=O)C(NC(=O)C(NC(=O)C(NC(=O)C(NC(=O)C2N(C(=O)C(NC(=O)C(NC(=O)C(NC1=O)C(O)C)C(C)C)C(C)C)CCC2)CCCN=C(N)N)CC(C)C)C(O)C)C(C)CC)C(C)CC)CC=3C=CC=CC3)C(C)C)C,0.5106699347496033
TXWNGCHVKNRKBJ-UHFFFAOYSA-N,O=C(OC1OCC(O)C(O)C1O)C23CCC(C)(C)CC3C4=CCC5C6(C)CCC(OC7OC(CO)C(O)C(O)C7O)C(C)(C)C6CCC5(C)C4(C)CC2O,0.0066659806034294
FYKPJEAJLMQUNZ-UHFFFAOYSA-N,O=C1OCC=C1CCC2C(=C)CC(O)C3C(=C)C=CCC23C,0.0093210694964966
DFRZBPCISQWPGF-UHFFFAOYSA-N,O=C1CC(C2=CC(O)=C(O)C(OCC3C=CCC(C)C3)=C2)CC(C4=C(C=CC5=CC(O)=CC=C54)NC6=CC(=CCN6)C7(CCCC7CC8=CC=CN8)C1C(O)CCC9=CC=C(O)C=%10OCCCC%109)CNC,0.0509230903349816
TZISEEMOFSALAS-UHFFFAOYSA-N,O=C(OC1CC(OC(C)C1OC(=O)C)C2=CC=C3C(=O)C45OC5(C(=O)C3=C2O)C(O)CC6(O)CC(=CC(=O)C64O)C)C=CC=CC=CC=CC(=O)NC=7C(=O)OC=8C(Cl)=C(O)C=CC8C7O,0.074178155651316
PFQUPHGWVGTVPW-UHFFFAOYSA-N,O=C1CC(C2=CC(O)=C(O)C(OCC(C)C)=C2)CC(C3=C(C=CC4=CC(O)=CC=C43)NC5=NC=CC(=C5)C6(CCC(O)C6CC7=NC=C[CH-]7)C1C(O)CCC8=CC=C(O)C(OC)=C8)CNC,0.0272997649852186
DRWYEGGBPVWHBH-UHFFFAOYSA-N,O=C1CC(C2=CC(OC)=C(O)C=C2CO)C(C#CC3CNC4CCC5CCC6C7=CC(O)=C(O)C=C7C4(C5C6)C3C(O)C1CCCCC)CC=8C=CC=CC8,0.0561060894280672
AJPYIHNNFGRZHL-UHFFFAOYSA-N,O=C1OC2=CCC3(CCC(C3)C(NCC(O)C)C=4C=C(C=C(C4)CCNCC5=CC=CC(=C5)C=6C=CC(O)=CC6C7=C8C(=O)OC(=CC(CC=9C=CC=CC9)CCO)C8%10CCC7C%11CCC2=C1C%11%10)CNCC(C)C)C%12CCNC(NC)C%12,0.0933017587289214
KMXYUXNCEVHFQN-UHFFFAOYSA-N,O=C1OC2(C=3C=CC=C(C13)CCCN)C4CC(C=CC5C6=C7CCC82C(OC(=O)C648)=CCC(N9CC%10CN%11C%12=C(CCC%11C(C9)C%10)CC(C)C(C5)C%127)CC%13CCCCC%13)C%14CCCCC%14,0.0726795171853154
NENIOLAEEFIONY-UHFFFAOYSA-N,O=C1OC2(C=3C=CC=C(C13)CCCN)C4CC(C=C5CCC67CC5C8=C9CCC%102C(OC(=O)C84%10)=C(O)C%11CCC%12N(CC%13CC%12CN%14C(=C(CCC%14%13)CC6C)C97)C%11CC%15CCCCC%15)C,0.0585395895293913
ATDYMJYAYXHLBO-UHFFFAOYSA-N,O=C1C2=C3CCC4C5(C)CC(C=6C=C(O)C=C(C6)CNC)C(=O)C7(C)CCCCC(O)(C)CNC(CC4(C(CO)C(CCCCC)CC8CCCC9CCC(C(O)C%10OC%10(C)C%11CCCC%11C=%12C=CC=C(N)C%12)C2C98)C3(C)C1)C75,0.0976859472692012
XECIDQXFSQBCJS-UHFFFAOYSA-N,O=C(O)C1=CC=C(C=C1)C(C=2C(=O)NNC2CC3=CC=C4OCCC4=C3)CC(=O)OC,0.0025670844988781
YAFUBRKZBHXFPH-UHFFFAOYSA-N,O=C(OCC(OC(=O)CCC=CCC=CCC=CCC=CCC=CCC=CCC)COP(=O)(O)OCC(O)COP(=O)(O)OCC(OC(=O)CCCCCCCC=CCC=CCCCCC)COC(=O)CCCCCCCC=CCC=CCCCCC)CCCC=CCC=CCC=CCC=CCCCCC,0.0002861837001884
VZPAURMDJZOGHU-UHFFFAOYSA-N,O=C(OCC(NC(=O)C(NC(=O)C=1C=CC=CC1)CC=2C=CC=CC2)CC=3C=CC=CC3)C,0.0043962291776551
YFJXUANYXFYWKB-UHFFFAOYSA-N,O=C1C=C2NC(=O)C(=CC=CC(C)C(O)C(C)C(O)C(C)C(OC(=O)C)C(C)C(OC)C=COC3(OC4=C(C3=O)C1=C(C2=O)C(OC(=O)C(C)(C)C)=C4C)C)C,0.1592855550348758
PGKFHOZQGYXNPU-UHFFFAOYSA-N,O=C(OC)C12C(=O)C3(C4=CC(OC)=C(OC)C=C4C(=O)C(N3C)CC)C(O)C2=CCCC1,0.3122206293046474
KOYGXAWQHQQPNM-UHFFFAOYSA-N,O=C(O)C1OC(OC2CCC3(C)C(CCC4(C)C3CC=C5C6CC(C)(C)C(O)C(OC7OCC(O)C(OC8OC(CO)C(O)C(O)C8O)C7O)C6(C)CCC54C)C2(C)CO)C(OC9OCC(O)C(O)C9OC%10OC(C)C(O)C(O)C%10O)C(O)C1O,0.0162956555257551
BVLNYIFRLVWLFI-UHFFFAOYSA-N,O=C1C=C(OC2=C1C(=CC(O)=C2C3OC(O)C(O)C(O)C3CO)C)CC(=O)C,0.0068734326749108
HUKGUKVPWNHCCI-UHFFFAOYSA-N,O=C(OC1CC2=C(O)C=3C(=O)C=C(OC3C4=C2OC1(C)C5CC6=CNC7NC(C=CC7=C6CCC5C8C9=C(N)NCC=C9C4C(C%10=CC(O)=CC=C%10CC%118CCCC%11)CO)C)CO)C(=CC)C%12(O)CC%13C=%14C=CC=C%15C%14C%16%17C(C=CC(CC(O)CC(C)C%18CCCCC%18)(C%16)C%15O)=CC%13C%12C%17,0.0539085769560188
UWKFCJYWANDGLV-UHFFFAOYSA-N,O=C1C2=C3CCC4C(CC5NCC(O)(C)CCCCC67C(=O)C(C=8C=C(O)C=C(C8)CNC)C(C=CC6)C4(C9CCCC9)C57)(C%10CC(C=CC%10O)C%11CCC(CO)C%12C=CC(C(O)C%13OC%13(C)C%14CCCC%14C=%15C=C(N)C=C(C%15)CC(C)C)C2C%12%11)C3(C)C1,0.0522449374897405
LNQVFLHUTGEJHC-UHFFFAOYSA-N,O=C1C(=C2C(CN3C=C(C=4NC=CC43)CC=5C=C(C=C(C5)C6CCCCC6)C7CCOCC7)C(O)C8C9(C)CCC(=O)C(C)(CCNC)C9CCC8(C)C2(C)C1)C(C)CC(O)C%10OC%10(C)C,0.236373346298933
ZIJKHOKPKFKXNW-UHFFFAOYSA-N,O=C1OC(C=2C=COC2CC(C(O)CO)C3CCC4C(C=CN5CNCC54)C3)C6(C)CC7CC89CC%10(CCCC%10)CC9CC%11=CC%12C%13(OC%11%14C8C(=O)OCC%15%14C%13C(=O)C(O)C(C%16CCCC(CC=%17C=CC=CC%17)C%16)(C7%15)C%186OC1%18)CCCC%19%12C=CC%20CCCCC%20C%19C,0.0550941478926688
KLQBDBAZDWSLEW-UHFFFAOYSA-N,O=C1C=C(OC2=CC=C(O)C=C12)C=3C=C(I)C(O)=C(OC)C3,0.0032426558784209
KLQWCGJZHUFBOA-UHFFFAOYSA-N,O=C(OC)CCCCCCCCCCCCCCCCCCCCCCCCCCCCCO,0.3557523608207703
XYBPEASIVVIDSF-UHFFFAOYSA-N,O=C1OCC2OC(OC(=O)C3=CC(O)=C(O)C(O)=C3OC4=CC(=CC(O)=C4O)C(=O)OC5OC(CO)C(O)C6OC(=O)C=7C=C(C(O)=C(O)C7O)C8=C(O)C(O)=C(O)C=C8C(=O)OC56)C(O)C(O)C2OC(=O)C9=CC(O)=C(O)C(O)=C9C%10=C(O)C(O)=C(O)C=C1%10,0.0215750495903193
HZHBSWRVRDNVBK-UHFFFAOYSA-N,O=C1C(=C2CCC3C4(C)CC5(C=6C=C(O)C=C(C6)CNC)C(=O)C(C)(C)C4C(CC5)CC3(C)C2(C)C1)C(C)CC(O)C7OC7(C)C8CCCC8C=9C=CC=C(N)C9,0.1275055103003978
HADOFAISKHWILI-UHFFFAOYSA-N,O=C(NC(COC1OC(CO)C(O)C(O)C1O)C(O)CC(O)CCCCCCCCCCCCC)C(O)CCCCCCCCCCCCCCCCC,0.1043162416666746
OSBQLQDGOUJNGV-UHFFFAOYSA-N,O=C1C(=COC=2C1=CC=C3OCN(CC32)CCCOC)C=4C=CC=CC4F,0.0044480855634901
BXIVGJPVRNNTBU-UHFFFAOYSA-N,O=C(OC1CCC2(C)C(CC(=O)N3CCCC3CO)C(O)CCC2C1(C)CO)NC4=CC=C(C=C4)C,0.0054527687490917
WMSXFJPMVBOLNS-UHFFFAOYSA-N,O=C1OC(=CCCC2CCCCC2)C3=C1C4C(CC3)C5C(C=6C=C(O)C=CC6C=7C=CC=CC7)=C8C(=O)OC(=CC(CC=9C=CC=CC9)CC)C84CC5,0.1393307963386178
OWTLTVRMNKSRJY-UHFFFAOYSA-N,O=C1OC=2C=C(OC)C=CC2C(=C1CC(=O)NC(C(=O)O)CCCNC(=O)N)C,0.0035183740532374
FWDLCOHYHGINHA-UHFFFAOYSA-N,[O-][NH+](O)C=1C=C(C=CC1I)C=2C=C3N(C2)C=4C=CC=CC4N3C,0.0120889199781231
ZGOXWFDGRKWPQL-UHFFFAOYSA-N,O=C(C=1C(=NOC1C(O)C)C=2C=CC(OC)=C(OC)C2)N(CC)C3CCCCC3,0.0019701865661772
VUGPKSCDPBMZCX-UHFFFAOYSA-N,O=C(OC1C(=CC2C3C(C(OC(=O)C)C(O)C3(C)C(OC(=O)CCC)CC2(C)C(OC(=O)CCC)C1O)C(C)C)C)C,0.024929237604374
QTLQVMGAXZJADU-UHFFFAOYSA-N,O=C(OC1C(C)C(OC)C=COC2(OC3=C(C2=O)C4=C5N=C(SC5=C(NC(=O)C(=CC=CC(C)C(O)C(C)C(O)C1C)C)C(O)=C4C(O)=C3C)N(CC)CC)C)C,0.214563050866127
BPMQFDVLNWWBEG-UHFFFAOYSA-N,O=CC12CC34C5OC6CC7=CC=CC(=C7)CC8CCC(C8)C9CC=CC%10CC5C2(O)C(CC%109)C(O)C%11(O)C1CCC%12%13CC%14(C#CC%15=CC=CC(=C%15CC(NC)C%16CC(CC%11%12O)C%13C%17=CC(=O)OC%17%16)CO)CCC(CC=%18C=CC=C(C%18)CC%19=CC=CC(=C%19)C%20CCC4C(C%20)CC3C6)C%14,0.0515781362075358
JQNRHUCIOVXOSD-UHFFFAOYSA-N,O=C1OC(C=2C=COC2CC(C(O)CO)C3CCC4C(C=CN5CNCC54)C3)C6(C)CC7CC89CCCC9CC%10=CC%11C%12(OC%10%13C8C(=O)OCC%14%13C%12C(=O)C(O)C(C%15CCCC(CC=%16C=CC=CC%16)C%15)(C7%14)C%176OC1%17)C%18C=CC%19=CCC%20C%21CCCCC%21C=CC%11%20C%19C%18,0.0751811396330595
NETJFCSTKZCARC-UHFFFAOYSA-N,O=C1C=C(OC(=C1O)C(C2=CC=3C=CC=CC3N=C2N(C)C)CC(=O)OC)CN4CC5=CC(OC)=C(OC)C=C5CC4,0.0044710817746818
NZZUEFKKZKOFNX-UHFFFAOYSA-N,O=C1C(=C)C2CC(O)C3C45COC(O)(C(O)C5C(C)(C)C(O)CC4)C13C2O,0.1008845701813697
KGLKYKXMXCEBBA-UHFFFAOYSA-N,O=C(OCC(OC(=O)CCCC=CCC=CCC=CCC=CCCCCC)COP(=O)(O)OCC(O)COP(=O)(O)OCC(OC(=O)CCCCCCCCCCCCCCC)COC(=O)CCCCCCCC=CCC=CCCCCC)CCCC=CCC=CCC=CCC=CCCCCC,0.0009380065124499
WRPAREFSOUFJMM-UHFFFAOYSA-N,FC(F)(F)C(F)(F)OC1=CC=C(C=C1)C,0.0001218935684633
JQVBUKIZRGPYHG-UHFFFAOYSA-N,O=C1C(OC2OC(COC3OC(C)C(O)C(O)C3O)C(O)C(O)C2O)=C(C(=O)C=4C=C(O)C=C(O)C14)C=5C=CC(O)=C(O)C5,0.0012252326952875
APQWFBAUDLRILI-UHFFFAOYSA-N,O=C(N)C1=CC=C(C=C1)NC(=O)CCCCC2SSCC2,0.0005411110673776
JWNIGTXBECBGAM-UHFFFAOYSA-N,O=C1C(O)C2C(C(O)C=C3CC(OC4OC(CO)C(OC5OC(C)C(OC6OC(C)C(O)C(O)C6O)C(O)C5O)C(O)C4OC7OC(C)C(O)C(O)C7O)CCC32C)C8CC9OC%10(OCC(C)CC%10)C(C)C9C18C,0.0222690694965422
MEEMUWMUIJCHGZ-UHFFFAOYSA-N,O=C(OCC1C2=CC=C3C=4C(OCO)=CC(O)=CC4CC56C3=C2OC1C7=C8C=CC9NC%10CCCC(CSSCC9OC8=C(O)C(=C7CC#CC=%11NC(N)C=CC%11CC(CC5)C6)CNC)C%10)C,0.043697599042207
HQVNNIVKWHVGAD-UHFFFAOYSA-N,O=C1OC(=CC2(CC)CCCC2)C3=C1C4C(CC3)C5C6=C7C(=O)OC(=CCC(C(SSCNC8=CC(=CCN8)C6CN9C(=O)C=CC9=O)NCC(O)C%10CCCCC%10CC=%11N=CNC%11)C%12C%13C=CC%14C#CC(CO)CC(CO)CC(C%13)CC%14%12)C74CC5,0.0468771025072783
WIWGXURDMPANAJ-UHFFFAOYSA-N,O=C(OCC1=CSC2N(C(=O)C2(OC)NC(=O)CCCC(N)C(=O)O)C1C(=O)O)N,0.1523834492545575
WAWDOPWHBAMFRP-UHFFFAOYSA-N,O=C1OC2=CC=C3C(=O)C(OC3=C2C(C4=CC=5C=CC=CC5NC4=O)C1)=C(C)C,0.0018805058811267
OOROVXULOZWVFP-UHFFFAOYSA-N,O=C(O)CC(CCC=1C=CC=CC1)C(CCN)C(CNC)CCCC=CCCCCCC,0.0141631985650747
DBHRAKCXXAJPIG-UHFFFAOYSA-N,O=C1OC2(C=3C=CC=C(C13)CCCN)C4CCCCC5=CC=CC(=C5)CC6CC7=C8CCC92C(OC(=O)C749)=C(O)CC(N%10CC%11CN%12C%13=C(CCC%12C(C%10)C%11)CC(C)C6C%138)CC%14CCCCC%14,0.061099656810984
QODPASWLKWJHBB-UHFFFAOYSA-N,N=1C=CC=2C=3C=CC=CC3NC2C1CC4CC5C=6NC=7C=CC=CC7C6CCN5CC4CC,0.0085267545655369
JMLDXSOHLYWBHA-UHFFFAOYSA-N,O(C=1C=C2C(=CC1OC)C(NC3(C2)CCCCC3)CC=C)C,0.0022645635304797
OXOPCSJXUOZWDB-UHFFFAOYSA-N,O=C(OC1CC(=C)C2CC(O)C3(OC3)C2C4OC(=O)C(=C)C14)C(=C)C,0.0004574240979664
HCHZEVQOJLMGIU-UHFFFAOYSA-N,O=C1C=C(OC(=C1O)C2(CC(=O)NCCC3=CC=C(OC)C(OC)=C3)CCSCC2)C,0.007665806494333
SOMMYYPVYDLXBX-UHFFFAOYSA-N,O=C1C(=C2CCC3C4(C)CC(C=5C=C(O)C=C(C5)CNC)C(=O)C(C)(C)C4CCC3(C)C2(C)C1)C(CCC)CC(O)C6OC6(C)C7CCCC7C=8C=CC=C(N)C8,0.0857568774372339
IZDCEPQERHDIIU-UHFFFAOYSA-N,O=C(NC1CCN(C(=O)C2=CC(=NN2C)C)C(C(=O)N3CCCC3C(=O)OC)C1)C=4SN=NC4C,0.0112637261510826
CUBWPEJFBBHBHB-UHFFFAOYSA-N,O=C(OC1CC(OC2C3CC4=CC=C(O)C(OC5CCC6CCC7CC8=C9C=CNC9=CN8C%10N=C(NCCCC=%11C=C(N)NCC%11)NC6(C5C#CC3CCC12)C%107C(O)NC)=C4)C%12=CC(O)=C(O)C(OCCC=%13C=NC=CC%13)=C%12)C,0.0506674453616142
QKXCRFLVKRTMQI-UHFFFAOYSA-N,O=CCC(O)(O)C1C=C2CCC(C3=CC=C(O)C=C3)(CC4=CC=CC(=C4)C5(CCC6C=C7C=CC=CC7=CC6C5)C1C(=O)O)C(C2)CCCCCC(C=O)C8C=C(CCN)CC8,0.0078901998698711
NFDUYCJMCKGNSR-UHFFFAOYSA-N,O=C(OC1CC(=O)C23C(=O)NC(CC=4C=CC=CC4)C3C(C(=C)C(O)C2C=CCC(C)CC1(O)C)C)CCC(C)CC=CC=CCCCCCCC,0.0572200404363684
HHJWNBIIERKBMK-UHFFFAOYSA-N,O=C1OC2=CC(O)=C3C(=O)C(O)=C(OC3=C2C(C=4C=CC=CC4OCCC5=CC=C(OC)C=C5)C1)C=6C=CC(O)=C(O)C6,0.0066582606232259
XZICHCXKLPPNPE-UHFFFAOYSA-N,O=C1CC(C2=CC(OC)=C(O)C=C2CO)C(C#CC3CNC4CC5C=C6C=CC(O)CC6C7=CC8CCCC98CC75C%10CC9C%11=CC(O)=C(O)C=C%11C4%10C3C(O)C1CCCCC)CC=%12C=CC=CC%12,0.0539500568993389
DGABSSAOKQLLFS-UHFFFAOYSA-N,OC1=CC=C2C(=C1)C(C)CC2,0.0033553635643329
CICOJTKLKAOXLL-UHFFFAOYSA-N,O=CC1=C(OCC1C)C,0.0023416906609782
OTPFVLRDOUDXMI-UHFFFAOYSA-N,O=C1CC(=O)C2C(=CC=3NC=CC3C2CCCCC=4C=CC=C(O)C4)CNC=5NC=CC5CC6=CC=CC(=C6)CC7=CC(=CC(OC)=C7O)CC1,0.041595775593305
IWYABMCTSJQLMK-UHFFFAOYSA-N,O=C(OC=1C=2C(=O)C=3NC(=O)C(=CC=CC(C)C(O)C(C)C(O)C(C)C(OC(=O)C)C(C)C(OC)C=COC4(OC(=C(C4=O)C2C(=O)C3N5CCCCC5)C1C)C)C)C6=CC=C(C(Cl)=C6)C,0.1494887335225939
SERITHPGXJNZPQ-UHFFFAOYSA-N,O=C(OC)C1=COC(OC2OC(CO)C(O)C(O)C2O)C3C1C=CC43OC(=O)C(=C4)C(O)C5=CC=C(O)C(OC)=C5,0.0213754263357259
JNQVRSDTCGCDKP-UHFFFAOYSA-N,O=C(OCC)CC(=O)C=1C(=O)C=2C=CC=CC2N(C1O)CC,0.116999452933669
OABMTVQEVWVWGC-UHFFFAOYSA-N,O=C(O)C1=C2NC=3C=CC=CC3C24CCN5CC(=CC)C1CC54,0.0007830042838548
KFJVTJCNKVCDEX-UHFFFAOYSA-M,O=C(N)[C]1[CH][CH][CH][CH][NH+]1C2OC(COP(=O)([O-])OP(=O)(O)OCC3OC(N4[CH][N][C]5[C]([N][CH][N][C]54)N)C(O)C3O)C(O)C2O,0.0907329773530364
DOZZYPQKQILXDE-UHFFFAOYSA-N,O=C1CC(C)CCC2OC(C=CC(O)(C)C1)(CCC2(O)C)C(C)C,0.0021759468800155
QCCVQRMVKNSDJZ-UHFFFAOYSA-N,O=C1C(=C2CCC3C4(C)CC5(C=6C=CC=C(O)C6)C(=O)C(C)(C)C4CCC3(C)C2(C1)CCC5)C(C)CC(O)C7OC7(C)C8CCCC8C=9C=CC=C(O)C9,0.0549240246415138
CBWHGWZXBNXNQD-UHFFFAOYSA-N,S=C(NCCOC)NCC1N2CCC(C1)C(CN3CCOCC3)C2,0.0002325935069166
PFIQZILIYIKTOR-UHFFFAOYSA-N,O=C(OCC1C=2C=CC=CC2C=3C=CC=CC31)NC(C(=O)O)CC4N(C(=O)OC(C)(C)C)CC4,0.0012984846645849
UGWQJQZMUQXIIO-UHFFFAOYSA-N,O=C(O)C1OC(OC=2C(=CC=CC2C)C)C(O)C(O)C1O,0.0004908416325633
NOCJXYPHIIZEHN-UHFFFAOYSA-N,O=C(O)C1=CN(C2=CC=C(F)C=C2)C3=CC(=C(F)C=C3C1=O)N4CCN(C)CC4,0.967178201675415
HSAFPAGDPWLJHC-UHFFFAOYSA-N,O=C(OC)CC(C=1OC(=CC(=O)C1O)CN2CC3=CC(OC)=C(OC)C=C3CC2)C4=CC=C(OCCC5=CC=C(OC)C=C5)C=C4,0.0019661466241814
MKFOXUCAURYWKB-UHFFFAOYSA-N,OC=1C=C2C=C(O)C1C(CCCC)CCCCC(C)C(O)C3=CC(O)=C(C(O)=C3)C(CCCC)CCCCC(C)C2,0.0970450825057923
YDFMRHVTUVJMHS-UHFFFAOYSA-N,O=C1NC=CC=2C=C(OC3CCN(C(=O)C(NC(=O)C(N(C)C)CC=4C=CC=CC4)CC=5C=CC=CC5)C3C(=O)NC1C(C)CC)C=CC2OC,0.1284726418554783
SOPLTPIHSJXIFF-UHFFFAOYSA-N,O=C1C(=C2CCC3C(C)(CC4NCC(O)(C)CCCCC5(C(=O)C(C=6C=C(O)C=C(C6)CNC)CC3(C7CCCC7)C45)C)C2(C)C1)C8C(CCC9CCCCC89)C(O)C%10OC%10(C)C%11CCCC%11C=%12C=CC=C(N)C%12,0.0569545645266771
YHXRGUWLQJECEW-UHFFFAOYSA-N,OCC1C(OCC1C(O)C2=CC=C(OC)C(OC)=C2)C3=CC=C(OC)C(OC)=C3,0.0069073624908924
JKIBLHXBEWIREM-UHFFFAOYSA-N,O=C(O)CCC(NC(=O)CCCCC)C(=O)NC1C(=O)NC(C(=O)NC2C(=O)N(C(O)CC2)C(C(=O)N(C)C(C(=O)NC(C(=O)OC1C)C(C)C)CC3=CC=C(O)C=C3)CC(C)C)CCCCN,0.2405706983059644
ITYZAHDTMGHXLH-UHFFFAOYSA-N,O=C(OC1CC(=O)OC(C)(C)C2CC3OC45C(O)CC(C6=COC=C6)C5(C)C(O)C(O)C(C12C)C34C)C,0.008038174745161
YKRGOQBLGCMVTK-UHFFFAOYSA-N,O=C(NC(C(=O)NC(C(=O)NC(C(=O)NC(C(=O)NC(C(=O)NC(C(=O)NC(C(=O)NC(C(=O)NC(C(=O)NCC(=O)NC(C(=O)NC(C(=O)N1CCCC1C(=O)NC(C(=O)NC(C(=O)NC(C(=O)NC(C(=O)NC(CO)C(C)C)CCC(=O)N)(C)C)(C)C)CC(C)C)(C)C)CC(C)C)(C)C)CC(C)C)(C)C)CCC(=O)N)(C)C)(C)C)C)CO)(C)C)C,0.200029160361737
NYJZYKZDHNLGBW-UHFFFAOYSA-N,O=C(OCC1C2=CC=C3C=4C(OC)=CC(O)=CC4CC56C3=C2OC1C7=C8C=CC(NC)COC8=C(O)C=C7CC#CC=9NC(N)C=CC9C(CCC=%10C=CC=CC%10)C(CC5)C6)C,0.1138404497876763
NFUCPLNQHDGFBD-UHFFFAOYSA-N,O=C1OC2C3CC(O)CC4CC(C=5C=CC=C(O)C5)C6=CC(=CNC6N)CC(C)(CC=7C=CC=C8C(=O)C9(OC19C(=O)C87)CC(=C(C)CCC%10=CCNC=%11NC(NC)CCC%10%11)CO)CCCCC%12CC=CC%13=CC(NCC%14CCCCC%14)(CC43)C2CC%13%12,0.0897337232949212
DHCPFKRPJNYDCL-UHFFFAOYSA-N,O=C(OC1C(=O)CCC23OC3CCC(C)C2(C=C1C)C)C,0.001664984693707
URBWLZDPFRXATL-UHFFFAOYSA-N,O=C1OC(=CCC2(CCCC2)C3CCNC(NC)C3)C4=C1C5C(CC4)C6C(C=7C=C(O)C=CC7C=8C=CC=C(C8)CNC)=C9C(=O)OC(=CC(CC=%10C=CC=CC%10)CC)C95CC6,0.2024017661809921
URVZAZCWJLNLLK-UHFFFAOYSA-N,O=C(NC1=CC=CC(=C1)C(=O)NCC2CCCN3CCCCC32)C=4OC=CC4,0.0002536450815568
LFTWWMHFOLXRHQ-UHFFFAOYSA-N,O=C1C2=C3C(CN4C=C(C=5NC=C(C54)CCC2(C)CC(O)C6OC6(C)C)C7C(=O)CCC=8C7=CC(=CC8C9(O)CCOCC9)C%10CCCCC%10)C(O)C%11C(C)(CC%12(CCCC%12)C%13C(C(=O)C%14C=%15C=CNC%15C%16CCC%14(C%16)C%11%13C)(C)CCNC)C3(C)C1,0.0830846492201089
VCDBABNZURZSIS-UHFFFAOYSA-N,O=C1C2=C3CCC4C5(C)C6C=CCC78C(=O)C6(C=9C=C(O)C=C(C9)CNC)CCCC3(C1)C4(CC(NCC(O)(C)CCCC7)C85)C%10CC(C=CC%10O)C%11CCC(CO)C%12C=CC(C(O)C%13OC%13(C)C%14CCCC%14C=%15C=C(N)C=C(C%15)CC(C)C)C2C%12%11,0.0834038293920457
JELZYHLFEQZWEE-UHFFFAOYSA-N,O=C(OC1CC2C(C)(CCC3C(C)(C)C(OC(=O)C)CC(OC(=O)C)C32C)C4(C)CCC(C14)C5(OC(CC5)C(O)(C)C)C)C,0.0084539469098672
SEXYDDXUERLOFL-UHFFFAOYSA-N,BrC=1C=C(C=C(O)C1O)CC2=C(Br)C(O)=C(O)C=C2CO,0.0047229276970028
FGXYYCWDPYDAOS-UHFFFAOYSA-N,N=1C=CSC1C2=CNC=3C=C(OC)C=CC32,0.010715520690428
VUTHTPRTMKNOPJ-UHFFFAOYSA-N,O=C1OC2=CCC3(CCC(CC=4C=CC=C(C4)CCNCC5=CC=CC(=C5)C=6C=CC(O)=CC6C7=C8C(=O)OC(=CC(CC=9C=CC=CC9)CC)C8%10CCC7C%11CCC2=C1C%11%10)C3)C%12CCNC(NC)C%12,0.1225205958820879
JPLUXSIYIQGVTD-UHFFFAOYSA-N,O=C1C(O)=C(OC1=CCC)C,0.0212387426989153
CRXQYXALRJLSEU-UHFFFAOYSA-N,O=C1C(=C2CCC3C4(C)CC5(C=6C=C(O)C=C(C6)CNC)C(=O)C7(C)CCCCC(O)(C)CNC(CC3(C)C2(C1)CCC5)C74)C(CC(O)C8OC8(C)C9CCCC9C=%10C=CC=C(N)C%10)C%11CCCC(CO)C%11,0.1340305358171463
ODCKPDUHGXHCDF-UHFFFAOYSA-N,OC1C2CCC1C3OC2C=C3,0.0032061872974736
KSMQMQRYODZHPE-UHFFFAOYSA-N,O=C1NCC=2C1=C3C4=CC=CC=C4N5C3=C6C2C=7C=CC=CC7N6C8(OC5CC(N9C=CC=C9C(=O)C)C8O)C,0.3448183212429285
XJIDULRGKIKAHC-UHFFFAOYSA-N,N1CC2CN3CCCCC3C(C1)C2,0.0001015779408277
OPFISTFKTOJFJH-UHFFFAOYSA-N,O=C1C=2C(O)=C(C(O)=C(C2OC(C)(C)C1)CC=3C(O)=C(C(O)=C(C3OC)C)C(=O)C(C)C)C,0.0765511873178184
KFPSXIUIQQIXCJ-UHFFFAOYSA-N,O=C(O)CC(C=CCCCCCCCCC1C=C(CO)CC1)CO,0.0049306686365355
SLWGOYZIAQFRAQ-UHFFFAOYSA-N,O=C1OC2(O)C(=C1)C3CCC(C(C)CCC(C)C(C)C)C3(C)CC2,0.1011867512017488
BJINKCRYMIKKCL-UHFFFAOYSA-N,O=C(N(CC1=CC=C(OC(C)C)C=C1)CCC(C2=CC=C3OCOC3=C2)C=4C=CC=CC4OC)C,0.0036473644460784
BCPWKZXEJUGLHO-UHFFFAOYSA-N,O=C1C(=CC=C2N1CC3CN(C(=O)C4CCCCC4)CC2C3)C=5C=CC=C(C5)C(F)(F)F,0.0101232850545784
UDDAUGAFICGFLE-UHFFFAOYSA-N,O=C(OC)C1=CC(O)=C(O)C=2OC=3C=C(O)C=C(O)C3C(=O)C21,0.0034904597938293
QVHJZMVUVSGSKG-UHFFFAOYSA-N,O=C1C2=C3C4CN5C=C(C=6NC=C(C65)CC(CC#CCC7(CCC8C(C(=O)C9C=%10C=CNC%10C%11CCC9(C%11)C8(C)C7C4O)(C)CCNC)C3(C)C1)C2(C)CC(O)C%12OC%12(C)C)CC=%13C=C(C=C(C%13)C%14(O)CCOCC%14)C%15CCCCC%15,0.0460142757743597
DOALBJDTZPDTPE-UHFFFAOYSA-N,O=C(C=1C=CC=CC1)C2=C(SC3=C2CCCC3)NC(=O)C,0.018369874212658
TUGZYCLFXWQTHK-UHFFFAOYSA-N,O=C1NC=2C=C(OC)C=CC2C=C1C=C3C(=O)C4=CC(OC)=C(OC)C=C4C3,0.0028728671055432
TXSFOBBWPXNVCN-UHFFFAOYSA-N,ON=C1OC2=CC=3OC(=C(C3C=C2C(=C1)C)C)C,0.0050028391822706
CWULDWOUVFORDH-UHFFFAOYSA-N,O=CC(C=1C=C(C=C(C1)C2(O)CCOC3(CCCCC3)C2)C4CCCCC4)C5=CN6C7=C5NC=C7CCC(C=8C(=O)CC9(C8C(C6)C(O)C%10C9(C)CCC%11C%12(C(=O)CC%13(CCC(O)C%13)C%11%10C)CCCC(NC)C%12)C)(C)CC(O)C%14OC%14(C)C,0.0403795752674341
AKNNGEYQDAFAKK-UHFFFAOYSA-N,O=C(OC=1C=2C(=O)C3=CC(=O)C2C=4C(=O)C(OC=CC(OC)C(C)C(OC(=O)C)C(C)C(O)C(C)C(O)C(C=CC=C(C(=O)N3)C)C)(OC4C1C)C)C5=CC=C(Cl)C=C5Cl,0.2635696597397327
VKMZDPMBXDRBJW-UHFFFAOYSA-N,O=C1C(OC2=CC=C(OC)C=C2)=COC3=CC(OCC4=CC=C(F)C=C4)=CC=C31,0.003975747419463
BAPDHAOTAZJLRM-UHFFFAOYSA-N,O=C1OC2=CC(OC)=CC3=C2C=4C1=C(O)C(OC)=C(OC)C4CC3,0.0199541130918078
FELIIWBEOOHFKO-UHFFFAOYSA-N,FC1CN(CC2=NC=CN2C)CC1OCC3=NC=4C=C(OC)C=CC4N3,0.0025748178450157
FNRSUKBPOJJNNE-UHFFFAOYSA-N,O=C1OC(C=2C=COC2CC(C(O)CO)C3CCC4C(C=CN5CNCC54)C3)C6(C)CC7CC89CCCC9CC%10=CC%11C%12(C=CCC%13%11OC%10%14C8C(=O)OCC%15%14C%13C(=O)C(O)C(C%16CCCC(CC=%17C=CC=CC%17)C%16)(C7%15)C%186OC1%18)C=CC%19CCCC%19C%12C,0.0445994780980981
MIPGWACREPAHRC-UHFFFAOYSA-N,O=C1OC2(C(=O)CCC(=CCC=C(C)C(O)CC(C1=C)CC2)C)C,0.0005553176072965
YGRSVIBUWOLDRY-UHFFFAOYSA-N,O=C1C=2C=CC=CC2C(=O)C31OC(C=4C=CC=CC4)C5C(=O)N(C6=CC=C(C=C6)C)C(=O)C53,0.0167050497606396
PYSCLKYQWXVQGS-UHFFFAOYSA-N,O=C1OC(C(=O)N(C)C(C(=O)OC(C(=O)N(C)C(C(=O)OC(C(=O)N(C)C1C(O)C)C(C)C)C(C)C)C(C)C)C(C)C)C(C)C,0.0663931054994464
YXACCHLOUSCDDR-UHFFFAOYSA-N,O=C1C=2C(O)=C(C(OC3OC(CO)C(O)C(O)C3O)=CC2OC(C4=CC=C(O)C=C4)C1O)CCC(O)(C)C,0.0079558141063898
ZTXNNGIJFDMQRC-UHFFFAOYSA-N,O=C1OC=2C=C(OCC(=O)NCCC3=CNC=4C=CC=CC43)C(Cl)=CC2C(=C1)CC,0.0272417904343456
VJWYQRXPCZNDKS-UHFFFAOYSA-N,O=C(OC1CC2(C)C3CC=C4C(CC(OC5OC(CO)C(O)C(O)C5O)C(O)C4(C)C)C3(C)CCC2(C)C1C(O)(C(=O)CCC(O)(C)C)C)C,0.0128928201040253
UPZNPUZCOUOQTB-UHFFFAOYSA-N,O=C1OC(=CC2(CC)CCCC2)C3=C1C4C(CC3)C5C6=C7C(=O)OC(=CCC(C(SSCNC8=CC(=CCN8)C6CN9C(=O)C=CC9=O)NC%10CCC%11CCCC(CC=%12N=CNC%12)C%11C%10O)C%13CCC%14CC(CO)CC(C#CCC%13C%14)CO)C74CC5,0.0481293872464448
CDJHWSUBFSVZDX-UHFFFAOYSA-N,O=C(O)C1(C)C(O)C(O)CC2(C3=CCC4(C)C5CCC(C(C)C)C5(C)CCC4(C)C3CCC21)C,0.0278272837400436
SDWCEAJXGPTNJJ-UHFFFAOYSA-N,O=C1N(C=CC=2C=C(OC)C(OC)=CC2C1)CC=CC=3C=CC=CC3,0.0010439765179398
SGTGATYYOLEYPG-UHFFFAOYSA-N,O=C(O)C=1C=CC=CC1NC23C(=O)C=CC(=CCC(O)C=4C=C(O)C=C5NC(=O)C(NC6=CC(O)=CC=C6C(=O)O)(C(=O)C=CC(=CCC(O)C=7C=C(O)C=C(NC2=C)C73)C)C54)C,0.0109986195064266
CIJOGBWCKPXFSS-UHFFFAOYSA-N,O=C1CC2C(CCC3CC4=NC5=C(N=C4CC32C)CC6CCC7C8=CC9OC%10(OCC(O)(C)CC%10)C(C)C9C8(C)C(O)CC7C6(C)C5)C1%11CC%12OC%13(OC(C)(C)CC%13)C(C)C%12C%11(O)C,0.0102726497221738
OWWOBBXXBFLSEQ-UHFFFAOYSA-N,O=C1C2=C3C(CN4C=C(C=5NC=C(C54)CCC2(C)CC(O)C6OC6(C)C)C7C(=O)CCC=8C7=CC(=CC8C9(O)CCOCC9)C%10CCCCC%10)C(O)C%11C(C)(CCC%12C(C(=O)C%13C=%14C=CNC%14C%15CCC%13(C%15)C%12%11C)(C)CCNC)C3(C)C1,0.0871437732130289
GUBPVEOBBMOGJY-UHFFFAOYSA-N,O=C(OC(CC(=O)CCC1=CC=C(O)C(OC)=C1)CCCCCCC)C,0.0149735384038649
JCUSQRDCFFUUQL-UHFFFAOYSA-N,O=C1OC(=CCC2(CCCC2)C3CCNC(NC)C3)C4=C1C5C6(C=CC(NC)C7=CC=CC(=C7)C=8C=CC(O)=CC8C9=C%10C(=O)OC(=CC(CC=%11C=CC=CC%11)CC)C%105CCC96)CC4,0.2336495276540517
LOPAZTOAJGDPBT-UHFFFAOYSA-N,O=C(O)C(C)CC(C)CC(C)CC(C(=O)C=C(O)C(C)CC(C)CC=CC(C)C(C)CC1OC(C)(CC1)C2OC(C)(CC2)C(O)C)CC,0.0461033883853815
ASWFUVRUSRMWBI-UHFFFAOYSA-N,[O-][NH+]1[N][CH][C]([C]2[CH][CH][CH][CH][C]21)C,0.1558825640007853
RBWZIAHCBSKPFO-UHFFFAOYSA-N,OC=1C=C(OCC(=C)C)C=CC1C2=NC=NC=C2C3=CC=C(OC)C(OC)=C3,0.0023724398750346
WYMAFMIKLCTVAP-UHFFFAOYSA-N,C=CC=CC1C=CCC=CC1,6.349126458083899e-05
FFHWRBHSTIFOBB-UHFFFAOYSA-N,O=C(OC1CC2=C(O)C=3C(=O)C=C(OC3C4=C2OC1(C)C5CC6=CNC7NC(C=CC7=C6CCC5C8C9=C(N)NCC=C9C4C(C%10=CC(O)=CC=C%10CC8)CO)C)CO)C(=CC)C%11(O)CC%12C=%13C=CC=C%14C%13C%15(CCC%12C%11C%15)CC(CC(O)CC(C)C)C%14O,0.0523039468564093
VCTVQKOYKPDXFK-UHFFFAOYSA-N,O=C1C(=C2C(CN3C=C(C=4NC=CC43)CC5=CC(=CC(=C5)C6CCOCC6)C)C(O)C7C8(C)CCC(=O)C(C)(C9CCCC9)C8CCC%107CCCC1C2%10C)C(C)CC(O)C%11OC%11(C)C,0.0599705420434475
VJRFOMKRPJBZKL-UHFFFAOYSA-N,O=C1OC2CC(C(=O)CCC(O)(C)CC(OC(=O)C(C)C)C2C1=C)C,0.00371026098328
JPIHUIYVPUXNRG-UHFFFAOYSA-N,O=C1C=C(C=2C=C(OC)C(O)=CC2CC3=CNC(N)C=C3C(CC=4C=CC=C(C4)CCC=5C=CC=CC5)C6C#CNC(=NCC(CCC=7C=CC=CC7)C8CCC9(C(NCC(O)C)CC%10(CC(CC(=O)C1)CCC%109)CC%11C%12NCC=CC%12CC%13CNCCC%13%11)C8CSSC6)N)CO,0.0154239198571303
NTOSEONFBFZTIS-UHFFFAOYSA-N,O=C(OC)C1=CC=C(C=C1)N2C(=O)C3N(C2=S)C(C=4C=CC=CC4)C=5NC=6C=CC=CC6C5C3,0.0020907002821331
DEDAMYUZTARNNU-UHFFFAOYSA-N,O=C(OCC1C2=CC=C3C=4C(OC)=CC(O)=CC4CC56C3=C2OC1C7=C8C=CC9NC%10CCCC(CSSC(CC=%11C=CC=CC%11)C9OC8=C(O)C%12=C7C%13C#CC=%14NC(N)C=C%15C%14C(C(C=%16C=CC=C(C%16)CC(C#C%13)C(COC)C(CO)CNC%12)CC%15)C(CC5)C6)C%10)C,0.0416021770332008
GTEJBSPTVMUJLU-UHFFFAOYSA-N,O=C1CCC2=CC=C(OC)C(OCC3=CC=C4C(=C3)C(=CC(O)=C4C(C#COC(C1)CC5C=C(O)C=CC5CCCCC=6C=CC=C(C6)NC(=N)NC)CC=7C=CC=CC7)CC)=C2,0.0241329194977879
MLBNOYSFHXHCOV-UHFFFAOYSA-N,O=C1OC=2C=3OC4=C(O)C(O)=C(O)C=C4C(=O)OC5C(O)OC6COC(=O)C7=CC(O)=C(O)C(O)=C7C8=C(O)C(O)=C9OC(=O)C=%10C(=C(O)C(O)=C%11OC(=O)C8=C9C%11%10)C%12=C(O)C(O)=C(O)C=C%12C(=O)OC6C5OC(=O)C(=CC3O)C2C%13=C(O)C(O)=C(O)C=C1%13,0.0574394542258232
IMTGLMLLKOOUQM-UHFFFAOYSA-N,OCCC1(C)CC2=C3C=CC4C5(C)CCC(OC6OC(C)C(O)C(OC7OC(CO)C(O)C(O)C7OC8OC(CO)C(O)C(O)C8O)C6O)C(C)(CO)C5CCC4(C)C3(C)CC(O)C2(CO)CC1,0.0527685081586241
XLGFTDAWKJSXDJ-UHFFFAOYSA-N,OC=1C=CC=2C=3N=C4C(C=NN4C(C)C)=C(C3OC2C1C)C5=CC=6C=CC=CC6OC5,0.0046023293893085
WTVPVBJBQWAWEE-UHFFFAOYSA-N,O=C1OC(=CCC(CO)CCCCO)C2=C1C3C(CC2)C4C(C=5C=C(O)C=CC5C=6C=CC=C(C6)CNC)=C7C(=O)OC(=CC(CC=8C=CC=CC8)CC)C73CC4,0.1571663798764348
MWWUFDRALWXXNG-UHFFFAOYSA-O,O=C(O)C(C(=O)OC(O)(CO)C1OC(OC2=CC=C3C(=O)C(=COC3=C2)C=4C=CC(O)=CC4)C(O[NH+]5C(C6=CC(=CC(=C6)C)C)=C7N=CC=C7C5)C(O)C1O)C(NC)CCO,0.0145815462921746
NBCAKURIMWVVET-UHFFFAOYSA-N,O=C1OC2C3C=4C(OC2(C)CCSSCC5=C(N)NC(C=C5C6C=C(C=C(N)N6)CCC7OC17C8CCC3C(CNC)C8)CN9C=C%10C=CNC%10=C9)=CC=%11OC(=CC(=O)C%11C4O)C,0.0968736208742484
BISJAGFNEBLAPN-UHFFFAOYSA-N,O=C(OCC=C(C)CCCC(C)CCCC(C)CCCC(C)C)CCC1C2=NC(=CC3=NC(=CC4=NC(=CC5=NC=6C(C(=O)C(C(=O)OC)C62)=C5C)C(CC)C4C)C(C(=O)C)=C3C)C1C,0.0614028606563806
WKVQWLISVNCDRM-UHFFFAOYSA-N,O=C1C=C(OC=2C=CC=C(O)C12)CCCCCCCCCCCCC,0.2962797850370407
RKMPSFOSOYAPDZ-UHFFFAOYSA-N,OC1CC2=CCC3C(=CCC4(C)C3CCC4C(C)CCC(=C)C(C)C)C2(C)C(O)C1,0.0024076147936284
WANLLPADDCXPGO-UHFFFAOYSA-N,O=C1N2CCCCC2C(O)=NC(C(O)=NC(C(O)=NC1C(C)CC)CC3=CC=C(OC)C=C3)CCCCCC(=O)C4OC4,0.0186912753619253
PGSZHCNALRWZNP-UHFFFAOYSA-N,O=C1C2=C3C(C)(C1)C4(C)CCC5C(C(=O)CCC5(C)C4C(O)C3(CN6C=C(C=7NC=CC76)CC8=CC(=CC(=C8)C9CCOCC9)C)CCC2(C)CC(O)C%10OC%10(C)C)(C)C%11CCCC%11,0.0644768791273236
SPPHAFURTQONOK-UHFFFAOYSA-N,O=C1C(OC=2C1=CC=C(O)C2CN(CCC)CCC)=CC3=CN(C=4C=CC=CC34)C,0.0113145357463508
GRZFKDNMZPHMDX-UHFFFAOYSA-N,O=C(C=1C=CC=CC1)C23C(=O)C4(CC=C(C)CCC=C(C)C)CC(CC5C(OC(O)C4C5(C2=O)CC=C(C)C)(C)C)C3(C)C,0.0011163990834177
IZLFEUFLSMAFJZ-UHFFFAOYSA-N,O=C(OC1C2=CC=3C(C(O)=C2COC1C)=C(OC)C=C(O)C3C4=C5C=C(OC)C=C(OC)C5=C(O)C6=C4C(OC(=O)C)C(OC6)C)C,0.0489611924160271
RFYRDWIRUWXNBU-UHFFFAOYSA-N,O=C(O)C1C(O)C2C=CC3C(CC=4C=C(N)NCC4)CC(C(C5=CC(C=6C=CC=CC6)=C(N5)C=7C=C(O)C=C(O)C7CC8=CC=C(C=C8)C(C)C)CCC1CCCCC9C=CC(CCCCC)CC9O)C3(O)C2CNC,0.0650736919604241
SJXBIMRKMGDJJN-UHFFFAOYSA-N,O=C(OC1C2C(OC(=O)C2C)CC(C)C3C(OCC)CC(=O)C13C)C(=CC)C,0.023185141896829
HSVIPWLVWJLPPD-UHFFFAOYSA-N,O=C1OC(C=2C=COC2CC(C(O)CO)C3CCC4C(C=CN5CNCC54)C3)C6(C)CC7CC89C%10CC%11=CC(CC(C)C)C%12(OC%11%13C9(C=CC(C%10)C%148CCCC%14)C(=O)OCC%15%13C%12C(=O)C(O)C(C%16CCCC(CC=%17C=CC=CC%17)C%16)(C7%15)C%186OC1%18)C,0.041603337728884
RVSJRSRXTISNGT-UHFFFAOYSA-N,OC1CC(N)C(OC2OC(=CCC2N)CN)C(O)C1NC,0.2700979758054018
AHOSPPOAEYRVLQ-UHFFFAOYSA-N,O=C(O)C=CC(=O)OCC=C(C)CCC=C(C)CCC=C(C)CCC=C(C)COC(=O)C=CC(=O)O,0.0001221316179473
JPLYTQXBWVUUAG-UHFFFAOYSA-N,O=C1C(=C2C(CN3C=C(C=4NC=CC43)CC=5C=C(C=C(C5)C6CCCCC6)C7CCOCC7)C(O)C8C9(C)CCC(=O)C(C)(C)C9CCC8(C)C2(C)C1)C(C)CC(O)C%10OC%10(C)C,0.2386565543711185
RYLSVBDVGRSVHE-UHFFFAOYSA-N,O=C1CCN2CC3CC(CN4CCCCC43)C2C1,2.4517818013691793e-05
RGVQYTFOJGDTOK-UHFFFAOYSA-N,O=C(OCC)C1=NN(C(=O)C1C(Cl)C2C(=O)N(N=C2C(=O)OCC)C=3C=CC=CC3)C=4C=CC=CC4,0.0917334494180977
BFZSUUCBGMUWLY-UHFFFAOYSA-N,O=C1OC2=CCC3(CC(CC=4C=CC=C(C4)CCNCC5=CC=CC(=C5)C=6C=CC(O)=CC6C7=C8C(=O)OC(=CC(CC=9C=CC=CC9)CC)C8%10CCC7C%11CCC2=C1C%11%10)C(CCC%12(O)CCCC%12)C3)C%13CCNC(NC)C%13,0.0819183965213596
VRAQGVINQMQMRY-UHFFFAOYSA-N,O=C(C1=CC=C(OC)C(OC)=C1)N2CCC(C3=NN=C(O3)CC4=CNC=5C=CC=CC54)C2,0.0037619073642417
RBXCAMBJAPBEIL-UHFFFAOYSA-N,O=C(OCC1C2=CC=C3C=4C(OC)=CC(O)=CC4CC56C3=C2OC1C7=C8C=CC9NC%10CCCC(CSSC(CC=%11C=CC=CC%11)C9OC8=C(O)C%12=C7C%13C#CC=%14NC(N)C=CC%14C(CC%15=CC=CC(=C%15)C%16(CCCC%16)C(C#C%13)C(COC)C(CO)CNC%12)C(CC5)C6)C%10)C,0.0414758713915944
BKXWBAOGONGQJL-UHFFFAOYSA-N,O=CCC(=O)C1(C)C(C(=CC2CC(C)CC(C)C21)C)CC(OC3OC(CO)C(O)C(O)C3O)C(C)C(O)C(=CCC)C,0.0176184220879804
VUGNIDVKEDIMSG-UHFFFAOYSA-N,O=C1OC2(C=3C=CC=C(C13)CCCN)C4CC(C=CC5C6=C7CCC82C(OC(=O)C648)=C(O)C9CCC%10N(CC%11CC%10CN%12C%13=C(CCC%12%11)CC(C)C(C5)C%137)C9C%14CCC%15(CCCC%15)C%14)C%16CCCCC%16,0.045141472434625
KTOJQBPMFODGGT-UHFFFAOYSA-N,O=C1C=2C=CC=CC2N3C(=O)C4=C(OC)C(OC)=CC=C4C3N1CC(=O)NC=5C=CC=6N=C(NC6C5)C,0.0025995522522862
OXNHAAYGVXMNGP-UHFFFAOYSA-N,O=CCC1C#CC(CC2CC3(CC=C4OC(=O)C5=C4CCC6C7C(C=8C=C(O)C=CC8C=9C=CC=C(C9)CNCCC%10=CC=CC(=C%10)C(NCC1(O)C)C2C3)=C%11C(=O)OC(=CC(CC=%12C=CC=CC%12)CC)C%11(CC7)C56)C%13CCNC(NC)C%13)C%14(O)CCCCC%14,0.0413768215104937
JAXYCCAROQZPCI-UHFFFAOYSA-N,O=C1OC2=C(C=CC(OC(=O)C(NC(=O)OCC=3C=CC=CC3)CCCC)=C2C)C(=C1)C,0.0110662731458432
FRSVTVPTKAPUES-UHFFFAOYSA-N,O=C1C=C2C(=CC=C3C2(C)CCC4(C)C5CC(C(=O)CC5(C)CCC34C)C)C6(OC7=C(OC16O)C=C8C(C(=O)CC9C8(C)CCC%10(C)C%11CC(C(=O)CC%11(C)CCC9%10C)C)=C7C)C,0.2457207828760147
WMVPMFGAXCSMSA-UHFFFAOYSA-N,O=C(NC1=NC=C2C(=O)CC(C3=CC(OC)=C(OC)C(OC)=C3)CC2=N1)C,0.0455199400894343
DIMOHYIHKLSOJY-UHFFFAOYSA-N,O=C(OCC1C2=CC=C3C=4C(OC)=CC(O)=CC4CC56C3=C2OC1C7=CC(OCCNC)=C(O)C=C7CC#CC=8NC(N)C=CC8CC(CC5)C6)C,0.0573180649429559
OXQDOVRVEZWKRU-UHFFFAOYSA-N,O=C(OCC(O)C(O)CO)C1=C(O)C=C(C=C1O)C,0.0008800867020909
YOQNYAMCQMZMHX-UHFFFAOYSA-N,O=C1C2=C3C(CN4C=C(C=5NC=C(C54)CCC2(C)CC(O)C6OC6(C)C)CC=7C=C(C=C(C7)C8CCOC9(CCCCC9)C8)C%10CCCCC%10)C(O)C%11C(C)(CCC%12C(C(=O)C%13C=%14C=CNC%14C%15CCC%13(C%15)C%12%11C)(C)CCNC)C3(C)C1,0.1677835911512374
ALNWFSSTDQDNOE-UHFFFAOYSA-N,O=C1OC2C3CC(O)CC4CCC5=CC(=CNC5N)CC(C)(CC=6C=CC=C7C(=O)C8(OC18C(=O)C76)CC=C(C)CC9(NC(=NCCC9)NC)C%10=CCNC=%11NC(NC)CCC%11%10)CCCCC%12CC=CC%13=CC(NCC%14CCCCC%14)(CC43)C2CC%13%12,0.0834049704484641
HNJXIBZSTWZWSE-UHFFFAOYSA-N,O=C1OC2=CCC3(CCC(C3)C(NCC(O)C)C=4C=C(C=C(C4)CCNC5C=CC67CCC2=C1C6C89C(OC(=O)C9=C(C=%10C=C(O)C=CC%10C=%11C=CC=C5C%11)C7CC8)=CC(CC=%12C=CC=CC%12)CC)CNCCC)C%13CCNC(NC)C%13,0.112047216668725
HOFIVXBIWJKTCQ-UHFFFAOYSA-N,O=C(O)C(=CC=CC1(C)C(O)CCC2(C)C1CCC3CC4C5=CC=6C7=CC(OC(C)(C)C7C(O)C6C=8C(=O)C(C(=C)C)C(C85)C4C32C)(C)C)C,0.1984134994447231
RLSSMJSEOOYNOY-UHFFFAOYSA-N,OC1=CC=CC(=C1)C,0.0021221686620265
YOUFJZFVVXHDCX-UHFFFAOYSA-N,O=C(OC1CC(OC(C1)C(CC2=CC=C(O)C(OC3CCCC4(NC(=NC5N6C=C7NC=CC7=C6CCC54)NCCCC=8C=C(N)NCC8)C3)=C2)CCCCC)C9=CC(O)=C(O)C(OCCC=%10C=NC=CC%10)=C9)C,0.0414197613950818
AHTNPRHOSNDIQB-UHFFFAOYSA-N,O=C1C2=C3C(CN4C=C(C=5NC=C(C54)CCC2(C)CC(O)C6OC6(C)C)CC7=CC(=CC(=C7)C8CCOCC8)C)C(O)C9C%10(C)CCC(=O)C(C)(C)C%10CCC9(C)C3(C)C1,0.0785202663391828
OLXNDHPQAMYJQF-UHFFFAOYSA-N,O=C1C2=C3CCC4C5(C)CC6(C=7C=C(O)C=C(C7)CNC)C(=O)C8(C)CCCCC(O)(C)CNC(CC6)(CC4(C(CO)CCC9CCC(CO)CC9C2CC(O)C%10OC%10(C)C%11CCCC%11C=%12C=C(N)C=C(C%12)CC(C)C)C3(C)C1)C85,0.0715018969029188
KZTRRNWHCITOHG-UHFFFAOYSA-N,O=CC12CCC(OC3OC(C)C(O)C(OC4OC(CO)C(O)C(O)C4O)C3O)CC2(O)CCC5C1CCC6(C)C(C7=CC(=O)OC7)CCC56O,0.0068037403747439
AESOLDZPRLNDJZ-UHFFFAOYSA-N,OC1C2C(=C)CC34CC5N6C7OC8CC7(C)C5C(C8)(C6C13)C4C2O,0.0099479373058034
YWCUTLCAOFDLEK-UHFFFAOYSA-N,O=CC=1C2=NC(=CC3=NC4=C(C(=O)OC(=O)C4=C3C)C5=NC(=CC6=NC(=C2)C(C=C)=C6C)C(C)C5CCC(=O)OCC=C(C)CCCC(C)CCCC(C)CCCC(C)C)C1CC,0.081752756005153
ASKGIBDPFYQTPN-UHFFFAOYSA-N,O1OC(OC1CCC(C)C2CCC3(C)C4CCC5C6(OC(CC6)C5(C)C)C4(C)CCC23C)(C)C,0.0566008118912577
LLLQIEMTGFVOIG-UHFFFAOYSA-N,O=C1N(C(=O)C2C3C=4C=CC=CC4C(C5=CC=C(C=C53)C(C)(C)C)C12)C6=CC=C(Cl)C=C6Cl,0.1190910416655242
GTSARBWYZALTHO-UHFFFAOYSA-N,OC(=NCC=1C=CC=CC1)CCCCCCCCCCCCC,0.0205436472781002
ZODLJXUSZLNWGL-UHFFFAOYSA-N,O=C(C(=NN)C=1C=CC=CC1)C2=CC=CC=3C=CC=CC32,0.0038652630522847
ZXPCQHFPBUULIV-UHFFFAOYSA-N,O=C1OC2(C=3C=CC=C(C13)CCCN)C4CC5C=CC=6C(=CC=CC6CC5)CC7=CC8=C9CCC%102C(OC(=O)C84%10)=CCC(N%11CC%12CN%13C%14=C(C=CC%13C(C%11)C%12)CC(C)C7C%149)C,0.0491822353214956
WIVBYNXGOQYLSN-UHFFFAOYSA-N,O=C1C=C2C(C3=CC=4OC5(C6=CC=C7C(C6=CC(=O)C5(O)OC4C(=C13)C)(C)CCC8(C)C9CC(C(=O)OC)(C)CCC9(C)CCC78C)C)(C)CCC%10(C)C%11CC(C(=O)CC%11(C)CCC2%10C)C,0.1313129752874374
IFUFUYLRPDVXAD-UHFFFAOYSA-N,O=C1C2=C3C(CN4C(=CC)C(=C5N=CC(=C54)CCC2(C)CC(O)C6OC6(C)C)CC=7C=C(C=C(C7)C)C)C(O)C8C9(C)CCC(=O)C(C)(C)C9CCC8(C)C3(C)C1,0.0827417259104549
AIMPMOXMXLAPFX-UHFFFAOYSA-N,O=C1OC(O)(C(=O)OC)C2=C3NC(=CC4=NC(=CC=5NC(C=C6N=C2C(CCC(=O)OCCCCCCCCCCCCCCCCCCCC)C6C)=C(C5C=C)C)C(=C4CC)C)C(=C13)C,0.0399789795745164
UJPGYQBOUORWDA-UHFFFAOYSA-N,O=C(O)C1=CC=CC(C(=O)O)=C1CC(=O)NCCC2=CNC=3C=CC=CC32,0.0083011839189566
LEEPZCBISGCSAK-UHFFFAOYSA-N,O=C(NCCOC)C(C)C1CC=2C(=C(OCCN3CCOCC3)C=C(C2CC1)C)C,0.0006124943855866
HIVGZUXYLGTEAM-UHFFFAOYSA-N,O=C(OCC1C2=CC=C3C=4C(OC)=CC(O)=CC4CC56C3=C2OC1C7=C8C=CC9NC%10CCCC(CSSCC9OC8=C(O)C%11=C7C%12C#CC=%13NC(N)C=CC%13C(C(CC5)C6)C%14(C=%15C=CC=C(C%15)C%16(CCCC%16)C(C#C%12)C(COC)C(CO)CNC%11)CCCCC%14)C%10)C,0.0445475329644978
NKLGGRDVPJYMFG-UHFFFAOYSA-N,O=C(OC(CC(=CC)C)C1C(O)(CCC1(C)C)C(C)C)C2=CC=C(O)C(OC)=C2,0.0013431758841988
XJEQMOOUZMOIDX-UHFFFAOYSA-N,O=C1C(=C2CCC3C4(C)CC5(C=6C=CC=C(O)C6)C(=O)C(C)(C)C4C(O)CC3(C)C2(C1)CCC5)C(C)CC(O)C7OC7(C)C8CCCC8C=9C=CC=C(N)C9,0.0964814748615026
GSYILALIKPPEIQ-UHFFFAOYSA-N,O=C1C(=C2CCC3C4(C)CC5(C=6C=C(O)C=C(C6)CNC)C(=O)C7(C)CCCCC(O)(C)CNC(CC5)(CC3(C)C2(C)C1)C74)C8C(CCC9CCCCC89)C(O)C%10OC%10(C)C%11CCCC%11C=%12C=CC=C(N)C%12,0.1070396564900875
LJYPJWICCCIAKW-UHFFFAOYSA-N,O=C1OC2=C(C=C1)C=CC=3OC(C)(C)C(OC(=O)CC(C)C)C(OC(=O)CC(C)C)C32,0.0047950253821909
LGNDTWRMEHGNBT-UHFFFAOYSA-N,O=C(OC1C(OC)OC(COC2OC(CO)C(OC(=O)C)C(OC(=O)C)C2OC(=O)C)C(OC(=O)C)C1OC(=O)C)C,0.0083227619048557
ZNIMVIXICBMOEU-UHFFFAOYSA-N,O=C(C=1SC(=CC1)C=2SC(C#CC)=CC2)C3CCC45C=CC6C(C7C#CC8=C(C=C(O)C=9C=CC(NC89)C(O)(C)CC%10=CC=CC%11=C%10C(C%12=CN=CN%12)CCC%117)CC4NC(=N)NC%13CCCCC%13)C%14(CCC(CNC)C%14CO)CC63C5,0.041982304258272
UDOIWWHUYYPBCX-UHFFFAOYSA-N,O=C1C(=C2CCC3C(C)(CC4NCC(O)(C)CCCCC5(C(=O)C(C=6C=C(O)C=C(C6)CNC)CC3(C7CCCC7)C45)C)C2(C)C1)C(CC(O)C8OC8(C)C9CCCC9C=%10C=CC=C(N)C%10)C%11CCCCC%11,0.0504063847474753
HTKSPKWIEZBJMH-UHFFFAOYSA-N,O=C(OC)C=C1OC(C=C1CC)(CC)CC(C)CCCC,0.0816831764765083
LIQOUDVIYLTBJV-UHFFFAOYSA-N,O=CC(C=1C=C(C=C(C1)C2(O)CCOCC2)C3CCCCC3)C4=CN5C6=C4NC=C6CCC(C=7C(=O)CC8(C7C(C5)C(O)C9C%10(C)CCC(=O)C(C)(CCNC)C%10CCC98C)C)(C)CC(O)C%11OC%11(C)C,0.1229501906782388
BERRTXQAWARDFQ-UHFFFAOYSA-N,OC=1C=CC2=CC(=CC=C2C1)C3=C(OC)C(O)=CC=C3CCC(O)C4CC#CC5(CC)CCCC(CC5)C4O,0.0010995570770319
YRFIWUBJFCGCFN-UHFFFAOYSA-N,O=C(NC1=CC=C2N(C1=O)CC3CN(C(=O)NC4=CC=C(F)C=C4)CC2C3)C5=NC=CN=C5,0.0015030787940304
RYHRRJFIOGTROH-UHFFFAOYSA-N,O=C1C(O)=C(C(=O)C(O)=C1C)C2(C)CC(=O)CC2(C)C,0.0196167506743222
KQHBLWARLRIXBD-UHFFFAOYSA-N,O=C1OC=2C3=C1C4C(CC3CCC2C5(CC)CCCC5)C6C7=C8C(=O)OC(=CCC(C(SSC9C=CC%10=C(NCC=C%10C7CN%11C(=O)C=CC%11=O)N9)NC%12CCC%13CCCC(CC=%14N=CNC%14)C%13C%12O)C%15C%16C=CC%17C#CC%18C(O)C(C=CC%18C(CO)CC(C%16)CC%17%15)C=%19C=CC=CC%19)C84CC6,0.1030038150958716
MTDCXFZGUVZRSQ-UHFFFAOYSA-N,O=C(OC)CC=CCCCCC,0.0006582179540947
NUWOLDQRJYSCDM-UHFFFAOYSA-N,O=C1C(=C2C(CN3C=C(C=4NC=CC43)CC5=CC(=CC(=C5)C6CCCC6)C)C(O)C7C8(C)CCC(=O)C(C)(C9CCCC9)C8CCC7(C)C2(C)C1)C(C)CC(O)C%10OC%10(C)C,0.1298615016043186
ZQBQUOZPMNTIJA-UHFFFAOYSA-N,O=CC=1C(O)=CC=CC1C(=O)C=2C(O)=C(O)C=C3C2C(=O)CC(C)C3O,0.0640720038907602
NLUTVFJROHNTFD-UHFFFAOYSA-N,O=C1OC(C=C1C)C2=C(C)C3C=C(C)C(O)CC4OC5(OC6(OC(CC(=C)CCCC7=NCC(C)CCC73CC2)CCC6(O)C)CC5)CC4C,0.0007766887094021
BDVYDEMAVHYMHV-UHFFFAOYSA-N,O=C(OCC(OC(=O)CCCCCCCC=CCC=CCC=CCC)CO)CCCCCCCCCCCCCC=CCCCCCCCC,0.0102488369200102
XKRVXEKRWHROIF-UHFFFAOYSA-N,OCC1OC(OC2CC3(C)C(CC(O)C4C(O)(CCC43C)C(OC5OC(COC6OC(C)C(O)C(O)C6O)C(O)C(O)C5OC7OC(CO)C(O)C(O)C7O)(C)CCC=C(C)C)C8(C)CCC(O)C(C)(C)C28)C(O)C(O)C1O,0.0095715220610145
DJQQTCHRWLNZEC-UHFFFAOYSA-N,O=C1N(C=2C=CC=CC2)CC3N1CCNC3,0.0033475109259597
JYCHXTVTDKYQOM-UHFFFAOYSA-N,O=C1C2=C(C(=C(C=C2CC1(C)COC3OC(CO)C(O)C(O)C3O)C)CCCl)C,0.0102964675985276
JUMCLWDAFILWKD-UHFFFAOYSA-N,O=C1CCC2(C)C3C(=CCC2C1(C)C)C4(C)CCC5(C)CCC(C)C(C)C5C4(C)CC3,0.0779303332790732
XKFUHPWEHZWHAD-UHFFFAOYSA-N,O=C1C(=C2C(CN3C=C(C=4NC=CC43)CC5=CC(=CC(=C5)C6CCOCC6)C)C(O)C7C8(C)CCC(=O)C(C)(C)C8CCC7(C)C2(C)C1CCCCC)C(C)CC(O)C9OC9(C)C,0.152612080425024
HIIQTKGVBLSJIX-UHFFFAOYSA-N,O=C(O)C1(C)CCC2(C)CCC3(C)C45C#CCC(CCC)CCC3(CCC4(C)C6(CO)C(O)CC7(O)OC(CC8=CC=C(C=C8)CCOC)C6(CC5)C7CCC)C2C1,0.0017633480048971
BHNCBKXQHJAJNW-UHFFFAOYSA-N,O=C1C(=C2C(CN3C=4C=CNC4C(=C3CC)CC5=CC(=CC(=C5)C6CCOCC6)C)C(O)C7C8(C)CCC(=O)C(C)(CCNC)C8CCC7(C)C2(C)C1)C(C)CC(O)C9OC9(C)C,0.074181056022644
IUKIKTWUNCHTKO-UHFFFAOYSA-N,O=C(OC1OC(CO)C(O)C(O)C1O)C23CCC(C)C(O)(C)C3C4=CCC5C6(C)CC(O)C(OC7OC(CO)C(O)C(O)C7O)C(C)(CO)C6CCC5(C)C4(C)CC2,0.0217560114106163
YPXWGVVSCLZBNM-UHFFFAOYSA-N,O=C1OC2(C=3C=CC=C(C13)CCCN)C4CC(C=C5CCC67CC5C8=C9CCC%102C(OC(=O)C84%10)=C(O)CC(N%11CC%12CN%13C(=C(CCC%13C(C%11)C%12)CC6C)C97)C%14CC%15(CCCC%15)C%16(CCCC%17%16CCCC%17)C%14)C%18CCCC%19(CCCC%20%19CCCC%20)C%18,0.0053316895238822
ILRPSXDQSCGWDW-UHFFFAOYSA-N,O=C1C=C(OC=2C1=C(OCCC(O)C=CC=3C=CC=CC3)C(OC)=C4OCC(CO)CC5=CC=C(C=C5N=C(N)N)C67CCC(C6)C8C9=CC(=CC=C9C(C)CC8)CC(C%10=CC(C%11=CC=CC(=C%11)CCC42)=C(N%10)N%12CCNCC%127)C)C=%13C=CC(O)=CC%13,0.0556541748344898
OSDLBJWTUCBCLW-UHFFFAOYSA-N,O=C(OC=1C=CC2=CC1C3=CC(=CC=C3OC(=O)C)CCCC=CC(=O)C2)C,0.0138523217407055
XBAXHAUYHGMOJK-UHFFFAOYSA-N,O=C1C2=C3C(CN4C=C(C=5NC=C(C54)CCC2(C)CC(O)C6OC6(C)C)C7C(=O)CCC=8C7=CC(=CC8C9(O)CCOCC9)C%10CCCCC%10CNC)C(O)C%11C(C)(CCC%12C%13(C(=O)C%14C=%15C=CNC%15C%16CCC%14(C%16)C%12%11C)CCCC(NC)C%13)C3(C)C1,0.0380736554972827
YOLATPGKMIYFSE-UHFFFAOYSA-N,O=C(OCC)C1=CC=C(C=C1)N2C(=O)N3CC=4C=CC=CC4CC3C2=O,0.0003244084185098
PBEOQKTUWUYVGP-UHFFFAOYSA-N,O=C1C=CC=C2N1CC3CN(CC2C3)C(C(=O)O)C4=CNC=5C=C(F)C=CC54,0.0021873226931347
QRLBQXQEGMBXFM-UHFFFAOYSA-N,O=C(O)CNC(=O)C1NC(=O)C(NC(=O)C(NC)C(O)C2=CC(OC1(C)CC)=C(O)C=C2S(=O)CC(O)CC(N)C(=O)O)C(C)C,0.1087001071311533
YRSGXZXNECTMPA-UHFFFAOYSA-N,OC(C=C(C)C1CCC(C)(CC1)[NH2+][CH2-])C2OC2(C)C,0.0069995919038774
LAZMYTPTZOCRAG-UHFFFAOYSA-N,O=C(OC1C=C(C)CC2(O)OCC34OC23C(C)(C)C(CCC(=C)C1)CC4)C,0.0002396079972236
AQQDRPWZTYEQDK-UHFFFAOYSA-N,O=C1OC2=CCC3(CC(CCCO)C(C3)C(NCC(O)C)C4=CC(=CC=C4CCCO)CCNCC5=CC=CC(=C5)C=6C=CC(O)=CC6C7=C8C(=O)OC(=CC(CC=9C=CC=CC9)CC)C8%10CCC7C%11CCC2=C1C%11%10)C%12CCNC(NC)C%12,0.1200507270172238
ACKXTYMEKJHJJG-UHFFFAOYSA-N,O=C1C2=C3C(CN4C=C(C=5NC=C(C54)CCC2(C)CC(O)C6OC6(C)C)CC=7C=C(C=C(C7)C8CCCCC8)C9CCOCC9)C(O)C%10C(C)(CCC%11C(C(=O)C%12C=%13C=CNC%13C%14CC%12(CC%14CNC)C%11%10C)(C)C%15CCCC%15)C3(C)C1,0.1309276796877384
YUKVPJYMFYPFEB-UHFFFAOYSA-N,O=C(O)CCC1(C)C(C(=C)C)CC=C2C1CCC32C(=C)CCC3(C)C(C)CC(=O)C4CC(=CCC4(C(=O)O)C)CCC=C(C)C,0.0011954172921308
WFYLTIMBLPIRRU-UHFFFAOYSA-N,OCC1=CC=CC2=NC=3C(N=C21)=CC=CC3CO,0.0656427592039108
OFNDFAYCMWWBBO-UHFFFAOYSA-N,O=C(NC=1C=CC=CC1)C2OC(CCN3CCN(C=4C=CC=CC4OC)CC3)CCC2O,0.0086068109492771
WZBSTYSFQCNXMX-UHFFFAOYSA-N,O=C1OC(C)CC(C=C(C)CC(C(O)=NC(C(=O)N(C)C(C(O)=NC(C2=CC=C(O)C=C2)C1)CC3=C(Br)NC=4C=CC=CC43)CC)C)C,0.0123091081448365
ZLXVSSDCCKVREE-UHFFFAOYSA-N,N=1C=C(OC)C=2C=3C=CC(OC)=CC3NC2C1C4N5C=C(OC)C=6C(N=C7C=C(OC)C=CC76)=C5CCC4,0.0056837904383428
ZHMOWHZYRFDIEB-UHFFFAOYSA-N,O=C(O)C12CCC(C)(CO)CC2C3=CCC4C(C)(CCC5C(C)(CO)C(OC6OCC(O)C(O)C6O)C(O)C(CC7CNC(=O)C7)C45C)C3(C)C(CCCCC)C1,0.0191230131778866
SMMSXOZXNSYYCP-UHFFFAOYSA-N,O=C1OCC23C1=CCC4OC42C5(C)CC(OC(=O)C5CC3)C6=COC=C6,0.020312457246473
OVGKPRSKOPTIPZ-UHFFFAOYSA-N,O=C1C=C2C(C3=CC=4OC5(O)C(=O)C=C6C(=CC=C7C6(C)CCC8(C)C9CC(C(=O)C(O)C9(C)CCC78C)C)C5(OC4C(=C13)C)C)(C)CCC%10(C)C%11CC(C(=O)CC%11(C)CCC2%10C)C,0.1269919857382774
DGJWKAHZGKAFHX-UHFFFAOYSA-N,O=C(OC1C(=CC2C(O)C(C)CC2(OC(=O)C)C(=O)C(=CC3C(C1)C3(C)C)C)C)C=CC4OC4CCC,0.0277960426406934
OCPWCNFQHVXZIB-UHFFFAOYSA-N,O=C1OC2(C=3C=CC=C(C13)CCCN)C4CC5C=CC6C7=C8CCC92C(OC(=O)C749)=C(O)CC(N%10CC%11CN%12C%13=C(C=CC%12C(C%10)C%11)CC(C)C(C%138)C6CC=%14C=CC=C(C%14)CC5)CC%15CCCCC%15,0.0432791107567027
DQQZMZWAURMSRL-UHFFFAOYSA-N,OCC1(C)CCC2(C)CCC3(C)C4CCC5(C)C(C)C(O)CCC5C4(C)CCC3(C)C2C1,0.1782091736793518
NDWXMYIKFODOCL-UHFFFAOYSA-N,O=C(OCC(=O)C1(OC(=O)C)CCC2C3CC(=C)C4=CC(=O)CCC4(C)C3CCC21C)C,0.0064985638717189
WJTVYQIDWKKLFI-UHFFFAOYSA-N,O=C(O)CC(O)CCCCCCCCCCCCCCCCCCC(OC1OC(C)C(O)CC1O)C,0.0658493215218186
XQZQLQWGNGEDMN-UHFFFAOYSA-N,O=C1OC2=CCC3(CC4CC(C#CCC(O)(C)CNC(C=5C=C(C=C(C5)CCNC6C=CC78CCC2=C1C7C9%10C(OC(=O)C%10=C(C=%11C=C(O)C=CC%11C=%12C=CC=C6C%12)C8CC9)=CC(CC=%13C=CC=CC%13)CC)CNCCC)C4C3)C%14(O)CCCCC%14)C%15CCNC(NC)C%15,0.0509016057942062
UHJBDKHNIRCRPV-UHFFFAOYSA-N,O=C(NCCN1CCOCC1)C=2C=CC=CC2N3C(=O)N4CCC=5C=6C=CC=CC6NC5C4(C3=O)C,0.0021791852093883
IMEMKLJYZLGNNM-UHFFFAOYSA-N,O=C1OC=2C=C3OC4(CC3=CC2C=C1)C5C=6C=C(N)NCC6CC(=O)N7CCC7CSSCC5=CCC4(OC(=O)C(=CC)C)C,0.0039381564731229
AQIXEPGDORPWBJ-UHFFFAOYSA-N,OC(CC)CC,0.0004621221312845
HXCSJGHKDZKLKV-UHFFFAOYSA-N,O=C1C=2C=C3C(=C(O)C2C(=O)C4=C(O)C=C5C(OC6OC5(C)C(O)C(N(C)C)C6O)=C14)C(OC)CC(O)(C)C3C(=O)OC,0.0934284891933202
FTMZCHBIIASHSY-UHFFFAOYSA-N,ClC1=CC=C(C=C1)C=2C=NC(=NC2C=3C=CC(OCC4=CC=C(Cl)C(Cl)=C4)=CC3O)N,0.0819441775791347
GIJGGOJBRPTBJD-UHFFFAOYSA-N,O=C(O)C1OC(OC2CCC3(C)C(CCC4(C)C3CC=C5C6CC(C)(C)C(OC7OC(C)C(O)C(O)C7O)C(O)C6(C)CCC54C)C2(C)CO)C(OC8OC(CO)C(O)C(OC9OC(C)C(O)C(O)C9O)C8OC%10OC(C)C(O)C(O)C%10O)C(O)C1O,0.0194952215533703
DHLMZNPZCQMZBZ-UHFFFAOYSA-N,O=C(OCC1C2=CC=C3C=4C(OCO)=CC(O)=CC4CC56C3=C2OC1C7=C8C=CC9NC%10CCCC(CSSCC9OC8=C(O)C(=C7CC#CC=%11NC(N)C=CC%11CC(CC5)C6)CNCCCCOC)C%10)C,0.041075793467462
TWYWMWIHMJKUPX-UHFFFAOYSA-N,O=C1OC(C=2C=COC2CC(C(O)CO)C3CCC4C(C=CN5CNCC54)C3)C6(C)CC7CC89CCCC9CC%10=CC(CC(C)CCC)C%11(OC%10%12C8C(=O)OCC%13%12C%11C(=O)C(O)C(C%14CCCC(CC=%15C=CC=CC%15)C%14)(C7%13)C%166OC1%16)C,0.0687215674202889
JSLINKYCDFQONE-UHFFFAOYSA-N,O=C(OC1C2=CC=3OCOC3C(OC)=C2C=4C(O)=C(OC)C(OC)=CC4C(OC(=O)C(=CC)C)C(O)(C)C1C)C(=CC)C,0.0386660013347864
CBKADAVICKKBON-UHFFFAOYSA-N,O=C(OC1OC(C)C(OC2OC(C)C(OC3OC(C)C(O)C(O)(C)C3)CC2)C(O)C1)C(C)C4OC5(OC(C(C)C(O)CC)C(C)C(O)C5C)C(C)C(O)C4C,0.0551120622549206
TWMOOIMHAQAGDL-UHFFFAOYSA-N,O=C(O)C(N(O)C(=O)CCC(C)C1CCC2C3C(O)C(O)C4CC(O)CCC4(C)C3CC(O)C12C)C(O)C,0.0068811685487162
DIBYNSQDXNQPSM-UHFFFAOYSA-N,O=C1C2=CC=C(O)C=C2OCC1C3=CC=C(OC)C(O)=C3O,0.0023648691974813
OWPORVMZZJAHEF-UHFFFAOYSA-N,O=C1OC2C=C(C)C(OC3OC(CO)C(O)C(O)C3O)CC=C(C)CCC2C1C,0.0011711737907262
SGGSVIZFYOSMRF-UHFFFAOYSA-N,O=C(N1CCCC1)CCCCCCCCCCC(=O)CCCCCC,0.0038473622349556
IWNQFPSUEQCCTQ-UHFFFAOYSA-N,O=C(O)C(=C1CCC2(N=C(N)N)C=CC34C5C=6C(=CCC6CC7=CC8(O)C9=C%10C(=O)CC3(C)C9(CCC#CCC%11(C(=O)CCC%10(C)C%11C8C%12=CC=%13C=CC=CC%13CC%12)C)C75O)C1(O)C2(O)C4C)C,0.0810611939523369
TVCAIRLYOSFDMG-UHFFFAOYSA-N,O=C1C(OC2=CC(OCC=3C(Cl)=CC=CC3Cl)=CC=C12)=CC=4OC(=CC4)C,0.0056712317818892
ZCWVJVNYHGWIEF-UHFFFAOYSA-N,O=C(OC)C12CCC(C)C(O)(C)C2C3=CCC4C5(C)CCC(OC6OCC(O)C(O)C6O)C(C)(C)C5CCC4(C)C3(C)CC1,0.0064620313060004
IGKWULJINAKKFP-UHFFFAOYSA-N,O=C1C=C(COC2OC(CO)C(O)C(O)C2O)C(C=C1C)(C)C,0.0018008130253292
RQOSSBRPJYKWQX-UHFFFAOYSA-N,O=C1C2=C3CCC4C5(C)CC(C=6C=C(O)C=C(C6)CNC)C(=O)C7(C)CCCCC(O)(C)CNC(CC4(C(CO)C(CCC(C)C)CC8CCCC9CCC(C(O)C%10OC%10(C)C%11CCCC%11C=%12C=C(N)C=C(C%12)CC(C)C)C2C98)C3(C)C1)C75,0.0990228835493326
SYYVAWIBXXJZTJ-UHFFFAOYSA-N,O=C1C2=C3C(CN4C5=C(NC=C5CCC2(C)CC(O)C6OC6(C)C)C(=C4CC)CC=7C=C(C=C(C7)C8(O)CCOCC8)C9CCCCC9)C(O)C%10C%11(C)CCC(=O)C(C)(CCNC)C%11CCC%10(C)C3(C)C1,0.1222285142168402
AVKOENOBFIYBSA-UHFFFAOYSA-N,O=C(O)CCC=CCC=CCC=CCC=CCC=CCCCCC,1.0615848927235736e-05
PQTLHZICQDEGSQ-UHFFFAOYSA-N,O=C1C2C(O)C(OC)CC1(CC=C)C(C)C2C3=CC=C4OCOC4=C3,0.0044344246807213
BZDVCNZULATHQN-UHFFFAOYSA-N,O=C(OC)CCC1C2=NC(=CC3=NC(=CC4=NC(=CC5=NC=6C(C(=O)CC62)=C5C)C(=C4C)CC(C)(C)C)C(=C3C)C(O)C)C1C,0.0313720256322994
RGZSSKBTFGNUCG-UHFFFAOYSA-N,O=C(O)C12C(=CC(C)(C)CC1)C3CCC4C5(C)CCC(O)C(C)(C)C5CCC4(C)C3(C)CC2,0.0111772292759269
UFSZDDNQLFVKLU-UHFFFAOYSA-N,O=C1C2=C3C(CN4C=C(C=5NC=C(C54)CCC2(C)CC(O)C6OC6(C)C)C7C(=O)C(CC=8C7=CC(=CC8C9(O)CCOCC9)C%10CCCCC%10)CCO)C(O)C%11C(C)(CCC%12C(C(=O)C%13C=%14C=CNC%14C%15CCC%13(C%15)C%12%11C)(C)CCNC)C3(C)C1,0.0664270488545298
UTDYDYSHGQIBTN-UHFFFAOYSA-N,O=C1C2=C(OC)C(OC)=CC=C2C3N1C=4C=CC=CC4C(=O)N3CCCCCC(=O)N(CCOC)CC5CCCN6CCCCC65,0.0012959995008714
AGKFOAYTTMSUFA-UHFFFAOYSA-N,O=C(NC1C(OC(CO)C(O)C1O)OC2C(O)C(NC(=O)C)C(OC2CO)OP(=O)(O)OP(=O)(O)OCCC(C)CCC=C(C)CCC=C(C)CCC=C(C)CCC=C(C)CCC=C(C)CCC=C(C)CCC=C(C)CCC=C(C)CCC=C(C)CCC=C(C)CCC=C(C)CCC=C(C)CCC=C(C)CCC=C(C)CCC=C(C)C)C,0.0004626878595488
LHURRCJAGJQNEE-UHFFFAOYSA-N,ClC1=CC=C(C=C1)C=2C=NC(=NC2C=3C=CC(OCC4=CC=C(Cl)C=C4Cl)=CC3O)N,0.1171844245865941
RAHNLNOOUJRUBH-UHFFFAOYSA-N,O=C1OC(C=2C=COC2CC(C(O)CO)C3CCC4C(C=CN5CNCC54)C3)C6(C)CC7CC89CCCC9CC%10=CC(CC(C)C%11CCCCC%11)C%12(OC%10%13C8C(=O)OCC%14%13C%12C(=O)C(O)C(C%15CCCC(CC=%16C=CC=CC%16)C%15)(C7%14)C%176OC1%17)C,0.0564544796012341
VEUSZQYQHGQWTM-UHFFFAOYSA-N,O=C(OC1COC2C1OCC2NC(=O)C=3C=NC=NC3)NC4=CC=C(OC=5C=CC=CC5)C=C4,0.0008182951085473
BRWLVJDGMFALOU-UHFFFAOYSA-N,O=C1OC(C(=CC=CC(C)CCCC)C)C(C)C1C=C(C=CC(O)C(C(=O)C)C)C,0.0394614075572462
YEQOYRFVJCFSRF-UHFFFAOYSA-N,O=C(C=1C(=NOC1C(O)C)C=2C=CC(Cl)=CC2)N3CCCC3,0.0009564595411575
JWMLZONNZKXNGK-UHFFFAOYSA-N,O=C(OC)CC(O)(C(=O)OC1C(OC)=CC23N(CC4=CC=5OCOC5C=C4CC12)CCC3)CCC(O)(C)C,0.0006382997860782
NXJDPFSYOMFVES-UHFFFAOYSA-N,O=C(NC(COC1OC(CO)C(O)C(OS(=O)(=O)O)C1O)C(O)C=CCCCCCCCCCCCCC)CCCCCCCC=CCCCCCCCC,0.1364649113063933
WRRAPCHGAGRWGD-UHFFFAOYSA-N,N=1C=NC(N)=C(C1)C2=NOC(=N2)C3N(CCC3)CC(C)(C)C,0.0025327715979074
WQOYIHYQFWQIQK-UHFFFAOYSA-N,O=C1OC2=C(C=C3C(OC(C=4C=CC(OC)=CC4)=C3CC(=O)O)=C2C)C(=C1CC(=O)O)C,0.0011466131079941
TZSRSWSGNJEUDB-UHFFFAOYSA-N,ClC=1C=C(Cl)C(OC)=C(C1)C(O)C=2NC(Cl)=C(Cl)C2N(O)O,0.889429259300232
PDQHGGXCRFIPQD-UHFFFAOYSA-N,OC(C)(CCCC(C)CCCC(C)CCCC(C)C)C1OC(CC1)C(OC(C)(CCCC(C)CCCC(C)CCCC(C)C)C2OC(C)(CCCC(C)CCCC(C)CCCC(C)C)C(OCCCCCCCCCCCCCCCCCCC3OC3CCCCCCCC)CC2)(C)CCCC(C)CCCC(C)CCCC(C)C,0.3147334739565849
XRSQKMDSPJOWSS-UHFFFAOYSA-N,O=C(OC)C1=CC=CC=2N=C(OC21)C3CN(CC=4C=CC=CC4F)CC3,0.0099267247132956
IBEBFNGOPQYBQG-UHFFFAOYSA-N,O=C1OC23C4=C1C(=CC=C4CC#CC5C6C(O)=C7OC(=O)C89C%10=C(CCC728)C%11C%12=C(CCC%13N%12CC%14CC%13CN%15C6C(CCC5C%15%14)C%16CCCCC%16)CC(C)C%11CC%10C=CC(C)CC39)CCCN,0.0476119234343059
MAPMVOGTJVXZRF-UHFFFAOYSA-N,O=C1C=C2OC(CC23C4C(=O)C(O)(CC=C)C(C5=C4OC(C)(C)C(O)C5)C3C1(O)CC=C)C(O)(C)C,0.0343820625492298
GWGNTTBSFNSUDQ-UHFFFAOYSA-N,O=C1C(=CC2C(=O)N(N=C2C=3C=CC(=CC3)NC(=O)C)C=4C=CC=CC4)C(=NN1C=5C=CC=CC5)C=6C=CC(=CC6)NC(=O)C,0.0019321312318425
CKWFXHNQQBEUKJ-UHFFFAOYSA-N,O=C(OC)C(=CC(C)CC(C)CC(O)(C)C(O)C)C,0.0043860649107955
DZTMXUXJDHRKFE-UHFFFAOYSA-N,O=C1C(=C2CCC3C4(C)CC(C=5C=CC=C(O)C5)C(=O)C(C)(C)C4C(NCC(O)C)CC3(C)C2(C)C1)C(CC(O)C6OC6(C)C7CCCC7C=8C=CC=C(N)C8)C9CCCCC9,0.0980455730110407
QEVOCLWASZPWFJ-UHFFFAOYSA-N,O=C(OC1OC(CO)C(O)C(O)C1O)C23CCC(C)(C)CC3C4=CCC5C6(C)CC(O)C(OC7OC(CO)C(O)C(OC8OC(CO)C(OC9OC(CO)C(O)C(OC%10OC(CO)C(O)C(OC%11OCC(O)C(O)C%11O)C%10O)C9O)C(O)C8O)C7O)C(C)(CO)C6CCC5(C)C4(C)CC2,0.0428985856124199
ZHUOMTMPTNZOJE-UHFFFAOYSA-N,N#CC1=CC=CC(=C1)CC(N)C(=O)O,0.0001433833706187
PDRJLZDUOULRHE-UHFFFAOYSA-N,O=C(O)C(N)CC1=NC=CC=C1,0.0006736643848853
RHTNFHDCGHWECM-UHFFFAOYSA-N,O=C1NC(C(=O)NC(C(=O)NC(C(=O)NC(C(=O)NC(C(=O)N2CC(O)C(O)C2C(=O)NC1C)CO)C(O)C)C)CC(O)(C)CO)CC=3C=4C=CC=CC4NC3S(=O)(=O)C,0.3398883618414402
JNVQTXOLWCUENW-UHFFFAOYSA-N,O=C1OC(=CCCC2CCNC(NC)C2)C3=C1C4C(CC3)C5C(C=6C=C(O)C=CC6C=7C=CC=C(C7)CNC)=C8C(=O)OC(=CC(CC=9C=CC=CC9)CCO)C84CC5,0.198515117354691
IYBJSMQXAHZBBU-UHFFFAOYSA-N,O=C1OC=2C=C(OCC=CC=3C=CC=CC3)C=CC2C(=C1CC(=O)OC)C,0.0009808160190004
FGVIFFMCOMNUKL-UHFFFAOYSA-N,O=C1C=C(OC(=C1O)C(C2=CC=C(OC)C=C2OC)CC(=O)OC)CN3CCCCC3,0.0021255455241771
SLMKUKKIERMONP-UHFFFAOYSA-N,N=C(NC)NC(NC(=N)NCCC1=CC=CC2=COC=C21)C3CC(CC4=CC=C(O)C=C4)C(C3)C5(C)CC6C(=C)CC7(CCC(CCC8(O)CCCC(O)C8)C7)C9OC9(C)CCC65,0.0300060833571478
YLONWOHQZSVYDR-UHFFFAOYSA-N,O=C1OC(=CC2(CC)CCCC2)C3=C1C4C(CC3)C5C6=C7C(=O)OC(=CCC(C(SSCNC8=CC(=CCN8)C6CN9C(=O)C=CC9=O)NCC(O)C%10CCCCC%10)C%11CCCCC%11)C74CC5,0.1215006853919476
XKEKFVWEVVIIDN-UHFFFAOYSA-N,O=C1C2=C3C(CN4C=C(C=5NC=C(C54)CCC2(C)CC(O)C6OC6(C)C)CC=7C=C(C=C(C7)C8(O)CCOCC8)C9CCCCC9CNC)C(O)C%10C(C)(CCC%11C(C(=O)C%12C=%13C=CNC%13C%14CCC%12(C%14)C%11%10C)(C)CCNC)C3(C)C1,0.0768170110881328
OJCLTQLBAGAHDJ-UHFFFAOYSA-N,O=C(O)CCCCCCCCCCCCC(O)C(O)C(O)(C)C(O)(C)C(O)(C)C(O)C(O)C(O)C=CC=CCCCCCCC,0.0016286808548102
FLURXOFTUKXKQN-UHFFFAOYSA-N,OC1=CC=C2C(OC3C4=CC=5C=C(OC5C=C4OCC23O)C(O)(C)C)=C1,0.0018237002659589
SEFZCKUWLZAFPL-UHFFFAOYSA-N,O=C1OCC(C2C#CCC3CC4(O)C5=C6NCC(=O)CC(C7=CC=C(O)C=C7)CSSCC8C(O)C(O)CC(C)(C5CCC4(CCN=C(N)N)C3C(O)(C)C9(O)CCC%10(C2)C%11C(=CCC%10C(C9)C(O)O)CCC(C)C%11)C8C6=O)C1C=%12C=CNC%12,0.0076425194798503
WMRACIRVMYLKCN-UHFFFAOYSA-N,OCCCCCC=CCCCC=CCCCC,0.0009376819736543
WTQJFYAGUKGOTO-UHFFFAOYSA-N,O=C(NCC=1OC=CC1)CC2=C(OC3=C2C(=O)C4(OC=5C(Cl)=C(OC)C=C(OC)C5C4=O)C(C)C3)C=6C=CC(OC)=CC6,0.043462592922151
VPHVGKXEMKGKIP-UHFFFAOYSA-N,O=C1OC2(C=3C=CC=C(C13)CCCN)C4CC(C=CC5C6=C7CCC82C(OC(=O)C648)=C(O)CC9N%10CC%11CC(CN%12C%13=C(CCC%12%11)CC(C%14CCCCC%14)C(C5)C%137)C%10CC#CC%15CCCC%16%15CCCC%17%16CC9CC%18%17CCCC%18)C%19CCCCC%19,0.0045895558898337
ZQWBOKJVVYNKTL-UHFFFAOYSA-N,ClC1=CC=C(C=C1)C=2N=C3SC=CN3C2C=NOCC4=CC=C(Cl)C(Cl)=C4,0.0866682945750653
HPHZSRKZBUCUCR-UHFFFAOYSA-N,O=C(NI)C(N)CC=1C=CC=CC1,0.0002010105377848
PINJXXZLCKUBFV-UHFFFAOYSA-N,O=C1CCC2=CC=C(OC)C(OCC3=C4C=CC(C=5C=C(O)C(=C(C=C3C(O)O)C45)C6C#COC(C1)CC7C=C(O)C(=CC7CCCCC=8C=CC=C(C8)NC(=N)NC)C(CNC)CC6C=9C=CC=CC9)C)=C2,0.0753050841391086
LUSPFIWBBARJFS-UHFFFAOYSA-N,O=C(CCC1=CC=C(O)C(OC)=C1)CC(N2C=NC=3C(=NC=NC32)N)CCCCC,0.0414549839682877
UBRMZSHOOIVJPW-UHFFFAOYSA-N,O=C(O)C(NC(=O)C(NC(=O)C(N)CO)CC(C)C)CCCCN,0.1728428033180535
PZLHOYJDVINUSL-UHFFFAOYSA-N,O=C(C=1C=CC=CC1)C(=O)C2=CC=C3C=4C2=CC=CC4CC3,0.0013533898396417
UYHIETONVGCMMA-UHFFFAOYSA-N,O=C(NC(C(=O)NCCCCN)CCCCN)C(=CCCN=C(N)N)NC(=O)C(NC(=O)C(NC(=O)C1N(C(=O)C(NC(=O)CNC(=O)C(NC(=O)C(NC(=O)C(N)CCCCN)C(O)CN)C(O)CN)CCCN)CCC1)CC2=CN=CN2)CCC(O)CN,0.6509080618619919
OHQFFJPDDJUVEB-UHFFFAOYSA-N,O=C(OC1=CC=2OC=C(C3=NC(=CS3)C)C(=O)C2C=C1CC)CN,0.0390177797526121
IYWITHLCZAHENB-UHFFFAOYSA-N,O=C1OC2(C=3C=CC=C(C13)CCCN)C4CC(C=C5CCC67CC5C8=C9CCC%102C(OC(=O)C84%10)=C(O)C%11CCC%12N(CC%13CC%12CN%14C(=C(CCC%14%13)CC6C)C97)C%11C%15CCC%16(CCCC%16)C%15)C%17CCCCC%17,0.0431932553416118
DOSSOWWECQMMRD-UHFFFAOYSA-N,O=CC1CC(O)C(=CC1(C)C)C,0.0007653566856333
XLMXLFRJEYNHMO-UHFFFAOYSA-N,O=C(C)CN=C(O)C(N=C(O)C=1N=C(SC1)C=2N=C(SC2)C3=NC=4C=5N=C(SC5)C(N=C(O)C=6N=C(SC6)C(N=C(O)C=7N=C(SC7)C(N=C(O)C(N=C(O)C=8N=C(SC8)C4C=C3)C(O)C)=CC)C(C)C)C(O)C)=CC,0.4507250010967255
BVXVJDXDVZXLNT-UHFFFAOYSA-N,O=C(OC)C=1C=CC=CC1N2C(=O)C3C(C2=O)C4(C(=O)NC=5C(=CC=CC54)CC)N6CCCC63,0.097910854127258
JBJVPOLEFAVOMZ-UHFFFAOYSA-N,O=C1OC=2C=C(C(OCC(=O)OC)=CC2C(=C1)C=3OC=4C=CC=CC4C3)C,0.0053272682940587
LBPXAJKBAKGBRH-UHFFFAOYSA-N,O=C1C2=C3C(CN4C=C(C=5NC=C(C54)CCC2(C)CC(O)C6OC6(C)C)C(C=7C=C(C=C(C7)C8CCCCC8)C9CCOCC9)CCO)C(O)C%10C(C)(CCC%11C(C(=O)CC%12(CCCC%12)C%11%10C)(C)CCNC)C3(C)C1,0.1406576364301145
VDLWWURNDWEWLO-UHFFFAOYSA-N,O1C=CC=C1CNCC2=CNC=3C=CC(OC)=CC32,0.00418765200302
IREOUQNCPSSGSU-UHFFFAOYSA-N,O=C(NC1=CC=CC=2C=CC=CC21)C3=CC=C(OC(SC=4C=CC=CC4N)=C)C=C3,0.0039775372599251
WLMXEDKZXREOFB-UHFFFAOYSA-N,O=C1OC2=C(C=C3C(OCN(C4=CC=C(C=C4)C)C3)=C2C)C(=C1)C=5C=CC(OC)=CC5,0.0009777254046639
CWNOEVURTVLUNV-UHFFFAOYSA-N,O(CCC)CC1OC1,0.0073702503577806
LGDDFIYETKVICE-UHFFFAOYSA-N,O=C(NCCC=1N=CNC1)CCCCCN2C(=O)C=3C=CC=CC3N4C(=O)C=5C=CC=CC5C42,0.0019482336152577
NGFMICBWJRZIBI-UHFFFAOYSA-N,OCC=1C=CC=CC1OC2OC(CO)C(O)C(O)C2O,0.0018387106654699
QSWIRQVPUSIUGY-UHFFFAOYSA-N,ClC1=CC=C(O)C(Cl)=C1CCC2=CC=C(OC)C=C2,0.0065670008218148
BOWCLYLOUAYQGJ-UHFFFAOYSA-N,O=CCCC1=CC=2C(=O)C=3C=C(OC)C=C(OC4OC(CO)C(O)(CCC=5C=C(N)NCC5)C(O)C4O)C3C(=O)C2C(O)=C1CNC(=N)NC,0.0045426609533024
GBJDIKSFLQFQKL-UHFFFAOYSA-N,O=CC12CC34C5OC(CC6=CC=CC(=C6)CC7CCC(C7)C(C)C8CCC5C2(O)C(C8)C(O)C9(O)C1CCC%10%11CC%12(C#CC%13=CC=CC(=C%13CC(NC)C%14CC(CC9%10O)C%11C%15=CC(=O)OC%15%14)CO)CCC(CC=%16C=CC=CC%16)C%12)CC4CC%17CC(C=%18C=CC=CC%18)CCC%173,0.0484766638372093
CIVDYINXLWLMSF-UHFFFAOYSA-N,O=C1OC2(C=3C=CC=C(C13)CCCN)C(CCC4CCCCC4)C56C(=O)OC7=C(O)CC(N8CC9CN%10C%11=C(CCC%10C(C8)C9)CC(C)C%12CCC6=C(CCC725)C%11%12)CC%13CCCCC%13,0.0939379026647657
RAFUHJJIJRVEJH-UHFFFAOYSA-N,O=C1OC=2C=C(OCC=3C=C(C=C(C3)C)C)C=CC2C(=C1CCC(=O)O)C,0.0005687954639142
AECGQRNBRHRLRU-UHFFFAOYSA-N,O=C1OCC(=C1)CCC2(O)C3(C#CCC4(C(=O)OC(C3)C5C(C)(CCC(O)C52CCCC(C)CCCC=6C=CC=CC6)C7CCCC7)CCCCC4)C,0.0100956557667814
XCIRMVJXNNMDAI-UHFFFAOYSA-N,O=C1C2=C(O)C(C=CC(C)C)=C(O)C(=C2OC(C3=CC=C(O)C=C3O)C1)CC=C(C)C,0.0161461082763707
YPWKKJCRGDZUJG-UHFFFAOYSA-N,O=C1C=2C=3OC4=C1C(C5=CC=C(C=C5)NO)CCC4(O)CC(N=C(N)N)CSSCC3C=6OC(CC6C2OC7CCCC7)C(O)(C)C,0.0332134472671896
CPCVOUAGZMWHEV-UHFFFAOYSA-N,O=C1OCC23C(OC(C)(C)C3C(=O)C(O)C4(C)C2CCC5(C)C(OC(=O)C6OC654)C=7C=COC7CCCCCCC8NCNC8)C1,0.0581010999158024
VVLMEHGDLJGCQN-UHFFFAOYSA-N,O=C1OC2(C=3C=CC=C(C13)CCCN)C4CCCCC=5C=CC=C(C5)CC6=CC7=C8CCC92C(OC(=O)C749)=CCC(N%10CC%11CN%12C%13=C(CCC%12C(C%10)C%11)CC(C)C6C%138)C%14CCCC%14,0.056423438549973
ZSHKFMAKOMMOBO-UHFFFAOYSA-N,O=C1C(OC)=C(C(=O)C2=C1C3(C)CCCC(C)(C)C3CC2O)C(=C)C,0.1224931450560689
PJRYIWNOSIFVRZ-UHFFFAOYSA-N,OC1=CC=C2C=C1OC3CCCC(CO)C3CCN=C(N)NCC4(CCCC4)CC(O)CC5C=CC(CC5CC)C6C=7C(=C(OC)C=C8OC2C(O)CC87)C9=CC(=C(O)C=C9C6)CC(C)C,0.0068029834190383
ZCJYBEFCSUIAAJ-UHFFFAOYSA-N,O=C1C=2C(O)=C3C(=CC2OC4(C(=O)OC)C1=C(O)CCC4O)CC56C=C(C)C3C(O)=C6C(=O)C=7C(O)=CC=CC7C5OC(=O)C,0.0121489409415517
ZWJPFEXWFNWBCW-UHFFFAOYSA-N,OCCCC1CCC23N(C2)C4(C=CCC5(C)C67C(=C(C)CC6)CC45C8(CCC9CC%10CCC(OC%10CC98)C)CC7C)C=CC13,0.0005233885860889
NCKIPYLCKDHZCE-UHFFFAOYSA-N,O=C(OCC1OC(OCC2OC(OC(=O)C)C(OC3OC(COC(=O)C)C(OC(=O)C)C(OC(=O)C)C3NC(=O)C)C(OC(=O)C)C2OC(=O)C)C(NC(=O)C)C(OC(=O)C)C1OC(=O)C)C,0.0116142423190467
ZKTFRIXUYOZICW-UHFFFAOYSA-N,OC1=NC=CC=2C=CC(OC(C=3C=CC=CC3)C(N=C(O)C(N(C)C)CC(C)C)C(O)=NC1CC(C)C)=CC2,0.0086206507039605
OMXAYACYQBTOQS-UHFFFAOYSA-N,O=C(OCC)C(OC1=CC=CC(=C1)CCCCCCCCO)(C)C,0.0327788576483726
NVEWIEAUNOPBPT-UHFFFAOYSA-N,O=C1OCC(=C1)CCC2(C)C(C)CC(OC(=O)C(=CC)C)C3(C(=CC(O)CC32)C)C,0.0165033808967564
LIDCYRFIOGHMRR-UHFFFAOYSA-N,O=C(O)C12CCC(C)(CO)CC2C3=CCC4C(C)(CCC5C(C)(C(O)CO)C(OC6OCC(O)C(O)C6O)C(O)C(CC7C(NC(=O)C87CCCC8)C(C=9N=CNC9)CCCN)C45C)C3(C)CC1CO,0.0235849913675338
DAYCKTFSPUHBHK-UHFFFAOYSA-N,O(C1=CC=C(C=C1)CCN2CCC(NCC=3C=CC=C(C3)N(C)C)CC2)C,0.0009833853568125
ZXRDJWJNEWAJIV-UHFFFAOYSA-N,O=C1C2=C3C(CN4C=C(C=5NC=C(C54)CCC2(C)CC(O)C6OC6(C)C)C7C(=O)CCC=8C7=CC(=CC8C9CCOCC9)C%10CCCCC%10)C(O)C%11C(C)(CCC%12C(C(=O)C%13C=%14C=CNC%14C%15CCC%13(C%15)C%12%11C)(C)C%16CCCC%16)C3(C)C1,0.1124664083123207
UMPRAKALVYBCJZ-UHFFFAOYSA-N,N=1C=C(NC1CC(C)C)C(C)C,0.00274987721059
HTXRXCOJKJIOQI-UHFFFAOYSA-N,C#CC(O)C=CCCCCCCCCCC#CCCCCCCCCCCCCC(O)C#CC#CCO,0.0053052355409874
JDWLYJUXFDXVCS-UHFFFAOYSA-N,O=C(NC1=CC=C2NC(=O)C3N(C(=O)C2=C1)CCC3)C=4C=CN=CC4,0.0002376055672129
WPNXWWLAOCWIDT-UHFFFAOYSA-N,O=C(Cl)C1=NC=CC=C1C(=O)Cl,0.0567919337656348
CXSPYZJQHOAAHM-UHFFFAOYSA-N,O=C(N1CC2N(CCOC2)C3(C1)CN(C3)C(C)C)C,2.6865712652379693e-05
PAQLUNHARDKSPD-UHFFFAOYSA-N,O=C(C=1C(=O)C(OC1C)C)C,0.004545818635961
IXMWFEZJSGIEGP-UHFFFAOYSA-N,O=C1C(=C(O)C(=CN1O)C=2C=CC=CC2)C3OCC(=CC=CC=CC(C)CC)CC3C,0.0544694975949823
LFYUBNIYSRZWCQ-UHFFFAOYSA-N,O=C(O)C1(C)CCC2(C)CCC3(C)C45C#CCC(CCC6CCCC6)CCC73C2C1C8C=9C=CC=C%10C=CC%11=C(C%109)C7(C8)CC4(C%11)C%12(CO)C(O)CC%13(O)OC(CC%14=CC=C(C=C%14)CCOC)C%12(CC5)C%13CCC,0.0010111317074915
JCILKLDQDBUHBG-UHFFFAOYSA-N,O=C(C1=CC=C(N=C1OC)OC)N2N=C(C3=C2CC4C3C4(C)C)C,0.019256492430577
NFDNSARRQSCCOG-UHFFFAOYSA-N,O=C1OC2=CCC3(CCC(C3)C(NCC(O)C)C=4C=C(C=C(C4)CCNC5C=CC67CCC2=C1C6C89C(OC(=O)C9=C(C=%10C=C(O)C=CC%10C=%11C=CC=C5C%11)C7CC8)=CC(CC=%12C=CC=CC%12)CC)CNC)C%13CCNC(NC)C%13,0.1313353559933602
IVHWWYNBMIROCV-UHFFFAOYSA-N,O=C(OC1CC2C(C)(C)C(O)CCC2(C)C3CCC4(C)C(OC(=O)C5OC54C13C)C6=COC=C6)C,0.007098934269743
ZUTUDCUWFZDHEV-UHFFFAOYSA-N,O=CC(=O)[N+]12CCC3OC(C1)C(NC)C32,0.3055124064907432
XKWGOBXZSWYPBU-UHFFFAOYSA-N,O=C(C=C(C)C1CCC2C3C(=CCC12C)C4(C)CCC(OS(=O)(=O)O)CC4C(OC5OC(C)C(O)C(OC6OCC(OC7OC(CO)C(O)C(O)C7OC8OC(C)C(O)C(OC9OC(CO)C(O)C9O)C8O)C(O)C6OC%10OC(C)C(O)C(O)C%10O)C5O)C3)CC(C)C,0.0326032753102481
LPZPZNJQAWYLJJ-UHFFFAOYSA-N,O=C1C2=C3C(CN4C=C(C=5NC=C(C54)CCC2(C)CC(O)C6OC6(C)C)C7C(=O)C(CC=8C7=CC(=CC8C9(O)CCOCC9)C%10CCCCC%10)CCC(C)C)C(O)C%11C(C)(CC%12(CCCC%12)C%13C(C(=O)C%14C=%15C=CNC%15C%16CCC%14(C%16)C%11%13C)(C)CCNC)C3(C)C1,0.0865840889513492
DLBRMPAESNEOJM-UHFFFAOYSA-N,O=C1C=C(OC)C(=O)C(=C1C)CC=C(C)CCC=C(C)CCC=C(C)CCC=C(C)CCC=C(C)CCC=C(C)CCC=C(C)CCC=C(C)CCC=C(C)CCC=C(C)C,6.0850416789151506e-05
GSEDQEXTVARKJC-UHFFFAOYSA-N,OCC1=CCC(O)(CC1)C(C)C,4.189895728624604e-05
VWMQQJKOXZEWFR-UHFFFAOYSA-N,OC1C(=C)C2CCC3(C)C(CC=C4C5CC(C)(C)CCC5(C)CCC43C)C2(C)CC1O,0.009426120162243
WRJZHQYUZXGMTL-UHFFFAOYSA-N,O=C1OC=2C(OC3=C1C(=CC(OC(=O)C)=C3C(OC(=O)C)OC(=O)C)C)=C4C(C(=O)OC4OC(=O)C)=C(OC(=O)C)C2C,0.0250879944884218
NZUWOTQTOXARRB-UHFFFAOYSA-N,O=C1OC(C)CCCC(=O)CCCC=CC=2C=C3OC(=O)CC(C4=CC=C(OC)C=5C=CC=CC54)C3=C(OC)C12,0.0080178066040389
NXZINIUZFWJYHR-UHFFFAOYSA-N,O=C1OCC2N1C3=CC(F)=CC=C3CN(C(=O)C=4C=CC=CC4OC)CC2,0.0072346696164458
KBGOEOCCBXLFJU-UHFFFAOYSA-N,OCC1OC(OC(CC)CCC(C)C2CC(O)C3(O)C4(O)C(O)C(O)C5(O)C(O)C(O)CCC5(C)C4CCC23C)C(O)C(O)C1O,0.0021599844693355
OOEHCMQIPXGBFP-UHFFFAOYSA-N,O=C(OC)C(=C)C1CCC2(C=CC(O)C(=C)C2C1)C,0.0013167309548293
APIINTKEQVTJFJ-UHFFFAOYSA-N,O=C1OC(C=2C=COC2CC(C(O)CO)C3CCC4C(C=CN5CNCC54)C3)C6(C)CC7CC89CCCC9CC%10=CC(CC(C)C%11CCCC%11)C%12(OC%10%13C8C(=O)OCC%14%13C%12C(=O)C(O)C(C%15CCCC(CC=%16C=CC=CC%16)C%15)(C7%14)C%176OC1%17)C,0.0542085187509655
JBLCHXSMRIRBNV-UHFFFAOYSA-M,O=S(=O)(O[Na])C1CC2C3=CC=C(OC(N=C(N)N)(C4=CC=C(C=C4)C5C1C=C6CC5CC7OC6C8=CC=C(O)C=C8C#CCC7CO)CCC9(O)CCCC9)C=C3CCC2C,0.0012086509144864
VYEKCJNJMWYYFE-UHFFFAOYSA-N,O=C1C=C(OC(=C1O)C(C2=CC=C(O)C(OC)=C2)CC(=O)NCCC3=NC=CC=C3)C,0.0095951401279307
QXHAKXGZUGCVJD-UHFFFAOYSA-N,O(C1=C(OC)C2=C(C=C1C(C)C)CCC3C(=CCCC3(C)C)C2)C,0.0026232769188936
GIDGYMKPWWCWDW-UHFFFAOYSA-N,O=C1C=2C=C(C(O)=C(O)C2OC=3C=C(O)C=C(O)C13)CC=C(C)CCC=C(C)C,0.0012207500804009
RAOYEDCAXDFCSK-UHFFFAOYSA-N,O=C(O)C12CCC3C(C)CCC32C4CCCCC4C1,0.0010641408015999
JHQJWAATPMMFRX-UHFFFAOYSA-N,O=C1OC2=CCC3(CC4CC(C#CCC(O)(C)CNC(C=5C=CC=C(C5)CCNCC6=CC=CC(=C6)C=7C=CC(O)=CC7C8=C9C(=O)OC(=CC(CC=%10C=CC=CC%10)CCO)C9%11CCC8C%12CCC2=C1C%12%11)C4C3)CO)C%13CCNC(NC)C%13,0.056115532759577
CZRRGBQGVWOIRS-UHFFFAOYSA-N,C=CCCCCCCCC1N2C(C=CC)CCC2CC1,0.0009559180114564
IPICJMATVGQMIL-UHFFFAOYSA-N,O=C(OC)C1(C)CCC2(C)CCC3(C4=CC=C5C(=CC(=O)C6(O)OC7=CC8=C(C=CC9C8(C)CCC%10(C)C%11CC(C(=O)OC)(C)CCC%11(C)CCC9%10C)C(=C7OC56C)C)C4(C)CCC3(C)C2C1)C,0.1770348720252514
NQLFDFWLRDFLDW-UHFFFAOYSA-N,O=C1C(=C2CCC3C4(C)CC(C=5C=C(O)C=C(C5)CNC)C(=O)C6(C)CCCCC(O)(C)CNC(CC73CCCC1C27C)C64)C(C)CC(O)C8OC8(C)C9CCCC9C=%10C=C(N)C=C(C%10)CC(C)C,0.0515132214874029
DYYUCPUBGMQWKV-UHFFFAOYSA-N,O=C1C2=C3C(CN4C=C(C=5NC=C(C54)CCC2(C)CC(O)C6OC6(C)C)CC7=CC(=CC(=C7)C8CCCCC8)C)C(O)C9C%10(C)CCC(=O)C(C)(C)C%10CCC9(C)C3(C)C1,0.1513615261763334
ATQWGHRCOPOAHH-UHFFFAOYSA-N,O=C(OC)C1=CC=2OCOC2C3=C4C=CC=C(OC)C4=CC(=C13)N(O)O,0.3013735234737396
DEALRZISPQZPLW-UHFFFAOYSA-N,O=C(N1C(=CC=2C=C(OC)C=3OCOC3C2)CN(C(=O)C)C(CC=4C=CC=CC4)C1)C,0.001554623429547
ZJOPTQIUJKUGOI-UHFFFAOYSA-N,O=C(O)CCC(=O)OC1C(OC(OC2C(OC(OC3C(OC(OC4C(N(C)C)C(O)C5OC6=C7C(=O)C=8C(O)=C9C(=C(O)C8C(=O)C7=CC=C6C4(O5)C)C(OC%10OC(C)C(O)C(N(C)C)C%10)CC(O)(C)C9)CC3(C)[NH+]([O-])O)C)CC2(C)[NH+]([O-])O)C)CC1OC)C,0.1076763485558331
SJNDYXPJRUTLNW-UHFFFAOYSA-N,O=C1C=2C=C(O)C=C(O)C2C(=O)C3=C(O)C4=C(OC5OC=CC45)C=C13,0.0077633415115997
OORVYUBIQGFIPU-UHFFFAOYSA-N,O=C1OC(CC=CC=C(C)C(OP(=O)(O)O)CCC=CC=CC=CCC(O)C(C(=C)C1)C)CCC(=CC=C)C,0.0016374006060061
SHZPIKJKQRXVBW-UHFFFAOYSA-N,O=C1OCC2OC(=O)C3=CC(O)=C(O)C(O)=C3C4=C(O)C(O)=C(O)C5=C4C(=O)OC(C6OC(=O)C7=C5C(O)=C(O)C(O)=C7C6O)C2OC(=O)C8=CC(OC9=C(O)C(O)=C(O)C=C9C(=O)OC%10OC%11COC(=O)C%12=CC(O)=C(O)C(O)=C%12C%13=C(O)C(O)=C(O)C=C%13C(=O)OC%11C%14OC(=O)C%15=CC(O)=C(O)C(O)=C%15C%16=C(O)C(O)=C(OC%17=C(O)C(O)=C(O)C=C%17C(=O)OC%18C(O)OC%19COC(=O)C%20=CC(O)=C(O)C(O)=C%20C%21=C(O)C(O)=C(O)C=C%21C(=O)OC%19C%18OC(=O)C%22=CC(O)=C(O)C(O)=C%22)C=C%16C(=O)OC%10%14)=C(O)C(O)=C8C%23=C(O)C(O)=C(O)C=C1%23,0.0503619190305471
IVGPAZDAWNXTRX-UHFFFAOYSA-N,O=C(OCC)C=1N=C(SC1)NC(=O)CNC2=CC=C3C4=C(OC)C(OC)=C(OC)C=C4CCC(NC(=O)C)C3=CC2=O,0.0591229829937219
QQHRXMAEXRTSJD-UHFFFAOYSA-N,O=C(O)CN1C=C(C=2C=C(OC)C=CC21)C(C(=O)O)N3CC4C5=CC=CC(=O)N5CC(C3)C4,0.0015190177578915
HXWFOEISOFMWCD-UHFFFAOYSA-N,O=CC(C=1C=C(C=C(C1)C2CCCCC2)C3CCOCC3)C4=CN5C6=C4NC=C6CCC(C=7C(=O)CC8(C7C(C5)C(O)C9C%10(C)CCC(=O)C(C)(C%11CCCC%11)C%10CCC98C)C)(C)CC(O)C%12OC%12(C)C,0.1429780414327979
TURXSYDYWDGFKA-UHFFFAOYSA-N,O=C1C=CC=C2N1CC3CN(C4=CC=C(C=C4N)C(=O)NCC)CC2C3,0.0011753594840229
UTBDGURYYHXMBW-UHFFFAOYSA-O,O=C(O)C1=C[NH+]2CC(C=C3C#CC4(SSCC=CC5C(OC=C(C(=O)OC6CCC(CO)C6CSSC4C2CO)C35)OC7OC(CO)C(O)C(O)(O)C7OC(NC)CO)CC8N=C(N)NCC8)=C1NC(=N)NCCCO,0.1237605958245694
ICSSFSVOQUVGQA-UHFFFAOYSA-N,OC(CCC1OC1(C)CCCC(C)CCCC(C)CCCC(C)C)C(OC(C)(CCCC(C)CCCC(C)CCCC(C)C)C2OC(CC2)C(OC(C)(CCCC(C)CCCC(C)CCCC(C)C)C3OC(CC3)C(O)(C)CCCC(C)CCCC(C)CCCC(C)C)(C)CCCC(C)CCCC(C)CCCC(C)C)(C)CCCC(C)CCCC(C)CCCC(C)C,0.2043944895267486
JLJPBXMYIMNQDP-UHFFFAOYSA-N,O=C(OC1CCC2(C)C(C(=C)CCC2C1(C)C)CCC3C(=C)CCC4C(C)(C)C(OC(=O)C)CCC34C)C,0.0050528053216112
SNMOIPJHMHICTE-UHFFFAOYSA-N,O=C(OCC1C2=CC=C3C=4C(OCO)=CC(O)=CC4CC56C3=C2OC1C7=C8C=CC9NC%10CCCC(CSSCC9OC8=C(O)C=C7CC#CC=%11NC(N)C=CC%11C(CCC=%12C=CC=CC%12)C(CC5)C6)C%10)C,0.0403182202018797
AUKXCXNBZZBNMK-UHFFFAOYSA-N,O=C1OC2=CCC3(CCC(CC=4C=C(C=C(C4)CCNCC5=CC=CC(=C5)C=6C=CC(O)=CC6C7=C8C(=O)OC(=CC(CC=9C=CC=CC9)CC)C8%10CCC7C%11CCC2=C1C%11%10)CNCCC)C3)C%12CCNC(NC)C%12,0.1205530207604169
AZQBDRAMMCBOHB-UHFFFAOYSA-N,O=C1OC2(C=3C=CC=C(C13)CCCN)C4CC(C=CC5C6=C7CCC82C(OC(=O)C648)=C(O)C9CCC%10N(CC%11CC%10CN%12C%13=C(CCC%12%11)CC(C)C(C5)C%137)C9CC%14CCCCC%14)C,0.0746917840093374
PANDVJNMJNDSCF-UHFFFAOYSA-N,O=C(N)C=1C=C2C(=CC1OC)CCN3CCC4=CCC(OC)CC243,0.0004769958472024
BFAJLSKYUOPYBU-UHFFFAOYSA-N,OC1=CC=C(OC2OC(COC3OC(C)C(O)C(O)C3O)C(O)C(O)C2O)C=C1OC,0.0011044695955206
XCLSBVYYHMTGKX-UHFFFAOYSA-N,O=C1OC(C)CC2OC(CC2)C1C,0.0064188070420641
MUOGCCZSVYDGMR-UHFFFAOYSA-N,O=C1C=CC2(CCC(C)CCCCC)CCC(CSSCC3=CC4=C(C#CCC=5NC=CC5C(=O)CC4C6=CC(=CC=C6O)CCOC7=CC(=CC=C7O)CC1)C=C3C(N)N)C2,0.040702879987657
RMARCXQAHOJNRB-UHFFFAOYSA-N,OCC(=C)C1CCC2(C)CCCC(O)(C)C2C1,0.0008344408606717
KBKOFWYPSMINIY-UHFFFAOYSA-N,O=C1OC(CC(=C1C)C)C2(OC(OCC)C34CCC5C(CC6OC76C(O)C=CC(=O)C57C)C4CCC23)C,0.0344170302763814
YTRRKTCSLDKREX-UHFFFAOYSA-N,O=C1CCCC2=CC(O)C3C(CCC4(C)C(CCC34)C(C)CCC(C(=C)C)CC)C12C,0.0056914606306236
