key,input,IC50_1uM,IC50_2.5uM
KZDIELOBSVXZCJ-UHFFFAOYSA-N,O=C1OC(C)(CCCC(=C)C)C2C(=O)CC3(C)C4C(=CCC123)C5(C)CCC(OC6OCC(OC7OC(CO)C(O)C(OC8OC(CO)C(O)C(OC)C8O)C7O)C(O)C6OC9OC(C)C(OC%10OCC(O)C(OC%11OC(CO)C(O)C(O)C%11O)C%10O)C(O)C9O)C(C)(C)C5CC4,2.1787637868955528e-05,0.0001495734765473
JGTRUZSFUZQJBG-UHFFFAOYSA-N,O=C1C=2C(O)=CC=CC2C3C4C=5C=CC=C(O)C5C(=O)C(C4O)C3C1,1.381510359731957e-07,0.0001460038436423
QHBOJGGEJPZRLD-UHFFFAOYSA-N,O=C(O)CCC1(C)C(C(=C)C)CC=C(C)C1CCC2C(=C)CCC3C(C)(C)C(OCC4OC(O)C(NC(=O)C)C(O)C4O)CCC23C,7.878672953876743e-06,0.0001357117683817
LUXFFBSWZZSABV-UHFFFAOYSA-N,O=C(O)C1CCC(=C)C(CCCNC2=CC=C(C=3C=CC=C(C3)CC4=C5C=CC=CC5=CC6C4=CC78C(=CCC9(C)C(O)CCC6(C%10=C(C7)C%11(C)C%12CCCC%11(CC%10)C1C%12O)C89)CC(C)C)CN2)C%13CCCCC%13,2.6160451781475335e-06,0.0022274546391362
DRGGNGHZTGEFMB-UHFFFAOYSA-N,ClC1=CC=C(C=C1)C(NNC=2C=CC=CC2)CC(=NNC=3C=CC=CC3)C4=CC(Br)=CC=C4O,2.636025517144036e-05,0.0174895102995151
FUMSTPYHLBODRT-UHFFFAOYSA-N,O=C(OC)C1N(C[C]2[C](C1)[NH2+][CH]N2C[C]3[CH][CH][C](OC)[CH][CH]3)CCC[C]4[CH][CH][CH][CH][CH]4,3.6228804664690065e-06,6.431056401360508e-06
AREFYVKPYJWXLV-UHFFFAOYSA-N,BrC1CCC(=C)C2CC(CCC12C)C(O)(C)C,5.611342526429075e-07,0.0001640169742753
IFNJAYLLCOMDNC-UHFFFAOYSA-N,O=C1C=C2OC3=C(C(=O)C)C(O)=C(C(O)=C3C2(C(=O)C1=C(NC=4C=CC5=C(N=C(N5CCO)C(F)(F)F)C4)C)C)C,1.357717831709924e-05,0.0008664167061863
RBYRHDBWVSOLNG-UHFFFAOYSA-N,O=C(OC1CCC2(C)C(C1)C(Br)C(=O)C3C4CCC(C(C)CCC(=O)OCC)C4(C)C(OC(=O)C)CC32)C,2.126177833822821e-06,9.476706885106364e-05
PVZJZNWKDRDNDY-UHFFFAOYSA-N,O=C1OCC2OC(O)C(OC(=O)C3=CC(O)=C(O)C(OC=4C(O)=C(O)C(O)=C5C4C(=O)OC6C(OC(OC(=O)C7=CC(O)=C(O)C(O)=C7)C8OC(=O)C9=CC(O)=C(O)C(O)=C9C%10=C(O)C(O)=C(O)C=C%10C(=O)OC86)COC(=O)C%11=CC(O)=C(O)C(O)=C%115)=C3)C(O)C2OC(=O)C%12=CC(O)=C(O)C(O)=C%12C%13=C(O)C(O)=C(O)C=C1%13,1.7878424089032346e-06,0.0016040535905817
TVVIOELGHGBQLO-UHFFFAOYSA-N,OC=1C=CC=CC1CCC2=CC(O)=C3C(OCC(=CC3)C)=C2,1.1454904970318694e-06,0.0036801637521983
XALPPUVIMAFGQZ-UHFFFAOYSA-N,[O-][NH+](O)C1=CC=CC(=C1)C2=NOC(=N2)C3N(CC=4C=CC=C(OC(F)(F)F)C4)CC(O)C3,0.0001065358973629,0.0139503158950571
DWXSJAAPPYYVFJ-UHFFFAOYSA-N,OC1(CCC)CCC2C3CCC4CC5(OC5)C(C)CC4(C)C3CCC21C,3.114230504327327e-07,0.0004901716801155
KDRXYAZQGZWMOE-UHFFFAOYSA-N,OC1CC2C3(C)CCC(O)C(C)(C)C3CCC2(C)C4(C)CCC(C14)C(O)(C)CCCC(OCC)(C)C,4.232805690909562e-06,0.0003342435901855
HSEXXWKKLFURIM-UHFFFAOYSA-N,O=C1C=C2OC3=C(C(=O)C)C(O)=C(C(O)=C3C2(C(=O)C1=C(NCCN4C=5C=CC=CC5N=C4C(C)C)C)C)C,5.465306337792611e-06,0.0004597245999449
BXQYQCWJLODGHQ-UHFFFAOYSA-N,O=C1OC(C=2C=COC2CC(C(O)CO)C3CCC4C(C=CN5CNCC54)C3)C6(C)CC7CC89CC%10C=CC%119C(=O)OCC%12%13C(C(=O)C(O)C(C%14CCCC(CC=%15C=CC=CC%15)C%14)(C7%12)C%166OC1%16)C%17%18OC%11%13C(=CC%18C%19(C=CC%17)C=CC%20CCCCC%20C%19C)CC8C%10,3.8661999851110815e-05,0.0008547078060116
CSOWTGYPOYWLDY-UHFFFAOYSA-N,OC1=CC=CC(=C1)CC2=CC(=CC=C2O)CCC3C#CC=4C5=C(NC6NC(OC)CCC46)N7C=C8C=C(C=C(C8=C7)COC9=C(O)C=C(C%10=C9C(CC(C)C)CC(C%10)C(O)CC(OC5)CCC3)CO)C%11%12C=%13C%14=CC=CC%13CC%15CCC%16CCCCC%16(OCC%11CC%14)C%15%12,0.0021495834458939,0.0230093870773542
ZTRMOPKTQWRGER-UHFFFAOYSA-N,O=C1C2=C3CCC4C(CCCC5CCCCC5C2CC(O)C6OC6(C)C7CCCC7C=8C=CC=C(N)C8)(CC9NCC(O)(C)CCCCC%10%11C(=O)C(C=%12C=C(O)C=C(C%12)CNC)C(C=CC%10)C4(C)C9%11)C3(C)C1,1.9973829361959643e-05,0.0002982737832292
VFELUOCMRWUEOW-UHFFFAOYSA-N,O=C1C=2C=CC=CC2OC=3C=C(OCC(=O)C4=CC=C(Br)C=C4)C=C(O)C13,3.731025014591975e-07,0.0014092070184733
GHRAVCGFLPMBNV-UHFFFAOYSA-N,O=C(C=1C=CC=CC1)C=2OC=3C=CC(=CC3C2C)NC(=O)C4CCCCC4,1.758582556485873e-07,0.0001733873893584
JPSJAEKGWQQZLV-UHFFFAOYSA-N,O=C1C2=C3C(CN4C=C(C=5NC=C(C54)CCC2(C)CC(O)C6OC6(C)C)CC=7C=C(C=C(C7)C8(O)CCOCC8)C9CCCCC9CNC)C(O)C%10C(C)(CCC%11C%12(C(=O)C%13C=%14C=CNC%14C%15CCC%13(C%15)C%11%10C)CCCC(NC)C%12)C3(C)C1,0.0009247323062964,0.0003395564990735
CFGCTVYZBSWLKA-UHFFFAOYSA-N,O=C(OCC1OC(OC(=O)C2=CC(O)=C(O)C(O)=C2)C(OC(=O)C3=CC(O)=C(O)C(O)=C3)C(OC(=O)C4=CC(O)=C(O)C(O)=C4)C1OC(=O)C5=CC(O)=C(O)C(O)=C5C6C=7C(O)=C(O)C(O)=C8C7C(=O)OC6C(OC(=O)C9=CC(O)=C(O)C(O)=C98)C%10OC(=O)C%11=CC(O)=C(O)C(O)=C%11C%12=C(O)C(O)=C(O)C=C%12C(=O)OCC%10O)C%13=CC(O)=C(O)C(O)=C%13,6.30455985433187e-07,0.0054511654129094
PLOGIPJVPFDPKT-UHFFFAOYSA-N,O=C1C2=C3C(CN4C=C(C=5NC=C(C54)CCC2(C)CC(O)C6OC6(C)C)CC=7C=C8C(=C(C7)C9(O)CCOCC9)CCC%10CCCCC8%10)C(O)C%11C(C)(CCC%12C%13(C(=O)C%14C=%15C=CNC%15C%16CCC%14(C%16)C%12%11C)CCCC(NC)C%13)C3(C)C1,0.0004256920891844,0.0004023127317399
QKLBOXIFIITUPD-UHFFFAOYSA-N,O=C(OC)C1(CO)C2C(=CC)CN(C)C1CC=3C=4C=CC=CC4NC3C(C=5C=CC6=C(C5)NC=C6CCN)C2,1.004005758217231e-06,0.0004821642964998
DXKZNZIRTVCHBN-UHFFFAOYSA-N,O=C1OC2=CCC3(CCC(C3)C(NCC(O)C)C=4C=C(C=C(C4)CCNCC5=CC=CC(=C5)C=6C=CC(O)=CC6C7=C8C(=O)OC(=CC(CC=9C=CC=CC9)CC)C8%10CCC7C%11CCC2=C1C%11%10)CNC%12CCCCC%12)C%13CCNC(NC)C%13,7.666600681462972e-06,0.0001978678251171
QFLMCNVRCRLXMT-UHFFFAOYSA-N,O=C1OC(C=2C=COC2CC(C(O)CO)C3CCC4C(C=CN5CNCC54)C3)C6(C)CC7CC89C%10CC%11=CC%12C%13(OC%11%14C9(C=CC(C%10)C%158CCCC%15)C(=O)OCC%16%14C%13C(=O)C(O)C(C%17CCCC(CC=%18C=CC=CC%18)C%17)(C7%16)C%196OC1%19)C%20C=CC%21=CCC%22C%23CCCCC%23C=CC%12%22C%21C%20,8.490443362502251e-05,0.001978972878517
QDVYEGQEKVWCSH-UHFFFAOYSA-N,O=C(OC=1C=C2OC(=CC(=O)C2=C(OCC)C1)C=3C=CC=CC3)N(C)C,3.511748565439941e-07,0.0005763939686807
LAAQDTGBDMDDMK-UHFFFAOYSA-N,O=C(OC1OC(CO)C(O)C(O)C1OC2OC(CO)C(O)C(O)C2O)C34CCC(C)C(O)(C)C4C5=CCC6C7(C)CC(O)C(O)C(C)(C)C7CCC6(C)C5(C)CC3,3.286136832560642e-07,0.0001872705613004
PPMKBMZMIZBLDL-UHFFFAOYSA-N,O=C1OC(C=2C=COC2CC(C(O)CO)C3CCC4C(C=CN5CNCC54)C3)C6(C)CC7CC89CCCC9CC%10=CC(C%11C=CC%12CCCCC%12C%11C)C%13(OC%10%14C8C(=O)OCC%15%14C%13C(=O)C(O)C(C)(C7%15)C%166OC1%16)C,9.911126685028836e-05,0.0003392626812583
AGSHKZHSGTVPDS-UHFFFAOYSA-N,OCC12C(=CC(C)(C)CC1)C3CCC4C5(C)CCC(O)C(C)(C)C5CCC4(C)C3(C)CC2,4.4956836284673083e-07,0.0021112935204354
QKVLYKATVKEUOR-UHFFFAOYSA-N,O=C(OC1C(OC2=CC(=CC=C2OC)C34OC=5C=C(OC)C=C(OC)C5C4(O)C(O)CC3C=6C=CC=CC6)OC(C)C(O)C1OC)C,1.142493597747008e-06,0.004981517263947
YYXWVWSTOYJJJP-UHFFFAOYSA-N,O=C1C=C2C(=CC=C1NC(C(=O)NC(C3=CC=C(OC)C(OC)=C3)C(C)C)C)C4=C(OC)C(OC)=C(OC)C=C4CCC2NC(=O)C,6.566654830351553e-07,0.0001212067361452
OQJDVTONDORMQG-UHFFFAOYSA-N,O=C(CC(O)C)C(C)CC1=C(OC)C(=C(O)C=C1C)C,1.228789065461247e-07,1.8139251812911845e-05
VHOPGJHKSPGXIZ-UHFFFAOYSA-N,O=C1C(=O)C2(O)OC(C(OC)CC(C)CC(=CC(C(=O)CC(O)C(C)C(OC(=O)C3N1CCCC3)C(=CC4CCC(O)C(O)C4)C)CC=C)C)C(OC)CC2C,6.300055549681822e-07,0.0003760767930467
PLVFNMQHMRRBAA-UHFFFAOYSA-N,FC=1N=C(F)C(F)=C(N)C1F,3.786127499469727e-06,0.0073529726637302
YNESMRVRBKEIHA-UHFFFAOYSA-N,O=CC12CC34C5OC(CC6=CC=CC(=C6)CC7CCC(C7)C(C)C8CCC5C2(O)C(C8)C(O)C9(O)C1CCC%10%11CC%12(C#CC%13=CC=CC(=C%13CC(NC)C%14CC(CC9%10O)C%11C%15=CC(=O)OC%15%14)CO)CCC(CC=%16C=CC=CC%16)C%12)C%17CCC%184CCC(C=%19C=CC=CC%19)CC%18CC%173,2.0420815997826124e-06,0.0005539551663133
YKZNLRPMGYSQJU-UHFFFAOYSA-N,O=C1OC(C)(CCCC(=C)C)C2C(=O)CC3(C)C4C(=CCC123)C5(C)CCC(OC6OCC(OC7OC(CO)C(OC8OC(CO)C(O)C(OC)C8O)C(O)C7O)C(O)C6OC9OC(C)C(OC%10OC(CO)C(O)C(OC%11OC(CO)C(O)C(OC)C%11O)C%10O)C(O)C9O)C(C)(C)C5CC4,3.3699759391695095e-06,0.0001208328370722
QYBBZKGLWYOIPL-UHFFFAOYSA-N,O=C1OC2=CCC3(CC4CC(C#CCC(O)(C)CNC(C=5C=C(C=C(C5)CCNCC6=CC=CC(=C6)C=7C=CC(O)=CC7C8=C9C(=O)OC(=CC(CC=%10C=CC=CC%10)CC)C9%11CCC8C%12CCC2=C1C%12%11)CNCCC)C4C3)CO)C%13CCNC(NCCCC(C)C)C%13,2.692366771270006e-05,0.0001513937660683
GBZGOGIQXCJISH-UHFFFAOYSA-N,O=C1OC2=CCC3(CC(CC4=CC(=CC=C4CCCO)CCNCC5=CC=CC(=C5)C=6C=CC(O)=CC6C7=C8C(=O)OC(=CC(CC=9C=CC=CC9)CC)C8%10CCC7C%11CCC2=C1C%11%10)C(CCCO)C3)C%12CCNC(NC)C%12,2.3153780940494204e-06,0.0001119874943812
QKQPATPXWFRSQO-UHFFFAOYSA-N,OCC1OC(OCC(C)CCC2(OC)OC3CC4C5CCC6CC(OC7OC(CO)C(OC8OC(CO)C(O)C(OC9OC(CO)C(O)C(O)C9O)C8OC%10OC(CO)C(O)C(OC%11OC(CO)C(O)C(O)C%11O)C%10O)C(O)C7O)C(O)CC6(C)C5CCC4(C)C3C2C)C(O)C(O)C1O,5.2874928354636406e-06,0.0003771174583878
XJFHUTJCTVYBPI-UHFFFAOYSA-N,O=C(C=CC=1C=C(OC)C(OC)=C(OC)C1)N2C=3C=CC=CC3C(NC=4C=CC=CC4)CC2C,6.76281412950728e-07,0.0005422934609097
RCTKUXTUNFRIHB-UHFFFAOYSA-N,OC=1C=C(OCC(=C)C)C=CC1C=2N=C(N=CC2C3=CC=CC=C3OC)N,1.55199381239394e-05,0.0071319717468742
UCJVDELOXFIOCA-UHFFFAOYSA-N,O=C1C(OC2=CC(OCC=3C(Cl)=CC=CC3Cl)=CC=C12)=CC4=CC(OC)=C(OC)C=C4OC,0.0001414817517115,0.0007625884776846
CDNAQAUXZIWCIE-UHFFFAOYSA-N,O=C(OC1CC2=C(O)C=3C(=O)C=C(OC3C4=C2OC1(C)C5CC6=CNC(C=C6CCC5C7C8=C(N)NCC=C8C4C(C9=CC(O)=CC=C9CC7)CO)NCC)CO)C(=CC)C%10(O)CCC(C%11=CC=CC(=C%11)C%12(O)CCC%13(CCCC%13)C%12)C%10,1.2630336769575211e-05,0.0002133849559989
YIHQVCLNFHNFBO-UHFFFAOYSA-N,O=C1OC(C=2C=COC2CC(C(O)CO)C3CCC4C(C=CN5CNCC54)C3)C6(C)CC7CC89C%10CC%11=CCC%12(OC%11%13C9(C=CC(C%10)C%148CCCC%14)C(=O)OCC%15%13C%12C(=O)C(O)C(C%16CCCC(CC=%17C=CC=CC%17)C%16)(C7%15)C%186OC1%18)C%19CCCCC%19,0.0001419116877895,0.0023451659354154
RLTGEHPNJVMPKI-UHFFFAOYSA-N,O=C1C(=O)C2(C)CCC(C2C3=C(Br)C(=CC(O)=C13)C)C(C)C,3.385696599778225e-07,0.0003732451677321
JZDFXSMOBHIZBC-UHFFFAOYSA-N,O=C(OC)C(=CCCC1=COC=C1)CCC=C2C(=O)OC(CC2)C(O)(C)C,1.1848171924980532e-06,2.8373836706549496e-06
KVIATPOXIBNAGK-UHFFFAOYSA-N,O=C1C(O)=C(C(=O)C(C=2OC(=CC2CCCC(=CCC3=C(O)C=C(C=C3O)C)C)C=C(C)C)=C1C)CC=C(C)CCC=C(C)CC(O)C=C(C)C,8.928931416380029e-05,5.638472028703766e-05
IPWHHFXGOKOKGN-UHFFFAOYSA-N,O=C(C1=NC=CN=C1)N2CCC(C3=NN=C(O3)C=4C=NC=CC4)C2,6.053966877235333e-08,5.406051124637438e-05
LROMRMAWAPMTDP-UHFFFAOYSA-N,O=C1C2=C3CCC4C5(C)CC6(C=7C=C(O)C=C(C7)CNC)C(=O)C8(C)CCCCC(O)(C)CNC(CC4(C(CO)C(CCCCC)CC9CCC(CO)CC9C2CC(O)C%10OC%10(C)C%11CCCC%11C=%12C=CC=C(N)C%12)C3(C1)CCC6)C85,9.01653296231794e-06,0.0002016469218313
LPLKITYJSHNVOP-UHFFFAOYSA-N,O=C1C2=C(C=3OC4(C5=CC=C6C(C5=CC(=O)C4(O)OC3C=C2C7(C)CCC8(C)C9CC(C(=O)C(O)C9(C)CCC8(C)C7C1)C)(C)CCC%10(C)C%11CC(C(=O)CC%11(C)CCC6%10C)C)C)C,1.366539544691767e-06,0.000646653048147
UDLXXZFQOLACFZ-UHFFFAOYSA-N,O=C1C=2C=C(C(=C(O)C2C(=O)C3=C(OC4OC(CO)C(O)(CCC=5C=CN=C(N)C5)C(O)C4O)C=C(OC)C(=C13)CC)CNC(=N)NC)CCC6=CN=C(N)C=C6,1.8883286297547675e-06,0.0002015396035555
RAZCTPDVCIYQFH-UHFFFAOYSA-N,O=C(NC1=CC=C(C=C1)C(=O)C)NCC2N3CCC(C2)C(CN4CCSCC4)C3,3.9986042961803256e-08,8.784751585834743e-06
BKJCFTSEOMKHFF-UHFFFAOYSA-N,O=C(OC1CC(OC2C3CC4=CC=C(O)C(OC5CCCC6(NC(=NC(N7C=C8C=CNC8=C7)C6CNC)NCCCC=9C=C(N)NCC9)C5C#CC3CCC12)=C4)C%10=CC(O)=C(O)C(OCCC=%11C=NC=CC%11)=C%10)C,1.4052183337750262e-05,0.0009419295099879
ROCQRTLTAPQWRP-UHFFFAOYSA-N,O=C(OC1CC2C(O)(CC=C3CC(OC4OC(C)C(OC5OC(C)C(OC6OC(C)C(OC7OC(C)C(O)C(OC)C7O)C(OC)C6)C(OC)C5)C(OC)C4)CCC32C)C8(O)CCC(O)(C(=O)C)C18C)C=CC=9C=CC=CC9,6.670518619448481e-06,0.0005515370089751
OXQGTIUCKGYOAA-UHFFFAOYSA-N,O=C(O)C(CC)CC,1.3971835082079774e-08,1.1008879550036533e-05
XNEKQJUEYCSCOA-UHFFFAOYSA-N,O=CC(NC1=CC=CN1)CC=2N=CNC2CC3=CC(C=CC(=O)N4C5=CC(OC6(O)OC(CO)C(O)C(O)C6O)=C(O)C=C5C(CC7(C=8C=CC=CC8)CCCC7N)C4C(=O)O)=CC=C3O,2.1236659150797496e-05,0.0016128512549502
CDMZKHHAATULQG-UHFFFAOYSA-N,O=C1OCC(C2C#CCC3CC4(O)C5=C6NC(C(=O)CC(C7=CC=C(O)C=C7)CSSCC8C(O)C(O)CC(C9CCCCC9)(C8C6=O)C5C%10CCC(CN=C(N)N)C4(C%10)C3C(O)(C)C(O)CC(C(O)O)C%11CC=C%12CCC(C)CC%12C%11C2)CO)C1C=%13C=CNC%13,8.908107033414858e-07,0.0007364513842916
OAYVNKJYHMMEOO-UHFFFAOYSA-N,O=C1OCC23C4C(=O)C(O)C5(C6CCCC(CC=7C=CC=CC7)C6)C3C(CC8(C)C(OC(=O)C9OC985)C=%10C=COC%10CC(C(O)CO)C%11CCC%12C(C=CN%13CNCC%13%12)C%11)CC%14%15C(CC%16=CC(CC(C)C)C4(OC%162C1%14)C)CCC%17%15CCC%18(CCCC%18)C%17,5.423334274346218e-05,0.0004029870961512
QWRNICFBCFNFFN-UHFFFAOYSA-N,O=C1OC(C=2C=COC2CC(C(O)CO)C3CCC4C(C=CN5CNCC54)C3)C6(C)CC7CC89CCCC9CC%10=CC(C%11CCC%12CCCC%12C%11C)C%13(OC%10%14C8C(=O)OCC%15%14C%13C(=O)C(O)C(C)(C7%15)C%166OC1%16)C,5.0598652787077546e-05,0.0001851523764026
CUGUCNNFFYVMDF-UHFFFAOYSA-N,OC1=CC=CC(=C1)CC2=CC(=CC=C2O)CCC3C#CC4=CC(N)NC5=C4COC(CCC3)CC(O)CCC6=CC=C(O)C(OCC7=CC(=CC8=CN5C=C87)C9%10C=%11C=CC=CC%11C%12CCC(OCC9)C%10C%12)=C6,0.0012785858573961,0.0547248697687084
MLQRAZJIOUZQQK-UHFFFAOYSA-N,O=C(OCCOC)C1=C(OC=2C=CC(OCC(=O)OC(C)(C)C)=CC21)C,9.676928718748528e-08,2.5012237923237715e-05
TYUQMAUSJYPCQM-UHFFFAOYSA-N,O=C(OC1COC2C1OCC2NC(=O)NC3=CC=C(C=C3)C(=O)C)NC4=CC=C(OC)C=C4,9.152549457476136e-07,4.490943770126344e-05
CTVUVLBKFNAMSZ-UHFFFAOYSA-N,O=C1OC2=C(C=CC=3OC45CC=CC6(CC7C8=CC9=CC=C8C%10CC(C(=O)OC4C(OC(=O)CC%11CC(C=CC9%11)C%12=CC=CC%13=C%12CCC%14CCCC%15C=CC=%16C=CC(=CC%16C%13%15%14)CC%17=CC=C(C=C%17)C%18(CCCC%18)C%10C7)C32)=C(C)CO)C%19C=CC=%20C=CC=CC%20C%19CC56)C(=C1C(COC)CCO)CO,0.0004002948204774,0.0007298615914527
OCHWMXWUOZTUSN-UHFFFAOYSA-N,O=C(O)C1OC(OC2CCC3(C)C4CC=C5C6CC(C)(C)CCC6(C(=O)OC7OCC(O)C(O)C7OC8OC(C)C(O)C(O)C8O)CCC5(C)C4(C)CCC3C2(C)C)C(O)C(O)C1O,3.9917626701738314e-07,0.0002600280875577
LXUOLXRAUIFAEF-UHFFFAOYSA-N,O=C(C=1C=CC=CC1)CC2=NC=3C=CC=CC3N=C2CC(=O)C=4C=CC=CC4,1.2546975919960678e-07,0.0030954645593067
OUNWRJKZPYDMAI-UHFFFAOYSA-N,O=C1OCC23C4C(=O)C(O)C5(C)C3C(CC6(C)C(OC(=O)C7OC765)C=8C=COC8CC(C(O)CO)C9CCC%10C(C=CN%11CNCC%11%10)C9)CC%12%13C(CC%14=CC(CC(C)C)C4(OC%142C1%12)C)CCC%15%13CCCC%15,2.4267018349759314e-05,7.017806831169643e-05
VRHJKNOYDGRORA-UHFFFAOYSA-N,O=C(OCC1OC(OCC(O)C(O)C(O)CO)C(O)C(O)C1O)C=CC2=CC=C(O)C(O)=C2,0.0002286314872114,5.5993405473693715e-05
OXERJKWWIZWKLQ-UHFFFAOYSA-N,O=C1C2=C(CC(O)C3(O)C(O)C=4C(O)=CC=CC4C(=O)C23O)C(O)C(C)C1,6.70096714621581e-08,0.0003238014974375
YIVGQETVHMMZJZ-UHFFFAOYSA-N,O=C1OC(C=2C=COC2CC(C(O)CO)C3CCC4C(C=CN5CNCC54)C3)C6(C)CC7CC89C(CC%10=CC(CC(C)C%11CCCC%11)C%12(OC%10%13C8C(=O)OCC%14%13C%12C(=O)C(O)C(C%15CCCC(CC=%16C=CC=CC%16)C%15)(C7%14)C%176OC1%17)C)CCC%189CCCC%18,5.540868396877059e-05,0.0003437559214257
WDNXIMGXONMELZ-UHFFFAOYSA-N,O=C1OCC23C4C(=O)C(O)C5(C6CCCC(CC=7C=CC=CC7)C6)C3C(CC89CCCC9CC%10=CCC4(OC%102C18)C)CC%11(C)C(OC(=O)C%12OC%12%115)C=%13C=COC%13CC(C(O)CO)C%14CCC%15C(C=CN%16CNCC%16%15)C%14,0.0001211315507271,0.0004414722782052
DDVISXXJUZSWPZ-UHFFFAOYSA-N,O=C(OCC1C2=CC=C3C=4C(OC)=CC(O)=CC4CC56C3=C2OC1C7=C8C=CC9NC%10CCCC(CSSCC9OC8=C(O)C%11=C7C(C#CC=%12NC(N)C(=CC%12CC(CC5)C6)CC)C#CCC(COC)C(CO)CNC%11)C%10)C,5.595764671706164e-06,0.0005862450198378
RYTKQFYVSGDKJI-UHFFFAOYSA-N,O=C1OC(C)(CCCC(C)C)C2C(=O)CC3(C)C4C(=CCC123)C5(C)CCC(OC6OCC(OC7OC(CO)C(O)C(OC8OC(CO)C(O)C(O)C8O)C7O)C(O)C6OC9OC(C)C(OC%10OC(CO)C(O)C(OC%11OC(CO)C(O)C(OC)C%11O)C%10O)C(O)C9O)C(C)(C)C5CC4,1.837345047503432e-05,0.0001495734765473
SAYLBFNMBLIPBJ-UHFFFAOYSA-N,O=C(O)C1OC(COC2CCC3(C)C(CCC4(C)C3CC=C5C6CC(C)(C)CCC6(C(=O)OC7OC(CO)C(O)C(O)C7O)CCC54C)C2(C)C)C(OC8OC(CO)C(O)C(O)C8O)C(OC9OC(CO)C(O)C(O)C9O)C1O,3.855216719525545e-06,0.0001099069482226
FPYRYWTYVLYMNV-UHFFFAOYSA-N,O=C(OC1CC2=C(O)C=3C(=O)C=C(OC3C4=C2OC1(C)C5CC6=CNC(C=C6CCC5C7C8=C(N)NCC=C8C4C(C9=CC(O)=CC=C9CC7)CO)NCC)CO)C(=CC)C%10(O)CC%11C=%12C=CC=C%13C%12C(=CC%10C%11)C%14CCC(O)CC%14C%13O,0.0004927706343948,0.0009567293685748
YKRRILQABOVGOM-UHFFFAOYSA-N,O=C1OC2C3CC(O)CC4C5CC6=CC(=CNC6NCC5)CC(C)(CC=7C=CC=C8C(=O)C9(OC19C(=O)C87)CC(=C(C)CCC%10=CCNC=%11NC(NC)CCC%11%10)CO)CCCCC%12CC=CC%13=CC(NCC)(CC34)C2CC%13%12,7.380519611528403e-07,5.962087366951927e-05
RRAWWQCBVFWXMV-UHFFFAOYSA-N,O=C(OC1=CC=C2C(=O)C(OC2=C1)=CC=3OC=CC3)C4=CC=C(Cl)C=C4,8.843908562512123e-06,0.0013800280869009
CDQSVJNQVDTHSI-UHFFFAOYSA-N,OC1C=C(C)C(O)(C=CC(=CC=CC(=CC=CC=C(C=CC=C(C)C2OC3(C(=C2)C(C)(C)CC(O)C3)C)C)C)C)C(C)(C)C1,6.670203412889708e-07,0.000744869874897
CKJPHCOQTQMKRY-UHFFFAOYSA-N,O=C(OCC)CCC1=CC=2C=COC2C=3OCCNC4CCC(C)C5CSSCC6CC4(SSCC7(OC(OC31)C8(O)C(O)C7(O)CC9C=CC(O)C(CO)C98)C(O)CC5)CC%106CCC%11(CCCC%11)C%10O,8.755249941872421e-07,0.0015635328501553
LWPJIODYUMXZLI-UHFFFAOYSA-N,O=C1OC(C=2C=COC2CC(C(O)CO)C3CCC4C(C=CN5CNCC54)C3)C6(C)CC7CC89CCCC9CC%10=CC%11C%12(C=CCC%13%11OC%10%14C8C(=O)OCC%15%14C%13C(=O)C(O)C(C%16CCCC(CC=%17C=CC=CC%17)C%16)(C7%15)C%186OC1%18)C=CC%19CCCCC%19C%12C,9.67339998493544e-05,0.0004018606889015
UXBFJWCMRVWBJY-UHFFFAOYSA-N,N=C(NC1CCCC(CCC=2C=CC=CC2)C1)NC3CSSCC4C(N)CC5CC(CCC=6OC(=CC6CO)CCC7=CC=C(O)C(OCC(O)C8=CC9=C(N8)C%10C=CC%11(CCCC%11C%12%10CCCC%12)C9CNCC(O)C)=C7)CCC%134C=CC(CC5%13)C3C,0.0002626394560988,0.0011660686374337
LNMKRKBQQWLMTG-UHFFFAOYSA-N,O=C(OCC=1C=COC1CC2C(=C)CCC3C(C)(C)CCCC23C)C,1.4148735940304192e-07,0.0001402515110387
ASZBLJLYGDIJBS-UHFFFAOYSA-N,O=C1C2=CC=C(OCC(=O)N3CCN(C)CC3)C=C2OC=C1C=4C=CC(OC)=CC4,1.8305003915687825e-07,0.0004372114162519
REPPNUPKOJKPSP-UHFFFAOYSA-N,O=CCC1CC(C(=O)C=CC=CCC(OC(=O)CC(O)C(OC)C1OC2OC(C)C(OC3OC(C)C(OC(=O)C(C)C)C(O)(C)C3)C(N(C)C)C2O)C)C,2.294117295145785e-06,0.0005920031989419
BVVXKQVJVHFVBC-UHFFFAOYSA-N,O=C1OC(CC2=CC=C(O)C(OC)=C12)CCCC(O)C,2.7012441846770723e-08,8.14777789309223e-06
CVIVANCKIBYAOP-UHFFFAOYSA-N,O=C1C2=C(OC=C2C)CC(=CCCC3(OC13)C)C,8.957952473029464e-07,0.0002421239599444
NRUKNRPYMNPMRU-UHFFFAOYSA-N,O=C(O)C1NNCC(O)C1,1.3832361860196286e-08,8.592631899918003e-05
UDCXFIPWJOFKAV-UHFFFAOYSA-N,O=C1NC(C(=O)N1CC2=CC=C(OC)C=C2)CCC(=O)NCCC=3N=CNC3,8.501142449999687e-08,3.34657423186349e-06
HMMGMWAXVFQUOA-UHFFFAOYSA-N,O1[Si](O[Si](O[Si](O[Si]1(C)C)(C)C)(C)C)(C)C,9.065443760266682e-07,0.0001142051377222
AGPOSQPFCKIKOB-UHFFFAOYSA-N,O=C(CCC1=C(O)C=C2OC#CC3(CCCC3)C4C#CC(O)C5=CC=C6C7=C5C8C9=CNC%10=CN(C=C%109)C4OC2=C1CSSCC7(CNC6N)CC%118CCCC%11)C(CCCCC)C(O)C%12C=C%13CCC%14CCCCC%14C%13CC%12O,2.8207849147731537e-06,0.0005855849211376
WLBPINGUUUKFPB-UHFFFAOYSA-N,O=C(NC(=CC)C(=O)NC(C(=O)NC(C(=O)O)CC(C)C)CC(C)C)C(=CC)NC(=O)CCCCCCC,8.529689576117937e-08,1.444036966817743e-06
QOLZRNDRTACQKJ-UHFFFAOYSA-N,O=C(O)C1N=C(O)C2N=C(O)C(N=C(O)C3N=C(O)C4N=C(O)C(N=C(O)C(NC)C5=CC=C(O)C(OC6=CC(O)=C(Cl)C4=C6)=C5)C(O)C7=CC=C(OC=8C=C3C=C(OC9=C(Cl)C=C(C=C9Cl)C2O)C8OC%10OC(C(=O)O)C(O)C(O)C%10N=C(O)CCCCCCCCCCC)C(Cl)=C7)C%11=CC=C(O)C(=C%11)C%12=C(OC%13OC(CO)C(O)C(O)C%13O)C=C(O)C=C%121,0.0001442891145645,0.0003202781577087
GBYYEVSWHQRYFI-UHFFFAOYSA-N,O=C1C=2C=CC=CC2C(=O)C1=C3C=CC=4C=CC(O)=CC4N3,7.593551248295129e-07,0.0008597055445171
BMXNUTUYWQWEFA-UHFFFAOYSA-N,N#CC(OC1C(O)C(O)C(O)OC1CO)C=2C=CC=CC2,4.375390855317687e-07,0.0033933327811987
RRUZCAQZOZMEEB-UHFFFAOYSA-N,O=CCC1C#CC(CC2CC3(CC(O)=C4OC(=O)C5=C4CCC6C7C(C=8C=C(O)C=CC8C=9C=CC=C(C9)CNCCC%10=CC(=CC(=C%10)C(NCC1(O)C)C2C3)CNCCC)=C%11C(=O)OC(=CC(CC=%12C=CC=CC%12)CCO)C%11(CC7)C56)C%13CCNC(NC)C%13)C%14(O)CCCCC%14,8.435698786963225e-06,0.0002033358762056
DEBMTRRCNAXGIC-UHFFFAOYSA-N,O=C(O)CC1CCN(C(=O)C2CCCC2)CC1CCN3CCNCC3,8.20656403712222e-08,2.722886525472989e-05
MZGLFGZLQGCELA-UHFFFAOYSA-N,OC1CCC2(C3=CCC4(C)C(C3=CCC2C1)CCC4C(C)CCCC(C)C)C,5.109775853002773e-06,8.906105245771114e-05
XOTDQICKJVYJLO-UHFFFAOYSA-N,OC1CCC2(C)C1CCC3C4CCC(C(C=C(C)C(C)C(C)C)C)C4(C)CCC32,1.1198704985713089e-06,0.0002497849672896
XTRKEFMNBBXYJG-UHFFFAOYSA-N,O=C(O)C1(OC(CO)C(O)C2OC(OC(CO)C(O)C3OC(OC4C(O)C(OC(CO)C4OC5OC(CO)C(O)C(OC6OC(CO)C(O)C(OC7(OC(C(O)C(O)CO)C(NC(=O)C)C(O)C7)C(=O)O)C6O)C5NC(=O)C)OC8C(O)C(O)C(OCC(NC(=O)CCCCCCCCCCCCCCCCCCCCCCC)C(O)C=CCCCCCCCCCCCCC)OC8CO)(C(=O)O)CC(O)C3NC(=O)C)(C(=O)O)CC(O)C2NC(=O)C)OC(C(O)C(O)CO)C(NC(=O)C)C(O)C1,2.4078358527860217e-06,3.642769691089362e-05
MAZGNXBCXQXHEW-UHFFFAOYSA-N,O=C1OC(CC)C(C2C#CCC3CC4(O)C5=C6NC(C(=O)CC(C7=CC=C(O)C=C7)CSSCC8C(O)C(O)CC(C)(C5CCC4(CCN=C(N)N)C3C(O)(C)C(O)CC(C)C9C%10C=C%11CCC(C)CC%11C9C2CC%10)C8C6=O)CO)C1C=%12C=CNC%12,4.675647816808429e-06,0.0003115254483171
FWXVIRPYGIZLJY-UHFFFAOYSA-N,O1C(CCC2(C)CC3C(=C)CCC4OC4(C)CCC32)C1(C)C,3.832994388502038e-07,0.0012899257035822
SZYQWSMUBODLBB-UHFFFAOYSA-N,O=C1C2(CN3CC1(CN(C2)C3C=4C=CN=CC4)CC)CC,3.765757394107244e-07,5.879087282584731e-05
RGNAANQOKDULQD-UHFFFAOYSA-N,O=C(OCC12C3OC4CC(O)(O3)C2CC41OC5OC(COC=6C=CC=CC6)C(O)C(O)C5O)C=7C=CC=CC7,6.970996786659809e-07,0.0018192469766216
AJPYIHNNFGRZHL-UHFFFAOYSA-N,O=C1OC2=CCC3(CCC(C3)C(NCC(O)C)C=4C=C(C=C(C4)CCNCC5=CC=CC(=C5)C=6C=CC(O)=CC6C7=C8C(=O)OC(=CC(CC=9C=CC=CC9)CCO)C8%10CCC7C%11CCC2=C1C%11%10)CNCC(C)C)C%12CCNC(NC)C%12,9.4428211140245e-06,0.0002296975555483
LIHFUBIMEVIKHU-UHFFFAOYSA-N,O=CC12CC34C5OC(CC6=CC=CC(=C6)CC7CCC(C7)C(C)C8CCC5C2(O)C(C8)C(O)C9(O)C1CCC%10%11CCC#CC%12=CC=CC(=C%12CC(NC)C%13CC(CC9%10O)C%11C%14=CC(=O)OC%14%13)CO)CC4CC%15CC(C=%16C=CC=CC%16)CCC%153,3.331685807233506e-06,0.0008476866512413
LOOVNAROGQVITO-UHFFFAOYSA-N,O(C=1C=CC=2C(=CC=C3C(=CC(OC)=C(OC)C23)CCNC)C1OC)C,4.4379195779067496e-08,0.0002320858281657
CROCRMKIAPZRJU-UHFFFAOYSA-N,O=C(OCC1C2=CC=C3C=4C(OCO)=CC(O)=CC4CC56C3=C2OC1C7=C8C=CC9NC%10CCCC(CSSC(CC=%11C=CC=CC%11)C9OC8=C(O)C%12=C7C%13C#CC=%14NC(N)C(=CC%14C(C(CC5)C6)C%15(C%16=CC=C%17C(=C%16)CC(C#C%13)C(COC)C(CO)C(NC%12)CCC%17)CCCCC%15)CC)C%10)C,0.0001084290174994,0.0011067754942353
AEFZQUUSMKVYDD-UHFFFAOYSA-N,O=C(OC1CC2=C(O)C=3C(=O)C=C(OC3C4=C2OC1(C)C5CC6=CNC7NC(C)CCC7=C6CCC5C8C9=C(N)NCC=C9C4C(C%10=CC(O)=CC=C%10CC8)CO)CO)C(=CC)C%11(O)CC%12C=%13C=CC=C%14C%13C(=CC%11C%12)CC(CCO)C%14O,8.04035486241498e-06,0.0003920022794715
ANUALJMESJHKJE-UHFFFAOYSA-N,O=C1OCC(C2C#CCC3CC4(O)C5=C6NCC(=O)CC(C7=CC=C(O)C=C7)CSSCC8C(O)C(O)CC(C9CCCC9)(C8C6=O)C5C%10CCC(CN=C(N)N)C4(C%10)C3C(O)(C)C(O)CC(C(O)O)C%11CC=C%12CCC(C)CC%12C%11C2)C1C=%13C=CNC%13,5.419808491023294e-07,0.0006457093404186
DDJOWZMGMPKRHV-UHFFFAOYSA-N,O=C(OC1CC2C(=COC(OC(=O)CCC(C)C)C2C31OC3)COC(=O)CC(C)C)C,4.1848202775971467e-07,4.623464341936653e-05
ONRJGNLTRVJSEJ-UHFFFAOYSA-N,O=C1OC(C)(CCCC(C)C)C2CCC3(C)C4C(=CC(O)C123)C5(C)CCC(OC6OCC(OC7OC(CO)C(O)C(O)C7O)C(O)C6OC8OC(C)C(OC9OC(CO)C(O)C(OC%10OC(CO)C(O)C(OC)C%10O)C9O)C(O)C8O)C(C)(C)C5CC4,2.8071633319640947e-06,0.0001208328370722
HUKGUKVPWNHCCI-UHFFFAOYSA-N,O=C(OC1CC2=C(O)C=3C(=O)C=C(OC3C4=C2OC1(C)C5CC6=CNC7NC(C=CC7=C6CCC5C8C9=C(N)NCC=C9C4C(C%10=CC(O)=CC=C%10CC%118CCCC%11)CO)C)CO)C(=CC)C%12(O)CC%13C=%14C=CC=C%15C%14C%16%17C(C=CC(CC(O)CC(C)C%18CCCCC%18)(C%16)C%15O)=CC%13C%12C%17,5.904973469862927e-06,0.0003786975446555
CIHHOVMPTDNLJI-UHFFFAOYSA-N,O=C1OC2CC=3C=C4C(OC(=O)CC4C#CC(C=5C=C(C=C(C5)CO)NCC(O)(C)CCOC)CC1=CC(O)CC6=CC=CC(=C6)CC7C(=O)CC8CCC9C%10CCCCC%10C2(O)C8C79)=C(C3O)C%11CCCCC%11,6.135047520461498e-05,0.000371761950762
MYUIPVRRFUXAMO-UHFFFAOYSA-N,O=C1CC(C2=CC(OC)=C(O)C=C2CO)C(C#CC3C4NC56CCC7(O)C1C8C=CC9(C#CC4)C%10=C8C=C%11C=%12C=%13C(=CCC%13C%14CCCCC%11%14C%15=CC%16=CC(C5)C%17%18C(=CC%19CCCC%19(C%17)C%20C%21=CC(O)=C(O)C=C%21C6(C%18C%20)C37)C%16CC%15O)C%22CCC%23(CCCC%23)C%22(C%12%10)CC9O)CC=%24C=CC=CC%24,0.0002601078767619,0.0143333070942861
FDZXTFDJMZVLGK-UHFFFAOYSA-N,O=C(OC1C(C)CC23OC13C=C4C(O)C(OC(=O)C(C)CC)C5C(C4(OC(=O)C)C(C2=O)C)C5(C)C)C,4.658587916985422e-07,0.0002260500922066
NEZSNYPOAQRZDV-UHFFFAOYSA-N,O=C(NC1C(=O)OC(C)CC(=O)N(O)CCCC(NC(=O)C)C(=O)OC(C)CC(=O)N(O)CCCC(NC(=O)C)C(=O)OC(C)CC(=O)N(O)CCC1)C,6.147111507928133e-08,6.745287463459351e-06
ZIJKHOKPKFKXNW-UHFFFAOYSA-N,O=C1OC(C=2C=COC2CC(C(O)CO)C3CCC4C(C=CN5CNCC54)C3)C6(C)CC7CC89CC%10(CCCC%10)CC9CC%11=CC%12C%13(OC%11%14C8C(=O)OCC%15%14C%13C(=O)C(O)C(C%16CCCC(CC=%17C=CC=CC%17)C%16)(C7%15)C%186OC1%18)CCCC%19%12C=CC%20CCCCC%20C%19C,3.98657587413891e-05,0.0003428043255885
GYEPDJGLTRFVJQ-UHFFFAOYSA-N,O=C1C=C2C3CC45C=CCC(O)(C6OC6C(C)C(C)C)C7CCC2(OCC4O)C75CCC=8C=C(O)C=C(C8)N9C(=O)C%10%11C(CSSC(O)C1%12CC(O)C(O)(CO)CC3%12C)CC%13C=CC(=CC%14CC%15C(O)(C=CC%16=CC%17CCCCC%18%17NC%16%15CC%19C=C%20C=CCOC%20CC%19%18)C%14%10C9)C%11(CO)C%13,0.0035512768692482,0.0015223193377775
SHPJEQBMSBAEBB-UHFFFAOYSA-N,OC1C2C=CC3CC(O)(CC2(C)C3)C4CC56CC(CCCC(C)CNC)CC6C7NC(CNC)CCC7CC145,4.78624785110751e-07,0.0001304821880487
DKZXTOPFCDDGGX-UHFFFAOYSA-N,N=1C=NC2=NC=NC3=NC=NC1N23,1.2804980096378844e-06,7.713054268891018e-05
YEVQBJVJPQFPNE-UHFFFAOYSA-N,O=C1CCC2(C)C(CCC3(C)C2CCC4C5C(C)C(C)CCC5(C)CCC43C)C1(C)C,3.8132377444206354e-07,0.0063795870143285
KXXJEDOBYWNPME-UHFFFAOYSA-N,N=1C=C(OC1CC)CCCC,3.4913567903987564e-08,8.38255887520891e-05
PBJBSWFWFARFGV-UHFFFAOYSA-N,O=C(OC1OC(CO)C(O)C(O)C1O)C23CCC(C)C(O)(C)C3C4CCC5C6(C)CC(O)C(O)C(C)(CO)C6CCC5(C)C4(C)CC2,2.375266276654579e-07,0.0001543364849657
WEZKIKHPDIXTOZ-UHFFFAOYSA-N,O=C1OC2CC(=CC=CC(C)CCC2C1=C)COC(=O)C(C)C,2.6795451375996007e-08,4.993808728719527e-05
GSODGMODDQYBSA-UHFFFAOYSA-N,O=CC(=C1C2C=CC(CCO)C1C3(CCC(C(=CC=CC(=C)C4CC=C(C)CNC(C)(CC=5C=CC=C(C5)C4)CCOC)CO)C3O)C(O)(CCNC)C2)C,1.959590797933509e-07,0.0001326552612122
WAPZZHWWZOUGPY-UHFFFAOYSA-N,O=C(C=1SC(=CC1)C=2SC(C#CC)=CC2)C3CCC45C=CC6C(C7C#CC8=C(C=C(O)C=9C=CC(NC89)C(O)(C)CC%10=CC=CC%11=C%10C(C%12=CN=CN%12)CC(CC%13(C=%14C=CC=CC%14)CCCCC%13)C%117)CC4NC(=N)NC%15CCCCC%15)C%16(CCCC%16CO)CC63C5,1.3445957575822874e-05,0.0006410363310511
UHNHELGKNQMNGF-UHFFFAOYSA-N,O=C(O)CC(OC1OC(CO)C(O)C(O)C1NC(=O)C(N)CS)C(=O)O,1.9586416001552737e-07,4.6512474992595445e-05
QHKFXHYRWRVXOB-UHFFFAOYSA-N,O=CC(N)C1(C2CCCCC2)C3CCC(=C)C4CC(C)CC4C31,2.131767694659199e-07,0.0004099134284655
BHPVAPDLBIRJLN-UHFFFAOYSA-N,O=C1C(OC2=CC=C(C=C2)C(=O)N3CCN(C)CC3)=COC4=CC(OC)=CC=C41,4.3242036161551035e-07,0.0015206023691587
GVLDOZDIEFWUJQ-UHFFFAOYSA-N,N1=CSC(=C1)C2=NC=3C=CC=CC3N2,4.485876441514114e-06,0.0036054887736331
ROUSJNZGMHNWOS-UHFFFAOYSA-N,O=C(OC1CC2=CCC3C(CCC4(C)C(CCC34)C(C)CCC(CC)C(C)C)C2(C)CC1)C=CC5=CC=C(O)C(OC)=C5,1.336808080317287e-06,0.0003583526382956
IQMNHBCIZYZHCZ-UHFFFAOYSA-N,O=C(OC1CC2=C(O)C=3C(=O)C=C(OC3C4=C2OC1(C)C5CC6=CNC7NC(C=CC7=C6CCC5C8C9=C(N)NCC=C9C4C(C%10=CC(O)=CC=C%10CC8)CO)C)CO)C(=CC)C%11(O)CCC%12(CCNCC%12)C%11,3.4180607235571316e-06,0.0007185953990834
WFMXZXUXNFXMMZ-UHFFFAOYSA-N,O=C(OCC1C2=CC=C3C=4C(OC)=CC(O)=CC4CC56C3=C2OC1C7=C8C=CC9NC%10CCCC(CSSCC9OC8=C(O)C%11=C7C%12C#CC=%13NC(N)C=CC%13C(CC=%14C=CC=C(C%14)CC(C#C%12)C(COC)C(CO)CNC%11)C(CC5)C6)C%10)C,1.8615112565526298e-05,0.0005497113872064
LQWCGMBGQCWKOO-UHFFFAOYSA-N,O=C(OCC1C2=CC=C3C=4C(OC)=CC(O)=CC4CC56C3=C2OC1C7=C8C=CC9NC%10CCCC(CSSCC9OC8=C(O)C%11=C7C%12C#CC=%13NC(N)C=CC%13C(CC%14=CC=CC(=C%14)C%15(CCCC%15)C(C#C%12)C(COC)C(CO)CNC%11)C(CC5)C6)C%10)C,2.4992863496994967e-05,0.0008216256012119
RTTFWOLWRMFSKA-UHFFFAOYSA-N,N#CC(OCC)C=1C=CC=CC1,4.3266276975980446e-08,0.0016460141274076
DCFOOKGXHAGITO-UHFFFAOYSA-N,O=C(OC1=CC(=CC(O)=C1O)C(=O)OC2COC(COC(=O)C3=CC(O)=C(O)C(O)=C3)C(O)C2O)C4=CC(O)=C(O)C(O)=C4,2.968513434949669e-06,0.0003092847714736
JQNRHUCIOVXOSD-UHFFFAOYSA-N,O=C1OC(C=2C=COC2CC(C(O)CO)C3CCC4C(C=CN5CNCC54)C3)C6(C)CC7CC89CCCC9CC%10=CC%11C%12(OC%10%13C8C(=O)OCC%14%13C%12C(=O)C(O)C(C%15CCCC(CC=%16C=CC=CC%16)C%15)(C7%14)C%176OC1%17)C%18C=CC%19=CCC%20C%21CCCCC%21C=CC%11%20C%19C%18,8.908802734348647e-05,0.0005743841074757
FXIFHXCDGCPALJ-UHFFFAOYSA-N,O=C(OC1COC2C1OCC2NC(=O)C=3SC=CC3)NC4=CC=C(OC=5C=CC=CC5)C=C4,1.493397695105498e-06,0.0002197189433041
IFMZHHVVPHOTMV-UHFFFAOYSA-N,O=C(O)C1=C(OC=2C=CC(OCC3=CC=C(Cl)C=C3)=CC21)C=4C=CC=CC4,0.0012503777050566,0.0038182779687268
AVDSWXSSYYNWGH-UHFFFAOYSA-N,O=C1OC2=CC(=CC(=C2C(=C1)C=3OC=4C=CC=CC4C3N)C)C,7.527145452091016e-07,0.0007328119596018
POBYEEZFXUAJIM-UHFFFAOYSA-N,O=C(OC)C1(C)C(O)CCC2(C)C3C(=CCC12)CC(C=C)(C)CC3,1.1245599022539217e-07,4.528300346070669e-05
HSSSKZKUHOPHHU-UHFFFAOYSA-N,O=C(NC=1C=CC=CC1)NCC2OCC3=NC(=CN3C2)C=4C=CC=CC4,8.494079900762473e-07,0.0003266935738663
BVFVSOVOONXBEC-UHFFFAOYSA-N,O=C1C=2C=CC=C(O)C2OC=3C1=C(O)C=C(O)C3CCC(O)(C)C,8.147324851483318e-07,6.516732975331802e-05
MRJNASKQTHADNV-UHFFFAOYSA-N,O=C(OC1CC(OC2C3CC4=CC=C(O)C(OC5CCCC6(NC(=NC7N8C=C9NC=CC9=C8CCC76C(O)NC%10CCCCC%10)NCCCC=%11C=C(N)NCC%11)C5C#CC3CCC12)=C4)C%12=CC(O)=C(O)C(OCCC=%13C=NC=CC%13)=C%12)C,1.380996315879156e-05,0.000362077506716
CHWCCVSKHCMVIW-UHFFFAOYSA-N,O=C1NC2(C=CC=3C=CC=CC3OCCCC)N(C=4C=CC=CC4C2(C)C)C1,1.6527977236862654e-07,0.0006246270630039
ONRDINHQRIKCDK-UHFFFAOYSA-N,O=C1N=C(C=NN1C2OC(CO)C(O)C2O)NCC(=O)N,6.760839493333126e-08,0.0001375399658806
WUYYRWIYXBUPBS-UHFFFAOYSA-N,N#CC1=C(Cl)C(C(=O)N)=C(Cl)C(Cl)=C1O,1.242931753293188e-05,6.091020091192103e-05
LLJWDIYROGUZQL-UHFFFAOYSA-N,O=C(OCC1C2=CC=C3C=4C(OC)=CC(O)=CC4CC56C3=C2OC1C7=C8C=CC9NC%10CCCC(CSSCC9OC8=C(O)C(=C7CC#CC=%11NC(N)C=CC%11CC(CC5)C6)CNCCC%12(COC)CCCC%12)C%10)C,1.7696595531598547e-05,0.000292126193409
BXHZRBGWHLKVCC-UHFFFAOYSA-N,N=1C=CC(=NC1NC2COC3C2OCC3NCC4CC4)C=5C=CC(OC)=CC5,3.305164510620905e-07,0.0011424123807217
HQVNNIVKWHVGAD-UHFFFAOYSA-N,O=C1OC(=CC2(CC)CCCC2)C3=C1C4C(CC3)C5C6=C7C(=O)OC(=CCC(C(SSCNC8=CC(=CCN8)C6CN9C(=O)C=CC9=O)NCC(O)C%10CCCCC%10CC=%11N=CNC%11)C%12C%13C=CC%14C#CC(CO)CC(CO)CC(C%13)CC%14%12)C74CC5,1.00054488253344e-05,0.0003194389022227
QMYIBZVZPLSCPV-UHFFFAOYSA-N,O=C(O)C1(OC2C(O)C(OC(CO)C2O)OC3C(O)C(OC(OC4C(OC(OC5C(O)C(O)C(OCC(NC(=O)CCCCCCCCCCCCC)C(O)C=CCCCCCCCCCCCCC)OC5CO)C(O)C4OC6(OC(C(O)C(O)CO)C(NC(=O)C)C(O)C6)C(=O)O)CO)C3CC(=O)C)CO)OC(C(O)C(O)CO)C(NC(=O)C)C(O)C1,2.705496157364974e-06,2.108702427461491e-05
CPHCRRMMBQMAAE-UHFFFAOYSA-N,O=C(C=1C=CC=CC1F)N2CC3N(CCOC3)C4(C2)CN(C4)C5CCN(C)CC5,1.3558652542395451e-06,0.0011377980864849
DRVCNTMPQYVCBK-UHFFFAOYSA-N,O=C(OC1CC2C3C(=CCC2C4(O)CCC(C(=O)C)C14)CC(OC5OC(C)C(OC6OC(C)C(OC7OC(C)C(O)C(OC)C7O)C(OC)C6)C(OC)C5)CC3)C(=CC)C,3.72101161067967e-07,8.753221165448185e-05
KNLJFYVIVVSUNJ-UHFFFAOYSA-N,OCC(=C)C1CCC(C=C)(C)C(C(=C)C)C1,9.173420650398366e-08,0.000966977397679
MSXOYZHHAHMCNE-UHFFFAOYSA-N,O=C(OCC(OC(=O)CCCCCCCCCCCCCCC)COP(=O)(O)OC1C(O)C(O)C(OP(=O)(O)O)C(OP(=O)(O)O)C1O)CCCCCCC=CCC=CCC=CCC=CCC,4.170643920016734e-07,3.1651675686455455e-05
AUQWYMCHCXUVHQ-UHFFFAOYSA-N,BrC=1C=CC=2N=C3N(CCC3)C(O)C2C1,1.683890883353077e-07,0.0001597484605923
RCCZQRQMBFFESQ-UHFFFAOYSA-N,O=C1CC(=O)C2C(=CC=3NC=CC3C2CC4C=CC=5C(O)=CC=CC5CC4)CNC=6NC=CC6CC7=CC=CC(=C7)CC8=CC(=CC(OC)=C8O)CC1,7.822372241684014e-07,0.0129381353145359
CUBWPEJFBBHBHB-UHFFFAOYSA-N,O=C(OC1CC(OC2C3CC4=CC=C(O)C(OC5CCC6CCC7CC8=C9C=CNC9=CN8C%10N=C(NCCCC=%11C=C(N)NCC%11)NC6(C5C#CC3CCC12)C%107C(O)NC)=C4)C%12=CC(O)=C(O)C(OCCC=%13C=NC=CC%13)=C%12)C,4.002052493285662e-05,0.0008565243477154
PNRSWDFCBRIMBT-UHFFFAOYSA-N,O=C(C=C(CO)C1CCC=CC1CO)CCC2=CC(OC3CCCC3)=C(O)C4=C2C#CCC5N=C(N)NC6(C=7C=CC=C(C7)CC8=CC(O)=CC(=C8)C9C%10=CC(C5)C(COC%11CCCCC%11)C4C%10CC(C)C9)CCCCC6,2.000411876752856e-05,0.0007831307263569
AWUHBUKNSPYYTJ-UHFFFAOYSA-N,O=C1CCC2(C3=CC=C4C5C(C)C(C)CCC5(C)CCC4(C)C3(C)CCC2C1(C)C)C,6.562560078152288e-07,0.0024773459376492
VVFGRJNUVDEPPB-UHFFFAOYSA-N,O=C(N)CN1C(=O)COC2CN(CC12)C3CCCCC3,7.50061962934597e-08,3.573788598712748e-05
YNHVZXATNGMVNC-UHFFFAOYSA-N,O=C1NC(C(=O)NC1CC2=CN=CN2)CC3=CNC=4C=CC=CC43,2.9609556247767708e-08,0.008487982815145
SPOYOCCBDWULRZ-UHFFFAOYSA-N,O=C1NC(=O)C(O)=C(N)N1,3.488595904917676e-08,2.134436332796279e-05
VDFGSWJGGJLPOR-UHFFFAOYSA-N,O=C(OC1CC2=C(O)C=3C(=O)C=C(OC3C4=C2OC1(C)C5CC6=CNC7NC(C=CC7=C6CCC5C8C9=C(N)NCC=C9C4C(C%10=CC(O)=CC=C%10CC%118CCCC%11)CO)C)CO)C(=CC)C%12(O)CC%13C=%14C=CC=C%15C%14C(CC(CC(O)CC(C)C%16CCCC%16)C%15O)CC%12C%13,6.66377150800344e-06,0.0007752729385165
DQWSZOUXDXDZGG-UHFFFAOYSA-N,O=S(=O)(N=C(N)N)C=1C=C(C=C(C1)C)C,8.141034205153414e-08,2.0997977338710723e-05
HUZYIABAGFALTN-UHFFFAOYSA-N,O=C(O)C1OC(OC2=C(O)C=C(O)C=3C(=O)C(OS(=O)(=O)O)=C(OC23)C=4C=CC(O)=C(O)C4)C(O)C(O)C1O,7.416953830381019e-07,0.0005843486187874
FDOUCWQEJJYQMH-UHFFFAOYSA-N,O=C1C(=O)C(=CC=2C=CC3(C(=CC(=O)CC3(C)C)C12)C)C(C)C,9.25011368089007e-08,0.0001129767132921
XZMXBVCUHOWMGY-UHFFFAOYSA-N,O=C(NC1C2=C(C=3C(OC)=C(O)C(OC)=CC3CC1)C4C=C(OC)C(=O)C24)C,3.4381152821354334e-08,6.814770849371881e-05
LKFROINAGXQJQQ-UHFFFAOYSA-N,O=C1OC2=C(C=CC(O)=C2CN3CCCC(C)C3)C=C1C4=CC(OC)=CC=C4OC,8.459487205408808e-05,0.0003667959627319
GINAYBXJSDMKOK-UHFFFAOYSA-N,O=C(OCC1C2=CC=C3C=4C(OCO)=CC(O)=CC4CC56C3=C2OC1C7=C8C=CC9NC%10CCCC(CSSCC9OC8=C(O)C%11=C7C(C#CC=%12NC(N)C=CC%12C(CCC=%13C=CC=CC%13)C(CC5)C6)C#CCC(COC)C(CO)CNC%11)C%10)C,0.0003172618084048,0.0017702755527826
MOWRWEFMFWAWSD-UHFFFAOYSA-N,O=C(C=C(C1=CC(OCO)=C(O)C=C1CC2=CN=C(N)C=C2CCC=3C=CC=C(C3)CCC=4C=CC=CC4)CO)CC(=O)CCCC5(CCC(NCC(O)C)C5)CC6C7NCC=CC7CC8CNCCC86,2.084082308425362e-06,0.0010834215418855
YBOUMWDQINSHIS-UHFFFAOYSA-N,O=C(OC1C(O)C(O)COC1OC2CCC34CC54CCC6(C)C(C(O)CC6(C)C5CC(OC7OC(C)C(O)C(O)C7O)C3C2(C)C)C8(OC(CC8)C(O)(C)C)C)C,2.125164076098301e-05,0.0004070697616673
DULQEYDTWZSFSG-UHFFFAOYSA-N,O=C(O)C(CCCCCC1C=CC(CCCCC)CC1O)C(O)CC(CNC)C2(O)CC(CC=3C=CN=C(N)C3)CC2CC4=NC(C=5C=C(O)C=C(O)C5)=C([CH-]4)C=6C=CC=CC6,1.4269690261852229e-05,0.0007256520535105
HNAWRIBKJUWGPW-UHFFFAOYSA-N,O=C(NC(C)C)N1CCC(CC(=O)OCC)C(C1)CCN2CCCC2C(=O)N,2.068785063820756e-07,5.940297699440629e-06
BHQWKANRVJXSTD-UHFFFAOYSA-N,O=C(OC1CC2=C(O)C=3C(=O)C=C(OC3C4=C2OC1(C)C(CC=5C=CC(NC5)NCC)CC6C7=C(N)NCC=C7C4C(C8=CC(O)=CC=C8CC6)CO)CO)C(=CC)C9(O)CCCC9,8.03934945118221e-06,0.0001368869354229
BJZSXNYAEUEYQA-UHFFFAOYSA-N,OC1=CC=C(C=CC=2C=3C=CC=C(O)C3C(O)=C(O)C2CCC4=CC=C(C=C4)C5NC6C(CC7CCCC87CCC9%10CCCC%10C=CC(O)C9C68C=%11N=CNC%11)C%12(C5)CC%13NC(C%12)C(C=C%13CNCCC%14=CNC(=C%14)CC)C=%15C=CC=CC%15)C=C1O,1.572072760983134e-05,0.0048901536367214
SOCHDRSNZACSEQ-UHFFFAOYSA-N,OCC1OC(OC2C(O)C(O)C(OC2OC3CCC4(C)C5C=CC6=C7CC(C)(C)C(O)CC7(CO)CCC6(C)C5(C)CCC4C3(C)CO)C)C(O)C(OC8OC(CO)C(OC9OC(C)C(O)C(O)C9O)C(O)C8O)C1O,1.47005960266805e-06,0.0001213004900581
YTBJFANNHRNATB-UHFFFAOYSA-N,O=C1OC2=CC(=C3C(OC(=O)CC3C4=CC=C5OCOC5=C4)=C2C6=C1CCC6)C,3.388794987391184e-07,0.00025734524424
SOPLTPIHSJXIFF-UHFFFAOYSA-N,O=C1C(=C2CCC3C(C)(CC4NCC(O)(C)CCCCC5(C(=O)C(C=6C=C(O)C=C(C6)CNC)CC3(C7CCCC7)C45)C)C2(C)C1)C8C(CCC9CCCCC89)C(O)C%10OC%10(C)C%11CCCC%11C=%12C=CC=C(N)C%12,1.281178803259711e-06,0.0003048288060924
DFWPVXMTMIVXFQ-UHFFFAOYSA-N,O=C1NC(C(=O)NC=2C=CC=CC12)CCC(=O)NCCC3=CNC=4C=CC(OC)=CC43,3.800936586775415e-07,0.0002892418345834
FECCSPZIEUDRSR-UHFFFAOYSA-N,O=CC1CCC(OC(=O)C=CC=2C=CC=CC2)C3C(C)(CCC4CCOC4OC)C(C)CC(OC5OC(CO)C(O)C(O)C5O)C13C,1.6795662251692094e-06,0.0002609223124961
LBXOQMUGYVOHPE-UHFFFAOYSA-N,O=CC12CC34CCC5CC(C=6C=CC=C(C6)C(C=7C=CC=C(C7)CC8CCC9(C#CC%10=CC=CC(=C%10CC(NC)C%11CC%12CC%13(O)C(O)(C(O)C%14CC%15C(C=CCC%15C%16CCCC%16)CC(C3O)C%141O)C2CCC%13(C9)C%12C%17=CC(=O)OC%17%11)CO)C8)CC)CCC54,4.774847308126846e-06,0.0010884799098939
SOWMUQMELJWVMW-UHFFFAOYSA-N,OCC(OC1OC(CO)C(O)C(O)C1O)C(O)C,2.776421397446954e-07,0.0001861537373691
JIVOKBFAJGADIY-UHFFFAOYSA-N,O=C1N2CC(C3=CC=C(OCCC)C(OCC)=C3)C=4C=5C=CC=CC5NC4C2(C(=O)N(C1)CCC=6C=CC=CC6F)C,0.0003601974250943,0.0011336423330537
PRQCNYXSSYLFKE-UHFFFAOYSA-N,O=C(CC(C)C)CC(O)(C)C1CCC2C3C(=CCC21C)C4(C)CCC(OS(=O)(=O)O)CC4C(OC5OC(C)C(O)C(OC6OC(C)C(OC7OC(C)C(O)C(O)C7OC8OC(C)C(O)C(O)C8O)C(O)C6OC9OC(C)C(O)C(O)C9O)C5O)C3,1.490457421546972e-06,6.15460512377487e-05
ZTSCGHFGGQONGE-UHFFFAOYSA-N,O=C1NC=2C=CC=CC2C=3OC(C)(C)C4C5OC=6N=C7C(OC)=C(OC)C=CC7=C(OC)C6C5C4C13,2.2993228362173046e-06,0.0241788078774075
NFUCPLNQHDGFBD-UHFFFAOYSA-N,O=C1OC2C3CC(O)CC4CC(C=5C=CC=C(O)C5)C6=CC(=CNC6N)CC(C)(CC=7C=CC=C8C(=O)C9(OC19C(=O)C87)CC(=C(C)CCC%10=CCNC=%11NC(NC)CCC%10%11)CO)CCCCC%12CC=CC%13=CC(NCC%14CCCCC%14)(CC43)C2CC%13%12,1.3755378403848044e-05,0.0002944359403342
GDHNBPHYVRHYCC-UHFFFAOYSA-N,O(C1=CC=C(C=C1)C=CC=2C=C(OC)C=C(OC)C2)C,1.1501808320523957e-07,0.0006900436888163
LJBBFFVIZYGILA-UHFFFAOYSA-N,O=C1C2=CC(=CC=C2OC3CN(CC4=NC=CS4)CC3N1C)C(F)(F)F,7.048791867853911e-07,0.0002579887533727
VUTHTPRTMKNOPJ-UHFFFAOYSA-N,O=C1OC2=CCC3(CCC(CC=4C=CC=C(C4)CCNCC5=CC=CC(=C5)C=6C=CC(O)=CC6C7=C8C(=O)OC(=CC(CC=9C=CC=CC9)CC)C8%10CCC7C%11CCC2=C1C%11%10)C3)C%12CCNC(NC)C%12,5.501200910330641e-06,0.0001583217214594
KNMJLCQPUBMARM-UHFFFAOYSA-N,O=C(O)C1C(C)CCCC1(C)C,4.966266769115176e-08,0.0002078820549379
SYSUVSWAEOKAPR-UHFFFAOYSA-N,OCC1OC(OCC(C)CCC2(OC)OC3CC4C5CC=C6CC(OC7OC(CO)C(O)C(OC8OC(C)C(OC9OC(CO)C(O)C(O)C9O)C(O)C8O)C7OC%10OC(C)C(O)C(O)C%10O)CCC6(C)C5CCC4(C)C3C2C)C(O)C(O)C1O,2.090852290496708e-05,0.0006223228705731
AQDDTVLBYNWNDA-UHFFFAOYSA-N,O=CCC1C#CC(CC2CC3(CC=C4OC(=O)C5=C4CCC6C7C(C=8C=C(O)C=CC8C=9C=CC=C(C9)CNCCC%10=CC=CC(=C%10)C(NCC1(O)C)C2C3)=C%11C(=O)OC(=CC(CC=%12C=CC=CC%12)CC)C%11(CC7)C56)C%13CCNC(NC)C%13)C%14(O)CCCC%14,4.958150126850127e-06,0.0001962100462345
WFDUEFBJGKFAKH-UHFFFAOYSA-N,O=C(NC1CCN2C(=O)C(NC(=O)C2C1)CC3CCCCC3)C4=CC=C(SC)C=C4OC,9.839731227457057e-08,7.211821543770286e-05
ZEXDFJVZXGPVLO-UHFFFAOYSA-N,O=C1OC2(C=3C=CC=C(C13)CCCN)C4CC(C)(CC)CCC5=C6C=CCC7CC8=C9N%10CC%11CN(CC(C%11)C%10CC8)C(CC(O)=C%12OC(=O)C%134C5=C(CCC%122%13)C9C67)CC%14CCCCC%14,0.0002240535006872,0.0001783226849229
JXHBGFBFCVSITH-UHFFFAOYSA-N,O=C(O)C1C2C3(OC(=O)C2(C)C(O)C=C3)C4CCC5(C(=C)CC14C5)C,1.0938121113926441e-07,0.0001276877356905
WIRSKEVYAYYJDP-UHFFFAOYSA-N,O=C1OC2=CC(O)=C3C(=O)C(=COC3=C2C(C4=CC=5C=C(OC)C=CC5N=C4N6CCOCC6)C1)C=7C=CC(Cl)=CC7,4.267445158564423e-06,0.0520748219319809
CWULDWOUVFORDH-UHFFFAOYSA-N,O=CC(C=1C=C(C=C(C1)C2(O)CCOC3(CCCCC3)C2)C4CCCCC4)C5=CN6C7=C5NC=C7CCC(C=8C(=O)CC9(C8C(C6)C(O)C%10C9(C)CCC%11C%12(C(=O)CC%13(CCC(O)C%13)C%11%10C)CCCC(NC)C%12)C)(C)CC(O)C%14OC%14(C)C,0.0004111855592688,0.0028454144192992
KJQLCOYWBFUGEH-UHFFFAOYSA-N,OC1CC23N(CCC4=CC=5OCOC5C=C4C2C1OC)CCC3,8.017043276529109e-07,0.0010667728818637
ZOIGFKNVOAAVEW-UHFFFAOYSA-N,OCC1OC(OC2C(O)C(OC3CCC4(C)C(CCC5C4CCC6(C)C5CC7OC8(OCC(C)CC8)C(C)C76)C3)OC(CO)C2O)C(OC9OCC(O)C(O)C9OC%10OC(CO)C(O)C(OC%11OCC(O)C(O)C%11O)C%10O)C(O)C1O,2.0743738354201835e-06,0.0003887581640274
MJXAGNKOLXTEOJ-UHFFFAOYSA-N,O=C(OC1CC2=C(O)C=3C(=O)C=C(OC3C4=C2OC1(C)C5CC6=CNC7NC(C=CC7=C6CCC5C8C9=C(N)NCC=C9C4C(C%10=CC(O)=CC=C%10CC8)CO)C)CO)C(=CC)C%11(O)CC%12C=%13C=CC=C%14C%13C(CC%11C%12)CC%15(CCC%16CCCCC%16(O)C%15)C%14O,3.1675827631216807e-06,0.0017145971942672
JLIKAODAEFIHSQ-UHFFFAOYSA-N,OCCCC1CCC23CC4(C5=CC(=C)C6C7(C=CC(C=CC12)C3C57C)C6(C)C)CCC(CC(CO)CC=8C=NCC8)C4,1.1220491196647476e-06,0.0009567590627009
UTPLNLSLJVYFSJ-UHFFFAOYSA-N,O=C1OC2CC=3C=C4C(OC(=O)CC4C#CC(C=5C=C6C=C(C5)C(O)C7(C#CC8CCC9OC(CCC9C8)C(O)C(O)(C)CN6)CCC(CNC)C7)CC1=CC(O)C%10(C=%11C=CC=C(C%11)CC%12C(=O)CCC%13C%12CC%14CCCCC%14C2%13O)CCCCC%10)=C(C3O)C%15CCCCC%15,2.425918840140665e-06,0.0004355354482223
QJJSOPFVEVTLIO-UHFFFAOYSA-N,O=C(NC=1C=CC=2NC=CC2C1)CCN3C=CC=4C=CC(Br)=CC43,0.0002696683850793,0.001251939689375
FNRSUKBPOJJNNE-UHFFFAOYSA-N,O=C1OC(C=2C=COC2CC(C(O)CO)C3CCC4C(C=CN5CNCC54)C3)C6(C)CC7CC89CCCC9CC%10=CC%11C%12(C=CCC%13%11OC%10%14C8C(=O)OCC%15%14C%13C(=O)C(O)C(C%16CCCC(CC=%17C=CC=CC%17)C%16)(C7%15)C%186OC1%18)C=CC%19CCCC%19C%12C,9.453498150044847e-05,0.0004018606889015
DWNDGEHIRFNJHS-UHFFFAOYSA-N,OCC1OC(OC2=CC=C(C=C2OC)C3OCC4C(OCC34)C5=CC(OC)=C(OC6OC(OC)C(O)C(O)C6O)C(OC)=C5)C(O)C(O)C1O,2.968839129996597e-07,0.0005545594059864
DMNOUXOIETXWKS-UHFFFAOYSA-N,O=C(O)C12C=C(CCCO)C(C2C3=CC(O)=C(OC4(O)OC(CO)C(O)C(O)C4O)C=C3N1C(=O)C=CC5=CC=C(O)C(=C5)C6C=7NC=NC7C(CNC8=CC=CN8)C(CO)C6)C9(C=%10C=CC=CC%10)CCCC9N,1.4280333463661624e-05,0.0004708322188673
GLWRGCSLWSWZTJ-UHFFFAOYSA-N,O=C1OC(=O)C(=C1C)C(O)C(C)CC(C)C,5.5483788277015674e-08,5.935561739134502e-05
FYQRZPQVILQRCQ-UHFFFAOYSA-N,OC(C)(C)C1C=C2C3N(C)CCC42C(OC=5C(OC)=CC=C(C54)C3)=C1OC,2.5785867694055453e-06,0.000614453539261
LOHIIONNJDKVBW-UHFFFAOYSA-N,O=C(OC1=CC=C2C(=O)C(C3=NC=4C=CC=CC4S3)=C(OC2=C1C)C(C)C)C=5SC=CC5,4.346204267168768e-05,0.0028064423487429
FQGQWJCNHUNBTI-UHFFFAOYSA-N,O=C(NC1COC(CN(CC)CC)C1O)CCCCC,5.511105728277755e-08,1.8563805695078032e-05
CCLFCEDTWDCXKG-UHFFFAOYSA-N,O=C1C(=C2CC(C(=C)COC(=O)C(O)(C)CC)CCC(C)C2C1)C,5.449826308598856e-07,6.0137362589751766e-05
PFNBTZIECYHRTC-UHFFFAOYSA-N,O=S(=O)(O)OC1CC=2C=C(O)C=C(O)C2OC1C3=CC(O)=C(O)C(O)=C3,8.542238140869301e-07,0.0001523168994069
UPZNPUZCOUOQTB-UHFFFAOYSA-N,O=C1OC(=CC2(CC)CCCC2)C3=C1C4C(CC3)C5C6=C7C(=O)OC(=CCC(C(SSCNC8=CC(=CCN8)C6CN9C(=O)C=CC9=O)NC%10CCC%11CCCC(CC=%12N=CNC%12)C%11C%10O)C%13CCC%14CC(CO)CC(C#CCC%13C%14)CO)C74CC5,4.525365577216477e-05,0.0038009812881352
KXPNDIVVAQWMSC-UHFFFAOYSA-N,O=C1OC2C(C1=C)C(OC(=O)C(C)C)CC(=C)C3CC4OC4(C)C23,1.9504439500160077e-07,0.0004296694424377
AOUJXNNNXXXEKX-UHFFFAOYSA-N,O=C1SCC2NC(=O)C=3N=C(SC3OC4OC(C)C(OC5OC(C)C(OC6OC(C)C(O)C(OC)C6O)CC5)C(OC)C4OC)C(NC(=O)C=7N=C(SC7)C(NC(=O)C(NC(=O)C=8N=C(SC8)C=9C=C(O)C(=NC9C=%10N=C2SC%10)C%11=NC(=CS%11)C(=O)NC(=C)C(=O)N)C(O)C)=C(OC)C)C(O)CC(=O)OCC=%12C=CC=C%13NC1=C(C%13%12)COC,9.714460752093809e-06,0.0012964137564413
WGVQVFNAGYFBEO-UHFFFAOYSA-N,O=C(O)CNC(=O)C(NC(=O)C(NC(=O)C(NC(=O)C(NC(=O)C(NC(=O)C(NC(=O)C(N)CC=1C=CC=CC1)CC(C)C)C(C)C)CCSC)CC=2C=CC=CC2)CC(C)C)CO,1.4460594809972973e-05,1.887835690287645e-05
LPTSCDLCMLGRNB-UHFFFAOYSA-N,O=C1OC(CC(C)C2CCC3C(=CC=C4CC(O)CCC4C)CCCC32C)CC1(O)C,1.4106852940096172e-05,0.0003078542018036
CGHBGVXAUJZYFF-UHFFFAOYSA-N,O=C(O)C1=CC(=CC2=C1NC=3C=CC=CC3N2CC=C(C)C)C(=O)C=4C=CC=CC4,3.536439872563317e-07,0.00181824281265
FFHWRBHSTIFOBB-UHFFFAOYSA-N,O=C(OC1CC2=C(O)C=3C(=O)C=C(OC3C4=C2OC1(C)C5CC6=CNC7NC(C=CC7=C6CCC5C8C9=C(N)NCC=C9C4C(C%10=CC(O)=CC=C%10CC8)CO)C)CO)C(=CC)C%11(O)CC%12C=%13C=CC=C%14C%13C%15(CCC%12C%11C%15)CC(CC(O)CC(C)C)C%14O,1.0017893408174898e-05,0.0011148070003423
IQTHFAGREGPBNL-UHFFFAOYSA-N,OC1=CC=C(C=CC=2C=3C=CC=C(O)C3C(O)=C(O)C2CCC4=CC=C(C=C4)CNCC5(C6=NCN=C6)C7C(O)C=CC8CCC9C=CC(CC897)C%105CCCC%10)C=C1O,4.200993396226821e-05,0.0005382817716424
LHFLSIPWAUOODT-UHFFFAOYSA-N,OCC1OC(OC2C(O)C(OC(CO)C2O)OC3C(O)C(OC(OC4C(O)C(O)C(OC5CC6CCC7C(CCC8(C)C7CC9OC%10(OCC(C)CC%10)C(C)C98)C6(C)CC5O)OC4CO)C3OC%11OC(CO)C(O)C(O)C%11O)CO)C(O)C(O)C1O,3.8492959759788356e-06,0.0004178793299332
DNQUWNXJJIVHRT-UHFFFAOYSA-N,O=C(OCC1C2=CC=C3C=4C(OC)=CC(O)=CC4CC56C3=C2OC1C7=C8C=CC9NC%10CCCC(CSSC(CC=%11C=CC=CC%11)C9OC8=C(O)C%12=C7C(C#CC=%13NC(N)C(=CC%13CC(CC5)C6)CC)C#CCC(COC)C(CO)CNC%12)C%10)C,8.207106599729516e-05,0.0009790178612684
GVIPVQXSLQJUHQ-UHFFFAOYSA-N,O=C(OCC1C2=CC=C3C=4C(OCO)=CC(O)=CC4C5CCC6=CC7(O)CCCCC87C=9C=CC=C(C9)CC%10C#CC%11C#CC=%12NC(N)C(=CC%12C8C6%13CCC5(C3=C2OC1C%14=C%15C=CC%16NC%17CCCC(CSSC(CC=%18C=CC=CC%18)C%16OC%15=C(O)C(=C%14%11)CNCC(CO)C%10COC)C%17)C%13)CC)C,0.000198420244782,0.0042657804328504
CFWWBCJAJBSZLG-UHFFFAOYSA-N,O=C(OC1CCC2(OC2)C3C(OC(=O)C)C4(O)C(OC(=O)C4C)C(Cl)C(=C)C=CC(OC(=O)COC(=O)CC(C)C)C13C)C,1.278982352786737e-06,0.000960566671822
RZUUNUSEMHKMBD-UHFFFAOYSA-N,O=C(O)CCC(=O)C(NC(=O)C)CC1=CC=C(C=C1)N(C)CC(=O)CC=2C=CC=CC2,3.671120333944306e-07,4.190011213705136e-05
XAZWWRNOYUVIGG-UHFFFAOYSA-N,O=C1OC2=CCC3(CC4CC(C#CCC(O)(C)CNC(C=5C=C(C=C(C5)CCNCC6=CC=CC(=C6)C=7C=CC(O)=CC7C8=C9C(=O)OC(=CC(CC=%10C=CC=CC%10)CCO)C9%11CCC8C%12CCC2=C1C%12%11)CNCCC)C4C3)C%13(O)CCCCC%13)C%14CCNC(NC)C%14,1.817161217949177e-05,0.0001973138571465
DEDAMYUZTARNNU-UHFFFAOYSA-N,O=C(OCC1C2=CC=C3C=4C(OC)=CC(O)=CC4CC56C3=C2OC1C7=C8C=CC9NC%10CCCC(CSSC(CC=%11C=CC=CC%11)C9OC8=C(O)C%12=C7C%13C#CC=%14NC(N)C=C%15C%14C(C(C=%16C=CC=C(C%16)CC(C#C%13)C(COC)C(CO)CNC%12)CC%15)C(CC5)C6)C%10)C,7.81771451429079e-05,0.0008298733994475
KUKCUROTFRBUNU-UHFFFAOYSA-N,O=C(O)C=1OC(C(=O)O)C(O)C(O)C1,1.256625368943759e-07,8.245158927971452e-05
APYPWKQCSUQQTA-UHFFFAOYSA-N,O=C1OC2=CC(=CC(=C2C(=C1)CP(=O)(O)O)C)C,3.646237635988341e-07,5.3810488903647474e-05
HMZUFGKKTTZTIX-UHFFFAOYSA-N,O=C1OC2C(=C1C)C3C(C(=C)C(O)C2)C45OC5(CC(C)C4OC(=O)C(C)CC)C6OC63C,4.891607258034624e-07,0.0002024740817354
OIXWZJRIOBMAGK-UHFFFAOYSA-N,O=C1OCC23C4C(=O)C(O)C5(C6CCCCC6)C3C(CC78CCCC8CC9=CCC4(OC92C17)C%10CCCCC%10)CC%11(C)C(OC(=O)C%12OC%12%115)C=%13C=COC%13CC(C(O)CO)C%14CCC%15C(C=CN%16CNCC%16%15)C%14,1.520429818856454e-05,0.0002732235335573
CDJMGIPDLLPMDF-UHFFFAOYSA-N,O=C(NCC1OC(CO)C(O)C1N(C)CC=2C=CC=CC2)C3=CC=C(F)C(Cl)=C3,1.7559361653136453e-05,0.0061638264973024
HJSPQVGDFJDQOW-UHFFFAOYSA-N,O=C1OC(C)(CCCC(=C)C)C2C(=O)CC3(C4=CCC5C(C)(C)C(OC6OCC(OC7OC(CO)C(O)C(OC8OC(CO)C(O)C(O)C8O)C7O)C(O)C6OC9OC(C)C(OC%10OCC(O)C(OC%11OC(CO)C(O)C(OC)C%11O)C%10O)C(O)C9O)CCC5(C)C4CCC123)C,2.7811476331880245e-05,0.0001558724901615
NBCAKURIMWVVET-UHFFFAOYSA-N,O=C1OC2C3C=4C(OC2(C)CCSSCC5=C(N)NC(C=C5C6C=C(C=C(N)N6)CCC7OC17C8CCC3C(CNC)C8)CN9C=C%10C=CNC%10=C9)=CC=%11OC(=CC(=O)C%11C4O)C,1.2049150773996192e-06,0.0019033181439945
YHACWGCIZNKEDU-UHFFFAOYSA-N,N#CC(C#N)=NNC=1C=C(C=C(C1)C)C,7.788879453938725e-07,1.824678715477484e-05
WTLAKJALNDNBRX-UHFFFAOYSA-N,O=C1OC2=C(O)CC3(CC4C(NCC(O)(C)CC#CC5C(CCC6CCCCC56O)C4C3)C=7C=C(C=C(C7)CCNCC8=CC=CC(=C8)C=9C=CC(O)=CC9C%10=C%11C(=O)OC(=CC(CC=%12C=CC=CC%12)CCO)C%11%13CCC%10C%14CCC2=C1C%14%13)CNCCC)C%15CCNC(NC)C%15,1.3877874254321915e-05,0.0002659557090164
COVZIUXOQFAJNB-UHFFFAOYSA-N,O=C(OCC1OC(O)C(O)C(O)C1O)C2=CCC(CC2)C(O)(C)C,6.23386124611066e-07,8.466299974274792e-05
BPSJMBKZSUTYNF-UHFFFAOYSA-N,OC=1C(OC)=CC(OC2OC(COC3OCC(O)(CO)C3O)C(O)C(O)C2O)=CC1OC,1.529578616167204e-06,0.0056950292588887
ZDGJAHTZVHVLOT-UHFFFAOYSA-N,O=C(O)CCC(NCCCCC(N)C(=O)O)C(=O)O,1.4415925354742922e-07,6.270880097267434e-06
LFIGTJHZZUEWTK-UHFFFAOYSA-N,OC1=CC=CC(=C1)CC2=CC(=CC=C2O)CCC3C#CC=4C5=C(NC(N)C4CNC)N6C=C7C=C(C=C(C7=C6)COC8=C(O)C=C(C9=C8C=CC(C9)C(O)CC(OC5)CCC3)CO)C%10%11C=%12C=CC=CC%12CCC%11C%13(OCC%10)CCCCC%13,0.0003614820922352,0.0090721883931118
LVZHZOVRJZRJOR-UHFFFAOYSA-N,OCC(O)CC=CC(O)CC=CC(O)CCCC(O)CCCC(O)CCCC(O)C(C)C(O)C(O)CC(O)CCC(=CC(O)C(O)C1OC(CC(O)C1O)C(O)CCC(=C)C(O)C(O)C2OC(C(O)C(O)C=CCCC=CC=CC=CCCC=CC=C)C(O)C(O)C2)C,4.9480353871938744e-06,6.622229826157504e-05
HSVIPWLVWJLPPD-UHFFFAOYSA-N,O=C1OC(C=2C=COC2CC(C(O)CO)C3CCC4C(C=CN5CNCC54)C3)C6(C)CC7CC89C%10CC%11=CC(CC(C)C)C%12(OC%11%13C9(C=CC(C%10)C%148CCCC%14)C(=O)OCC%15%13C%12C(=O)C(O)C(C%16CCCC(CC=%17C=CC=CC%17)C%16)(C7%15)C%186OC1%18)C,6.890942747866548e-05,0.0010500902186935
KRFPTFLBQUGVOL-UHFFFAOYSA-N,C=1C=CC2=C(C1)C3=C4N2CC(C5=CC=C6NC7CCC8(CC)CCCN9CCC7(C6=C5)C98)C%10(CC)CCCN(CC3)C4%10,2.63805932817967e-06,0.0085540879161447
BZXINCMCFVKGKB-UHFFFAOYSA-N,O=C1OCCC2C1=COC(OC3OC(CO)C(O)C(O)C3OC(=O)C4=CC(O)=CC(O)=C4C5=CC=CC(O)=C5)C2C=C,3.901848723340102e-05,0.0002686749868614
CLRFQMBGERHMLI-UHFFFAOYSA-N,O=C(O)C(O)NC(=O)C(NC(=O)CCC(N)C(=O)O)CSC1C=2OC(=O)C3C(=C(CC=4C=CN=CC4)CC(C23)CCCCCC1)CCCO,3.741511050031372e-07,8.170136206774082e-05
RGVQYTFOJGDTOK-UHFFFAOYSA-N,O=C(OCC)C1=NN(C(=O)C1C(Cl)C2C(=O)N(N=C2C(=O)OCC)C=3C=CC=CC3)C=4C=CC=CC4,1.6232818062532857e-07,0.0007590429719375
OEMZHRPIBDZSQI-UHFFFAOYSA-N,O=C1OC2(C=3C=COC3CC(C(O)CO)C4CCC5C(C=CN6CNCC65)C4)CC#CC7CCC(CC=8C=CC=CC8)CC7C9%10C(O)C(=O)C%11C%12%13OC%14%15C(=CC%12C%16%17C=CC%18CCCC%18C%17CC=C%19C=CC%13CC%19%16)CC%20CC%21C=CC%22%15C(=O)OCC%11%14C%10C(CC%20%22C%21)CC2(C)C%239OC1%23,7.741010112814532e-05,0.0016511948392273
BFZSUUCBGMUWLY-UHFFFAOYSA-N,O=C1OC2=CCC3(CC(CC=4C=CC=C(C4)CCNCC5=CC=CC(=C5)C=6C=CC(O)=CC6C7=C8C(=O)OC(=CC(CC=9C=CC=CC9)CC)C8%10CCC7C%11CCC2=C1C%11%10)C(CCC%12(O)CCCC%12)C3)C%13CCNC(NC)C%13,1.865751445881082e-06,0.0001707012034166
RBXCAMBJAPBEIL-UHFFFAOYSA-N,O=C(OCC1C2=CC=C3C=4C(OC)=CC(O)=CC4CC56C3=C2OC1C7=C8C=CC9NC%10CCCC(CSSC(CC=%11C=CC=CC%11)C9OC8=C(O)C%12=C7C%13C#CC=%14NC(N)C=CC%14C(CC%15=CC=CC(=C%15)C%16(CCCC%16)C(C#C%13)C(COC)C(CO)CNC%12)C(CC5)C6)C%10)C,5.395289275587661e-05,0.0011750430771667
OXNHAAYGVXMNGP-UHFFFAOYSA-N,O=CCC1C#CC(CC2CC3(CC=C4OC(=O)C5=C4CCC6C7C(C=8C=C(O)C=CC8C=9C=CC=C(C9)CNCCC%10=CC=CC(=C%10)C(NCC1(O)C)C2C3)=C%11C(=O)OC(=CC(CC=%12C=CC=CC%12)CC)C%11(CC7)C56)C%13CCNC(NC)C%13)C%14(O)CCCCC%14,4.958150126850127e-06,0.0001962100462345
NANSUBZHVFBRDC-UHFFFAOYSA-N,O=C1CCC2CC(CNC2C1)C3(CCCC3)CC4CCC5(C#CC(C6=CC(O)=C(OC)C=C6CCC5=O)CC(O)C(O)CC(C=7C=CC=8C=CC=CC8C7)C9=CC(=NC=C9CC)N)C(O)C4,0.0016320761792804,0.0079734000509229
PNEWEJZVASCCAJ-UHFFFAOYSA-N,O=C1C2=C3CCC4C5(C)CC(C=6C=C(O)C=C(C6)CNC)C(=O)C7(C)CCCCC(O)(C)CNC(CC4(C(CO)C(CCC(C)C)CC8CCC(CO)CC8C2CC(O)C9OC9(C)C%10CCCC%10C=%11C=CC=C(N)C%11)C3(C)C1)C75,5.310493409752256e-06,0.0001342036242379
YOQNYAMCQMZMHX-UHFFFAOYSA-N,O=C1C2=C3C(CN4C=C(C=5NC=C(C54)CCC2(C)CC(O)C6OC6(C)C)CC=7C=C(C=C(C7)C8CCOC9(CCCCC9)C8)C%10CCCCC%10)C(O)C%11C(C)(CCC%12C(C(=O)C%13C=%14C=CNC%14C%15CCC%13(C%15)C%12%11C)(C)CCNC)C3(C)C1,3.54340598678194e-06,0.0003331117181164
NEVCDDVKCSNJKV-UHFFFAOYSA-N,O=C1C=2C=C(C=CC2NC(=O)C3N1CCC(NC(=O)C4CCCC4)C3)C=5SC=CC5,2.400999856728892e-07,0.0003476344405738
ALNWFSSTDQDNOE-UHFFFAOYSA-N,O=C1OC2C3CC(O)CC4CCC5=CC(=CNC5N)CC(C)(CC=6C=CC=C7C(=O)C8(OC18C(=O)C76)CC=C(C)CC9(NC(=NCCC9)NC)C%10=CCNC=%11NC(NC)CCC%11%10)CCCCC%12CC=CC%13=CC(NCC%14CCCCC%14)(CC43)C2CC%13%12,1.1843592999820825e-06,5.962087366951927e-05
WOWABSUZFYHFEO-UHFFFAOYSA-N,N#CCCN1CCN(C)CCCSCCSCCC1,3.5339811942820846e-08,7.930123419276372e-05
AUQGWKSPMBKANY-UHFFFAOYSA-N,O=C1OC(NC(=O)NCC)C2=CC=C(OC)C(OC)=C12,1.5957906925855527e-08,5.786920013673433e-06
WPCBXRKYKJHHMS-UHFFFAOYSA-N,O=C(O)CC1(C)C2CC=C3C1(C(=O)C2(C)C)CCC4(C)C5CCC(C(C)C)C5(C)CCC34C,2.5290920898576746e-07,0.0004285738321104
HNJXIBZSTWZWSE-UHFFFAOYSA-N,O=C1OC2=CCC3(CCC(C3)C(NCC(O)C)C=4C=C(C=C(C4)CCNC5C=CC67CCC2=C1C6C89C(OC(=O)C9=C(C=%10C=C(O)C=CC%10C=%11C=CC=C5C%11)C7CC8)=CC(CC=%12C=CC=CC%12)CC)CNCCC)C%13CCNC(NC)C%13,6.633905683268321e-06,0.0004654756174683
PJPXFKMVVSXRLB-UHFFFAOYSA-N,O=C1NC(C(=O)NC=2C=CC=CC12)CC(=O)NC=3C=CN=CC3,2.8703173478969194e-08,8.544326163154691e-05
FREXECGTBMCACQ-UHFFFAOYSA-N,O=C(OC)C=CC#CC#CC=CCOC(=O)C,3.7586941992008614e-08,2.8304445421960223e-05
HOBBEYSRFFJETF-UHFFFAOYSA-N,O=C(C)C1CC=C(C)CC1,7.403980112743223e-08,3.446597445753983e-05
YOUFJZFVVXHDCX-UHFFFAOYSA-N,O=C(OC1CC(OC(C1)C(CC2=CC=C(O)C(OC3CCCC4(NC(=NC5N6C=C7NC=CC7=C6CCC54)NCCCC=8C=C(N)NCC8)C3)=C2)CCCCC)C9=CC(O)=C(O)C(OCCC=%10C=NC=CC%10)=C9)C,0.0005353769639674,0.0004210324377438
WHHLGUJCCNPTCV-UHFFFAOYSA-N,O=C1OC2C3CC(O)C45CCCC5CC#CC(NC67C=C8C=CCC(CCCCC(C)(CC9=CNC(N)C(=C9)C(C=%10C=CC=C(O)C%10)CC4C3C6)CC=%11C=CC=C%12C(=O)C%13(OC1%13C(=O)C%12%11)CC(=C(C)CCC%14=CCNC=%15NC(NC)CCC%14%15)CO)C8CC27)C,8.22969363869977e-06,0.0003210371527926
XJYKKSWBSUUWAV-UHFFFAOYSA-N,O=C(OCC1OC(OC=2C(=O)C=3C(O)=CC(O)=CC3OC2C=4C=CC(O)=CC4)C(O)C(O)C1O)C5=CCC(CC5)C(O)(C)C,4.7980780349522174e-05,0.0008555926300985
DHPUCRJALNWKKQ-UHFFFAOYSA-N,O=C1C2=CC(OC)=CC=C2OC3=C(OC)C(OC)=C(OC)C(OC)=C13,3.5550139387726855e-08,0.000134599661229
CVUVRUSISWCZTA-UHFFFAOYSA-N,O=C(NC1CC1)CC2OC3C(OC(CN(C)C)C3O)C2,1.99860455259275e-07,3.470130159878697e-05
JSCQSBGXKRTPHZ-UHFFFAOYSA-N,O=C(OC)C(=COC)C(=CC=CC=1C=CC=CC1)C,3.7692228741374644e-08,1.123416177860715e-05
WWDGIHDLRWPZDO-UHFFFAOYSA-N,C(#CCCCCCCCCCCN)CCC=1C=NC=CC1,3.0299332771379306e-07,0.0001323877078701
SHVCSCWHWMSGTE-UHFFFAOYSA-N,OC=1N=C(O)C=C(N1)C,9.414924692637784e-08,0.0007586788371554
HCVIJONZMYVLAW-UHFFFAOYSA-N,O=C(O)CCC(NC(=O)CC(C)C)C(=O)O,1.246495082205617e-07,3.018205577138876e-06
TZTJNQBLCDCAPS-UHFFFAOYSA-N,[CH2-][NH2+]C12C=C(CCC2(C)CCCC1C)C(C)C,5.376193410857885e-08,0.0009606992630087
WJBLPYZLDZYZIX-UHFFFAOYSA-N,N=C(NC1CCCC1)NC2CSSCC3C(N)CC4CC(CCC=5OC(=CC5CO)CCC6=CC=C(O)C(OCC(O)C7=CC8=C(N7)C9C=CC%10(CCCC%10C%119CCCC%11)C8C(NCC(O)C)CCCO)=C6)CCC3C4CCC2C,9.182877834537311e-05,0.0004286074646011
ORIIRKFDNAHAKD-UHFFFAOYSA-N,O=C1C(O)=C(OC=2C=C(O)C=C(O)C12)C=3C=C(O)C(O)=C(OC=4C=C(C=C(O)C4O)C=5OC=6C=C(O)C=C(O)C6C(=O)C5O)C3,5.840921907774499e-07,0.0004407330781322
HIVGZUXYLGTEAM-UHFFFAOYSA-N,O=C(OCC1C2=CC=C3C=4C(OC)=CC(O)=CC4CC56C3=C2OC1C7=C8C=CC9NC%10CCCC(CSSCC9OC8=C(O)C%11=C7C%12C#CC=%13NC(N)C=CC%13C(C(CC5)C6)C%14(C=%15C=CC=C(C%15)C%16(CCCC%16)C(C#C%12)C(COC)C(CO)CNC%11)CCCCC%14)C%10)C,2.996577010553521e-05,0.0008216256012119
XJEQMOOUZMOIDX-UHFFFAOYSA-N,O=C1C(=C2CCC3C4(C)CC5(C=6C=CC=C(O)C6)C(=O)C(C)(C)C4C(O)CC3(C)C2(C1)CCC5)C(C)CC(O)C7OC7(C)C8CCCC8C=9C=CC=C(N)C9,3.425258854671208e-05,0.0004559459023254
GSYILALIKPPEIQ-UHFFFAOYSA-N,O=C1C(=C2CCC3C4(C)CC5(C=6C=C(O)C=C(C6)CNC)C(=O)C7(C)CCCCC(O)(C)CNC(CC5)(CC3(C)C2(C)C1)C74)C8C(CCC9CCCCC89)C(O)C%10OC%10(C)C%11CCCC%11C=%12C=CC=C(N)C%12,1.522625220020993e-06,0.0003195687359288
XYKCUCATJZCKIH-UHFFFAOYSA-N,O=C1OC2(C=3C=COC3CC(C(O)CO)C4CCC5C(C=CN6CNCC65)C4)CC#CC7CCC(CC=8C=CC=CC8)CC7C9%10C(O)C(=O)C%11C%12%13OC%14%15C(=CC%12C%16%17C=CC%18CCCC%18C%17CC=C%19C=CC%13CC%19%16)CC%20CCCC%21%20CC(CC2(C)C%229OC1%22)C%10C%11%15COC(=O)C%14%21,9.846537785143052e-05,0.0010627752111496
BVSPXSLCUKWRNP-UHFFFAOYSA-N,OC=1C=C2C=C(OC2=CC1OC)C=3C=CC(OC)=CC3O,3.4597346453160506e-07,0.0004252515681393
UVYNBPVVRIMZLF-UHFFFAOYSA-N,O=C(CCC1=CC=C(O)C(OCN)=C1)C2CC(CC3=CC=C(O)C=C3O)C4CC5C6=C(OC7(C=8C=CC=C(O)C8)CCCC7CCC(C)C)C(O)=C(O)C=C6C(C(C5)C9%10C=%11C=CC=CC%11C=%12NC=CC%12C9C%13(CCC(CCC%14(O)CCCC%14)C%13)CC%10)C4C2O,3.1147585358769924e-05,0.0059724358631626
ZZICUUURZWIZKM-UHFFFAOYSA-N,O=C(N1N=C(C2=C1CC3C2C3(C)C)C)CC4=CC(OC)=C(OC)C(OC)=C4,2.951800176804969e-07,0.0006396422174612
UKVUKGPXYQABPT-UHFFFAOYSA-N,O=CC12CC34CC(CCC=5C=CC=CC5)CC4CC6OC3C7CCC(CC(CC8(O)C1CCC9%10CC%11(C#CC%12=CC=CC(=C%12CC(NC)C%13CC(CC89O)C%10C%14=CC(=O)OC%14%13)CO)CCCC%11)C72O)C(C)C%15CCC(CC=%16C=CC=C(C%16)C6)C%15,1.8526667179308296e-06,0.0001439810164303
ZNIMVIXICBMOEU-UHFFFAOYSA-N,O=C(C=1SC(=CC1)C=2SC(C#CC)=CC2)C3CCC45C=CC6C(C7C#CC8=C(C=C(O)C=9C=CC(NC89)C(O)(C)CC%10=CC=CC%11=C%10C(C%12=CN=CN%12)CCC%117)CC4NC(=N)NC%13CCCCC%13)C%14(CCC(CNC)C%14CO)CC63C5,8.707028526188081e-06,0.0004324996331383
QYWGEDAIMDKLCZ-UHFFFAOYSA-N,O=C(OC(C)(C)C)NC(C(=O)O)CCCCNCC,3.6923278583505395e-08,2.01249724067694e-06
UDOIWWHUYYPBCX-UHFFFAOYSA-N,O=C1C(=C2CCC3C(C)(CC4NCC(O)(C)CCCCC5(C(=O)C(C=6C=C(O)C=C(C6)CNC)CC3(C7CCCC7)C45)C)C2(C)C1)C(CC(O)C8OC8(C)C9CCCC9C=%10C=CC=C(N)C%10)C%11CCCCC%11,2.6387662660897294e-06,0.0001824264799242
LIQOUDVIYLTBJV-UHFFFAOYSA-N,O=CC(C=1C=C(C=C(C1)C2(O)CCOCC2)C3CCCCC3)C4=CN5C6=C4NC=C6CCC(C=7C(=O)CC8(C7C(C5)C(O)C9C%10(C)CCC(=O)C(C)(CCNC)C%10CCC98C)C)(C)CC(O)C%11OC%11(C)C,4.6276557896683245e-06,0.0008023546976342
SRFLFXCYODWCCY-UHFFFAOYSA-N,O=C(OC1C2OC(=O)CCC3C4C=CC56CC78C=C(C=CC2(O)C9OC1(O)C=CC9NCC(O)C)C(CC(C)C7C%10C=CC36C(C=CC5C4C)C%10O)C8)C(=CC%11=CC=C(O)C(OC)=C%11)CC%12C%13=CC(=CC=C%13CCC%12CO)CCO,8.497348262737063e-05,0.001253129708992
LUKCLUMJLVKJTI-UHFFFAOYSA-N,O=C(OC)C1=CC2C(=C(C)CCC2C(C)C)CC1OC(=O)C,4.346273209622299e-08,1.5539853165470053e-05
FMJRYCBPDIIEAZ-UHFFFAOYSA-N,O=C1OC23C(=O)NC(CC=4C=CC=CC4)C3C(C)C5(OC5C2C=CCC(O)(C(=O)C(C)CC1)C)C,7.391703403661107e-07,0.0008750830862159
HFYGRAPYDBAGHT-UHFFFAOYSA-N,O=C1C(NCC(O)C)=C2C3(O)CCC(C(O)(C)C4(O)CCCC(O)C5C4OC6CCC(CCC)CCC65)C3(CC7(O)C=CC8(C=CC27C9(CC(O)C(O)CC19)C8)C=%10C=CC(N)NC%10CCCO)C%11CCCCC%11,0.0002305324048361,0.000131822225132
HVRWJPNEHHBGGY-UHFFFAOYSA-N,O=C1OC=2C=3C=CC=CC3C(=O)C2C=4C=CC=CC14,6.948776646736365e-07,0.0024669332066344
HWKCWIIFDARZFZ-UHFFFAOYSA-N,O=C(O)CC1=C(C(=O)CC1)CC=CC(OC)COC2OC(CO)C(O)C(O)C2O,1.7625159822975256e-06,4.916233095816451e-05
RRCUGOXHKVXQMR-UHFFFAOYSA-N,O=C1OCC(=C1)C2CCC3(O)C4CCC5CC(OC6OC(CO)C(OC7OCC(O)C(O)C7OC8OC(CO)C(O)C(O)C8O)C(OC(=O)C)C6OC(=O)C)CCC5(C)C4C=CC23C,8.94953800736941e-06,0.0003753806120917
JTRPFLRWMDKEAG-UHFFFAOYSA-N,O=C1C=C(C(=O)C(=C1)CC=C(C)CC(OC(=O)C)C=C(C)CCC=C(C)C2OC(C)(C)C(O)C2)C,2.1943486957912665e-07,7.399990599637182e-05
LKSFCUNIADOOTK-UHFFFAOYSA-N,O=C(O)CC1CCN(CC=2C=CC=CC2O)CC1CC3=NC=4C=CC(=CC4N3)C,1.931309442076547e-06,0.0059681456004124
XMYJMCJXUWUUNU-UHFFFAOYSA-N,O=C(OC=C1CC(OC(C)C)OC1CCC2C(=C)CCC3C(C)(C)CCCC23C)C,8.187384879360888e-07,0.0004132323879325
XOBBFYCKWQDXCY-UHFFFAOYSA-N,O=C1OC2(C=3C=COC3CC(C(O)CO)C4CCC5C(C=CN6CNCC65)C4)CC#CC7CCC(CC=8C=CC=CC8)CC7C9%10C(O)C(=O)C%11C%12%13OC%14%15C(=CC%12C%16%17C=CC%18CCCC%18C%17CC=C%19CCC%13CC%19%16)CC%20CC%21C=CC%22%15C(=O)OCC%11%14C%10C(CC%20%22C%21)CC2(C)C%239OC1%23,7.741010112814532e-05,0.0012753166467613
MFNYQSGHYYFXQM-UHFFFAOYSA-N,N=1N=C(OC1CC2C(=CC(CNCC3=NC=CC=C3)C(C2)C(C)C)C)C(C)(C)C,2.3227745378753445e-07,9.046289377274328e-05
QNOXEINYPHZJBN-UHFFFAOYSA-N,OC(CCCCC)CC(O)CCCCCCCCCCCCCCCCCCCCCCC,8.187131054232975e-08,1.750415035564685e-05
HITWHALOZBMLHY-UHFFFAOYSA-N,N=1C=2C=CC=CC2NC1CCCC,5.934549179754602e-07,0.0024028630103974
NHHXDROLDZLFAJ-UHFFFAOYSA-N,O=C1OC2(C(OC)=C1C)C(=O)C(C)C3C4N(CCCC32O)C(CCC4)C(O)CC,4.6842849378042953e-07,0.0002561924350058
XBSOPKBAWCWEBN-UHFFFAOYSA-N,O=C(OC1=CC(OC2OC(CO)C(O)C(O)C2OC3OC(C)C(O)C(O)C3O)=CC(OCCC(C)CO)=C1C(=O)C)CC4=CC=C(O)C=C4,2.447599885111089e-06,5.319626533866065e-05
WONCZZRXAVMZRG-UHFFFAOYSA-N,O=CC1=C(OC=2C(=C(OC3CCCCC3)C4=C(OC(C4)C(O)(C)C5CCNCC5)C2CO)C1=C6CCC(=O)C(C=7C=CC=8NC=CC8C7)C6)C(=O)OCC,6.9724664343025845e-06,0.0022500800787497
CTRWBXOZUNMXCL-UHFFFAOYSA-N,O=C(OC1CCC(O)(C)C23OC(C)(C)C(C(=O)C(OC(=O)C=4C=CC=CC4)C12COC(=O)C)C3OC(=O)C)C=CC=5C=CC=CC5,1.3355192985699323e-06,0.0025916922365458
JJXDMJDRSVKAOR-UHFFFAOYSA-N,O=C(OC1CCC2(C)C3CC=C4C5CC(C)(C)CCC5(C)CCC4(C)C3(C)CCC2C1(C)C)CCCCCCCCCCCCCCCCC,2.657329303236537e-07,7.394638248674998e-05
AQQDRPWZTYEQDK-UHFFFAOYSA-N,O=C1OC2=CCC3(CC(CCCO)C(C3)C(NCC(O)C)C4=CC(=CC=C4CCCO)CCNCC5=CC=CC(=C5)C=6C=CC(O)=CC6C7=C8C(=O)OC(=CC(CC=9C=CC=CC9)CC)C8%10CCC7C%11CCC2=C1C%11%10)C%12CCNC(NC)C%12,4.51050241928879e-06,8.592337122794323e-05
ACKXTYMEKJHJJG-UHFFFAOYSA-N,O=C1C2=C3C(CN4C=C(C=5NC=C(C54)CCC2(C)CC(O)C6OC6(C)C)CC=7C=C(C=C(C7)C8CCCCC8)C9CCOCC9)C(O)C%10C(C)(CCC%11C(C(=O)C%12C=%13C=CNC%13C%14CC%12(CC%14CNC)C%11%10C)(C)C%15CCCC%15)C3(C)C1,3.753005153983246e-06,0.0002442241042758
AETQKLIUKSESEY-UHFFFAOYSA-N,OC1CCC2(C(=C(C)CCC2C1(C)C)CCC3=COC=C3)C,4.4850165510600913e-07,0.0005514901528794
NFHNAALGBZFXIK-UHFFFAOYSA-N,O=C(O)C=1C=CC=CC1C(=O)C=2C=C3C4=C(C2O)CCCN4CCC3,2.575337671218503e-07,9.538819562817793e-05
CRLBSUMNJCZNTL-UHFFFAOYSA-N,O=C(OC1(C)C(C=C2CSSC3CC4C(=O)C=CC5N(C(=O)CC6=C(C=C(N)NC6)C2C71OC8=CC=9OC(=O)C(=CC9C=C8C7)C%10(CCCCC%10)C(CO)CCC(O)CC=%11C=CC=CC%11)C3C5C4NC)CO)C(=CC)CCO,0.0001672423637908,0.0024717956638087
IQHIXONQELENSK-UHFFFAOYSA-N,O=C1C2=C3C4C(CC[C]5[CH][CH][CH][CH][CH]5)(CCC6CC(O)CC1C64C)CC7(C)C(CC(CC2)C37O)C8(OCCC(C)C8)C9OC9C(O)(C)C(C)(C)CC[C]%10[CH][CH][NH2+][C](N)[CH]%10,0.0011626983281914,0.0017735272821019
FXUZDRZGBNXNEY-UHFFFAOYSA-N,O=C(O)C(=CC1C=C(COC(=O)C)CCC1C(C)C)CO,2.705752348108198e-08,4.547901410711851e-05
PFVBQFQPXZYNQA-UHFFFAOYSA-N,O=C1OC(C=2C=COC2CC(C(O)CO)C3CCC4C(C=CN5CNCC54)C3)C6(C)CC7CC89CCCC9CC%10=CC%11C%12(OC%10%13C8C(=O)OCC%14%13C%12C(=O)C(O)C(C)(C7%14)C%156OC1%15)CCCC%16%11CCC%17CCCCC%17C%16C,3.5378935897487044e-05,0.0001257886231776
UURLYCCSRIMOHH-UHFFFAOYSA-N,OCC1OC(OCC(C)CCC=2OC3CC4C5CCC6CC(OC7OC(CO)C(OC8OC(CO)C(O)C(O)C8OC9OC(CO)C(O)C(O)C9O)C(O)C7O)CCC6(C)C5CCC4(C)C3C2C)C(O)C(O)C1O,1.974350055478887e-06,0.0011716170667887
FDZYLGWJDWREOI-UHFFFAOYSA-N,O=C(O)C12CCC(C)(CO)CC2C3=CCC4C(C)(CCC5C(C)(CO)C(OC6OCC(O)C(O)C6O)C(O)C(CC7CC(=O)NC7CC=8N=CNC8)C45C9CCCCC9)C3(C)CC1,2.676697077732995e-06,0.000240470483615
TWZNZLPMIFOBPA-UHFFFAOYSA-N,O=C1OC23C(O)=C1CC(C)CC(C)CCCC3(C=C(C)C(CC)C2)C,2.854672246491057e-07,0.0001997642160042
OVGKPRSKOPTIPZ-UHFFFAOYSA-N,O=C1C=C2C(C3=CC=4OC5(O)C(=O)C=C6C(=CC=C7C6(C)CCC8(C)C9CC(C(=O)C(O)C9(C)CCC78C)C)C5(OC4C(=C13)C)C)(C)CCC%10(C)C%11CC(C(=O)CC%11(C)CCC2%10C)C,1.712338791737622e-06,0.0008400611272679
XTNVYYVGYVTZFS-UHFFFAOYSA-N,O=C1OC=2C3=C1C4C(CC3CCC2C5(CC)CCCC5)C6C7=C8C(=O)OC(=CCC(C(SSCNC9=CC(=CCN9)C7CN%10C(=O)C=CC%10=O)NC%11CCC%12CCCCC%12C%11O)C%13CCC%14CC(CO)CC(C#CCC%13C%14)CO)C84CC6,1.2284970073919228e-05,0.0096489733482907
UXRHXCAOOWVWAW-UHFFFAOYSA-N,O=C1OC2C(CCO)CCC3(C=C4C=CCC5C4C(CCC5CCCC(C)(CC=6C=CC(N)NC6)CC=7C=CC=C8C(=O)C9(OC19C(=O)C87)CC(=C(C)CCC%10=CCNC=%11NC(NC)CCC%11%10)CO)C23)NCC,4.073856863269446e-06,0.0001199625224958
XZDJLQPOYUSHRN-UHFFFAOYSA-N,O=C(NN1C=NN=C1)NC(CC)(C(F)(F)F)C(F)(F)F,1.6054816334575639e-07,0.0001074405768626
CUVIKLNIJJAXLF-UHFFFAOYSA-N,O=C1C(C(=O)C2(C)C(C=CC3CC(C)CCC32)C)=C(O)C(N1C)C(O)C,1.828221619798541e-07,0.0010970202610541
IBEOQSSKLWJOMF-UHFFFAOYSA-N,O=C1C=C(OC=2C1=C(O)C=C(O)C2C(CC(=O)OC)C(C)C)C=3C=CC=CC3,2.655638284127696e-07,5.7049463474468245e-05
XQZQLQWGNGEDMN-UHFFFAOYSA-N,O=C1OC2=CCC3(CC4CC(C#CCC(O)(C)CNC(C=5C=C(C=C(C5)CCNC6C=CC78CCC2=C1C7C9%10C(OC(=O)C%10=C(C=%11C=C(O)C=CC%11C=%12C=CC=C6C%12)C8CC9)=CC(CC=%13C=CC=CC%13)CC)CNCCC)C4C3)C%14(O)CCCCC%14)C%15CCNC(NC)C%15,1.411999815544796e-05,0.0005956270839041
NNNPVAYTYDQJFO-UHFFFAOYSA-N,O=C(O)C1N(C(=O)C(NC(=O)C2N3C(=O)C=4C=CC=CC4C3SC2(C)C)C)CCC1,1.966830148144614e-07,8.382709055949162e-05
IIJUXCHFDCTCAH-UHFFFAOYSA-N,O=C1C=C(OC=2C1=C(O)C=C(O)C2C(C3=CC=4C=CC=CC4NC3=O)CC(=O)N5CCN(C)CC5)C=6C=CC=CC6,4.352253419993792e-06,0.0024751389589473
PDTYPEPORBIWLJ-UHFFFAOYSA-N,O=C(OC(C)C)COC1=CC=C2C(OC=C(C2=O)C=3C=CC=CC3OC)=C1,5.492922391991321e-07,0.000747891883704
LSQZKGHLXQDOOD-UHFFFAOYSA-N,O=C1OCC(=C1)CCC=C(C)CCC=C(C)CCC=C(COC2OC(CO)C(O)C(O)C2OC3OC(COC(=O)C)C(O)C(O)C3OC4OC(CO)C(O)C(O)C4O)CCC=C(C)C,5.801001914490659e-07,4.3642743763225826e-05
FFNRZJMOPKJSEP-UHFFFAOYSA-N,O=CC1=CCC=C(C)CCC(C1C=O)C(C)CCC=C(C)C,1.3945090774635702e-07,6.986347578618235e-05
LFDIXHMYXFFMFD-UHFFFAOYSA-N,O=C(OC1CC2C(CC=C3CC(O)CCC32C)C4(O)CCC(O)(C(=O)C)C14C)C=5C=CC=CC5,2.421454355131352e-07,0.0008338083410675
HGMKECQOUODVIX-UHFFFAOYSA-N,O=C1C2=C(OC)C=3OCOC3C(=C2CCN1C)S(=O)(=O)NCC4=CC=C5OCOC5=C4,1.8041903143675256e-05,5.7954164165384053e-05
MRVBXEAPIBCACK-UHFFFAOYSA-N,O=C(O)C1OC(OC2CCC3(C)C(CCC4(C)C3CC=C5C6CC(C)(C)CC(C(=O)OC7OC(CO)C(O)C(O)C7O)C6CCC54C)C2(C)C)C(OC8OCC(O)C(O)C8O)C(O)C1OC9OCC(O)C(O)C9O,1.10492314525371e-06,0.0003651893870181
OPKPFEWFKYKJCF-UHFFFAOYSA-N,O=C1C=2C=CC=CC2C(=O)C1=CC=3C=CC=CC3,4.5089466060223246e-08,0.0008571408357165
RBENVNKHOIZJKQ-UHFFFAOYSA-N,O=C(OCC1C2=CC=C3C=4C(OCO)=CC(O)=CC4CC56C3=C2OC1C7=C8C=CC9NC%10CCCC(CSSC(CC=%11C=CC=CC%11)C9OC8=C(O)C%12=C7C%13C#CC=%14NC%15NCCC(C%15=CC%14C%16C(C=CC%17(O)CCCCC%16%17C=%18C=CC=C(C%18)CC(C#C%13)C(COC)C(CO)CNC%12)(CC5)C6)C)C%10)C,0.0055770590907935,0.001281557234409
TWYWMWIHMJKUPX-UHFFFAOYSA-N,O=C1OC(C=2C=COC2CC(C(O)CO)C3CCC4C(C=CN5CNCC54)C3)C6(C)CC7CC89CCCC9CC%10=CC(CC(C)CCC)C%11(OC%10%12C8C(=O)OCC%13%12C%11C(=O)C(O)C(C%14CCCC(CC=%15C=CC=CC%15)C%14)(C7%13)C%166OC1%16)C,0.0001853034876337,0.0007288560589282
CQOWTZQLPMDZBF-UHFFFAOYSA-N,O=C(C=1SC(=CC1)C=2SC(C#CC)=CC2)C3CCC45C=CC6C(C7C#CC8=C(C=C(O)C=9C=CC(NC89)C(O)(C)CC%10=CC=CC%11=C%10C(C%12=CN=CN%12)CCC%117)CC4NC(=N)NC%13CCCCC%13)C%14(CCCC%14CO)CC63C5,7.70889212921081e-06,0.0005025368222894
UTTMVFMTWNLRGZ-UHFFFAOYSA-N,O=C(OC(CC(C)C)CC1(OC(=O)C23CCC4C(=CCC5C(C)(C)C(OC6OCC(OC7OC(CO)C(O)C(OC8OC(CO)C(O)C(OC)C8O)C7O)C(O)C6OC9OCC(OC%10OC(CO)C(O)C(OC%11OC(CO)C(O)C(OC)C%11O)C%10O)C(O)C9O)CCC45C)C3(C)CCC12)C)C,1.006350761058742e-06,7.448527747579335e-05
YNFXMDYOMYEYND-UHFFFAOYSA-N,O=C1C(=C2CCC(O)(C)C3(CC4CCCC5OCC#CCC(=CCC(O)C(=C)C=CC=C5C4C3O)C)C2CCC(O)CC6=CC=CC(=C6)CC(C(O)CNC7C(=O)NC(N)C=8C=CC=C(C87)C1)C(C9=CC=C(O)C=C9)CN=C(N)N)C,3.184137803014314e-07,0.0101206812830784
AHNAHPZPCKXEBX-UHFFFAOYSA-N,O=C(OCC1C2=CC=C3C=4C(OC)=CC(O)=CC4CC56C3=C2OC1C7=C8C=CC9NC%10CCCC(CSSC(CC=%11C=CC=CC%11)C9OC8=C(O)C%12=C7C%13C#CC=%14NC(N)C=CC%14C%15C(C=CC%16CCCCC%16%15C=%17C=CC=C(C%17)C%18(CCCC%18)C(C#C%13)C(COC)C(CO)CNC%12)(CC5)C6)C%10)C,0.0056625092036939,0.0007793540655353
CQFGSVOBTUWADP-UHFFFAOYSA-N,O=C(C=CC1=CC(OC)=C(O)C=C1CC2=CN=C(N)C=C2CCC=3C=CC=C(C3)CCC=4C=CC=CC4)CC(=O)CCCC5(CCC(NCC(O)C)C5)CC6C7NCC=CC7CC8CNCCC86,2.022777887816435e-06,0.0006873579795478
OXRNZMFIWMUANZ-UHFFFAOYSA-N,O=CC1=CNC=2C=C(C=CC12)CC=C(C)C,1.5419403467083464e-08,4.1828966601751805e-05
VHTHLZPHUOIBLH-UHFFFAOYSA-N,O=C(OC)C1C2C(=CC)CN(C)C1CC=3C=4C=CC=CC4NC3C(C5=CC=6NC7=C(C6C=C5OC)CCN8C(O)C9CC7(C(=O)OC)C8CC9CC)C2,9.354452820894448e-07,0.000207908431304
RCIFTJNDFHIKHT-UHFFFAOYSA-N,O=CC=1C(=CC=CC1C2(O)CCCCC2)CC3=C(O)C=4C(=O)C5=C6C(=O)C4C(=C3OC7OC(C)C(O)C(O)C7O)CC#CC(N)CCC(O)CC8=CC=CC(C=CC6=C(OC(=O)C)C=C5CO)=C8,4.751812884761053e-07,0.0008204757798497
VADVOLSTRCVERX-UHFFFAOYSA-N,O=C(OCC1OC(SC=2C=CC=CC2)C(NC(=O)C)C(OC(=O)C)C1OC(=O)C)C,1.555503242115956e-07,6.658659650835728e-05
XLIOFFLNGANYEP-UHFFFAOYSA-N,O=C1C2(OC)C=C(CC=C)C(O)C1(OC)C(C3=CC(OC)=C4OCOC4=C3)C2C,4.448399550209599e-06,0.0008783644990796
KPOCSQCZXMATFR-UHFFFAOYSA-N,S1C=CC(=C1)CCCC,3.7186028013416554e-08,0.0001432021550942
VCCSJCPZKYPORJ-UHFFFAOYSA-N,O=C(O)C12CCC(C)C(O)(C)C2C3=CCC4C5(C)CCC(O)C(=C)C5C(O)CC4(C)C3(C)CC1,5.817673150915112e-07,0.0005542078946933
ZYHYJVPQJXNZAK-UHFFFAOYSA-N,O=C1C(Cl)=COC2=CC(OC)=CC=C12,8.787035457406491e-08,0.0001863596670104
JDRBSYXWWIUQCB-UHFFFAOYSA-N,O(CC=C(C)CCCCCCCCCCCCC)CCCCCCCCC(C)CC(C)CCC(C)C,2.036676877347302e-07,2.755933237976968e-05
RAHNLNOOUJRUBH-UHFFFAOYSA-N,O=C1OC(C=2C=COC2CC(C(O)CO)C3CCC4C(C=CN5CNCC54)C3)C6(C)CC7CC89CCCC9CC%10=CC(CC(C)C%11CCCCC%11)C%12(OC%10%13C8C(=O)OCC%14%13C%12C(=O)C(O)C(C%15CCCC(CC=%16C=CC=CC%16)C%15)(C7%14)C%176OC1%17)C,0.0001938532207584,0.0007288560589282
UWSZKQJSJICAFV-UHFFFAOYSA-N,O=C1OC(CC)C(C2C#CCC3CC4(O)C5=C6NC(C(=O)CC(C7=CC=C(O)C=C7)CSSCC8C(O)C(O)CC(C)(C5CCC4(CCN=C(N)N)C3C(O)(C)C(O)CC(C)C9CC=C%10CCC(C)CC%10C9C2)C8(C6=O)CCCCC)CO)C1C=%11C=CNC%11,0.0001264261419254,0.0003055570915199
HBNODPHCQDQKDF-UHFFFAOYSA-N,O=C1OC2C3CC(O)C4(CCCC4)CC3CC5(C=C6C=CCC(CCCCC(C)(CC=7C=CC(N)NC7)CC=8C=CC=C9C(=O)C%10(OC1%10C(=O)C98)CC(=C(C)CC%11C%12=CCNC=%13NC(NC)CC(C%13%12)CC%11)CO)C6CC25)NCC,7.933726757284115e-07,6.330950709841545e-05
BHWPDZLUKSMVMU-UHFFFAOYSA-N,O=C1C=CC(=O)N1C2(CCCCC2)C3CC4C(CC5C=6C=CC=CC6C(C3)(C(CO)COC7=CC(=CC(OC)=C7O)C8COC=9C=C%10NC(O)C=%11C(OCNCC)=CC(OC)=C%12C%11C%10=C(C9C8O)CC%12)C4C5)C(CO)CCCO,4.780177423957156e-06,0.0001386631841838
PANVZJUEFKYYTD-UHFFFAOYSA-N,O=C1C=C(OC=2C=C3OC(C)(C)C4OC(=O)C5(OC5CCC=6C=C(N)NC(C6)C=7C=C(NCCCCC)NC(C7)CN8C=C9C=CNC9=C8)CCCC4C3=C(O)C12)C,1.6718092125080742e-05,0.0023553718741164
BIHNZKYXOTXXSP-UHFFFAOYSA-N,O=C1OC(C)(CCCC(=C)C)C2C(=O)CC3(C)C4C(=CCC123)C5(C)CCC(OC6OCC(OC7OC(CO)C(O)C(OC8OC(CO)C(O)C(OC)C8O)C7O)C(O)C6OC9OC(C)C(OC%10OC(CO)C(O)C(OC%11OC(CO)C(O)C(OC)C%11O)C%10O)C(O)C9O)C(C)(C)C5CC4,3.3699759391695095e-06,0.0001208328370722
HSGFCNFPJXZBFJ-UHFFFAOYSA-N,O=C1C=2C=CC=C(OC)C2N=C3N1CCC3(O)C=4C=CC=CC4N(C)C,1.6214171634347485e-07,0.0033198690164015
AHZMLFPRFPKGFS-UHFFFAOYSA-N,O=C1OCC2C(C=C3C=CCC4C(C=CC2C34)CCCC(C)(CC=5C=CC(N)NC5)CC=6C=CC=C7C(=O)C8(OC18C(=O)C76)CC=C(C)CC9(NC(=NCCC9)NC)C=%10C=C(NCC%10)NCNC)NCC,2.2809932819529764e-06,5.278255913838016e-05
WZJCJPWQKBHXTI-UHFFFAOYSA-N,O=CC12CC34C5OC(CC6=CC=CC(=C6)CC7CCC(C7)C8CC=CC9CC5C2(O)C(CC98)C(O)C%10(O)C1C%11(CCCC%11)CC%12%13CC%14(C#CC%15=CC=CC(=C%15CC(NC)C%16CC(CC%10%12O)C%13C%17=CC(=O)OC%17%16)CO)CCCC%14)CC4CC%18CC(C=%19C=CC=CC%19)CCC%183,2.2122233220317344e-06,0.0006733812529085
NXUSNHVYBRWEFH-UHFFFAOYSA-N,O=C1OC(CC)C(C2C#CCC3CC4(O)C5=C(NC(C(=O)CCC6=CC=C(O)C=C6)CO)C(=O)C7CC(O)C(O)CC7(C)C5CCC4(CCN=C(N)N)C3C(O)(C)C(O)CC(C)C8CC=C9CCC(C)CC9C8C2)C1C=%10C=CNC%10,0.0015794677098984,0.0001326932042114
NKCISAZZXKYCSK-UHFFFAOYSA-N,O=C1OC2=C(C=C1)C=CC(OCC=C(C)CCC=C(C)C)=C2CC=C(C)C,2.628315198206145e-05,6.446926976860994e-05
NQYBLSMJHLCTDP-UHFFFAOYSA-N,N=1N=C(OC1C2=CN=CN2C)C3CN(CC3)CC4CCCCC4,1.800161664490889e-07,0.0004701727065369
KVKRTHRXHVCLRA-UHFFFAOYSA-N,O=C1OC(C2=COC=C2)CC13C(C)CC(O)C45COC(OC)C5CCCC34,4.306155645189944e-07,0.000163821088004
WKJZIQIXVSYOPI-UHFFFAOYSA-N,O=C(OC1C(OC(C)C(OC2OC(C)C(O)C(OC(=O)C(C)CC)C2O)C1OC3OC(C)C(O)C(O)C3O)OC4C(OC5OC6C(OC(CCCCC)CCCCCCCCCC(=O)OC4C5O)OC(C)C(O)C6O)C)CCCCCCCCCCC,2.1232022218748457e-05,0.0001069878321892
FLJCISDPSGXWGJ-UHFFFAOYSA-N,O=C(OC1CC2=CCC3C4CC=5ON=C(C5C4(C)CCC3C2(C)CC1)C)C,1.6410947268454084e-07,0.0002346891068048
HWMLEMNRBIOEFM-UHFFFAOYSA-N,O1C=CC(=C1)CCC=C(C)CC=CC2(C=3OC=CC3CCC2)C,3.016118272131945e-07,0.0001020257891164
BMJMWYUCQYRGFK-UHFFFAOYSA-O,OC=1C=C(O)C=2C=C(OC3OCC(O)C(O)C3O)C([OH+]C2C1)C4=CC(O)=C(O)C(O)=C4,1.0454381831014416e-06,0.0009219883415147
MDUIGXDVWYRFLK-UHFFFAOYSA-N,O=C1C=C(OC=2C1=C(O)C=C(O)C2C(C3=CC=C(O)C(OC)=C3)CC(=O)OC)C=4C=CC=CC4,2.051666383545607e-07,0.0005508376572172
QWRYBBZUENVOIJ-UHFFFAOYSA-N,FC(F)SC=1C=CC(=CC1)C2=CC=C(C=C2)C3CCC(CCCCC)CC3,1.7843939352935096e-06,0.0074236229059916
UHTYQJHKMMQTPS-UHFFFAOYSA-N,O=C1OC2=C(C=CC(OCC3=CC(=CC=C3OC)[NH+]([O-])O)=C2C)C(=C1CC(=O)OC)C,2.3333267611015717e-07,2.123650573680342e-05
RCEBTJQEAYASCW-UHFFFAOYSA-N,O=C(OC1CCC(C)C2(C)CC3=C(C(=O)OC3CC12O)C)C(=CC)C,2.289853903724824e-06,0.000148317835786
RIVKDDXPCFBMOV-UHFFFAOYSA-N,OC1C=C(C)CCC=C(C)CCC(C=CC(O)(C)C1)C(C)C,2.0382515079539173e-07,0.00046765561083
WWKHCTOFYWAQII-UHFFFAOYSA-N,N=1C=CC(C2=NC=CC=3C4=CC=CC=C4NC23)=C5C=CC=CC15,6.494279651469719e-08,0.0018064158308117
QUQOFQHXHZVRJT-UHFFFAOYSA-N,O=C(O)C(CCCCCC1C=CC(CCCCC)CC1O)C(O)CCC2(O)CC(CC=3C=CN=C(N)C3)CC2CC4=NC=C[CH-]4,4.050615832600761e-06,0.0003481981934375
NIOPNRXIINFUMO-UHFFFAOYSA-N,O=C1OC23CC=4C=CC=CC4C1C(C=5C=CC=CC5)C3(OC(=O)C2(O)CC=6C=CC=CC6)CC=7C=CC=CC7,2.9944077067643588e-05,0.0063713109188806
HZAOIVKKILWNCS-UHFFFAOYSA-N,O=C(OC1COC2C1OCC2NC3=NC=CC(=N3)C(C)(C)C)NC=4C=CC=CC4,2.155471999663321e-07,0.0002984002815635
YEMVXTRKRLRBNM-UHFFFAOYSA-N,O=C(OCC(=O)N(C)CC1=CC=C(C=C1)N(C)C)C2(C3=CC=C(F)C=C3)CCCC2,2.097839664977311e-06,6.74263566468146e-05
LDDJMFXNVSJXTN-UHFFFAOYSA-N,O=C1C=2C(OC)=C(OC)C=CC2C3=NC=CC=4C=5C=C(OCC(=O)C)C=CC5N1C34,2.1757172849578101e-07,0.0003380087537947
XKEKFVWEVVIIDN-UHFFFAOYSA-N,O=C1C2=C3C(CN4C=C(C=5NC=C(C54)CCC2(C)CC(O)C6OC6(C)C)CC=7C=C(C=C(C7)C8(O)CCOCC8)C9CCCCC9CNC)C(O)C%10C(C)(CCC%11C(C(=O)C%12C=%13C=CNC%13C%14CCC%12(C%14)C%11%10C)(C)CCNC)C3(C)C1,1.605578244559757e-05,0.0003339559537322
ZCHJWSWVQSZALG-UHFFFAOYSA-N,O=C1OC(CC)C(C2C#CCC3CC4(O)C5=C6NC(C(=O)CC(C7=CC=C(O)C=C7)CSSCC8C(O)C(O)CC(C5CCC4(CCN=C(N)N)C3C(O)(C)C(O)CC(C)C9CC=C%10CCC(C)CC%10C9C2)(C8C6=O)C%11CCCC%11)CO)C1C=%12C=CNC%12,0.0003260849549968,0.0007173123890553
UMZXTLROWBYUHW-UHFFFAOYSA-N,O=C(O)C=1C=CC(=CC1)C=2OC(=CC2)C(C=3OC(=CC(=O)C3O)CN4CCN(C5=CC=C(OC)C=C5)CC4)CC(=O)OC,1.3048609299422295e-06,1.8117272923321617e-05
XLSMHHQDTOPZHN-UHFFFAOYSA-N,O=C(NCCC1NC(=O)C2N(C(=O)C(NC(=O)C(NC(=O)C(NC(=O)C(NC(=O)C(NC1=O)C(C)C)CO)CC(C)C)CCCCNC(=N)N)C(C)C)CC(OS(=O)(=O)O)C2)C3=CC=C(O)C=C3,4.643421340704952e-07,1.0682442554541425e-05
WLZQKXJQTOONOM-UHFFFAOYSA-N,O=C1OC2(OC3CC4(C5=C6C(OC7=CC(=O)C(C)(C)C(CC5)C76C)CC4(C)C3C(C)C2)C)C=C1C,8.746707607811602e-07,0.0007146413131234
GXPHIUYLJYRQDY-UHFFFAOYSA-N,O=C(OC1CC2CC=3C=4C=CC=CC4NC3C2(C)C5(C)CCC67OC(C(=O)C=C6C15O)C(O7)(C)C)C(N(C)C)C(C)C,5.690816535000845e-06,0.0004632782874806
WWZRQVMMWYVRNE-UHFFFAOYSA-N,O=C1C=CC=C2N1CC3CN(C(=O)C=4C=CN5N=NN=C5C4)CC2C3,2.0384241813968817e-08,6.432934138512578e-05
PIPPQHHGDIJTDH-UHFFFAOYSA-N,O=CC12C3C=4C5=CCC4CC6CCC3(C6)C(O)C7CCC(CC(C(O)C8(O)C1C5CC9%10CCC#CC%11=CC=CC(=C%11CC(NC)C%12CC(CC89O)C%10C%13=CC(=O)OC%13%12)CO)C72O)C(C)C%14CCCC%14,7.787864599003306e-05,0.0008057325184077
IDKNGDQQSUSMFL-UHFFFAOYSA-N,O=C1OC2=C(C=CC(OCC3=CC=C(Cl)C=C3Cl)=C2C)C(=C1)C4=CC=5C=CC=CC5OC4=O,0.0144852314599456,0.0773708287172883
SALOESJHNCDSCR-UHFFFAOYSA-N,O=C1OC(C)(CCCC(C)C)C2C(=O)CC3(C)C4C(=CC(O)C123)C5(C)CCC(OC6OCC(OC7OC(CO)C(O)C(OC8OC(CO)C(O)C(OC)C8O)C7O)C(O)C6OC9OC(C)C(OC%10OC(CO)C(O)C(OC%11OC(CO)C(O)C(OC)C%11O)C%10O)C(O)C9O)C(C)(C)C5CC4,0.0001206177861502,0.0001208328370722
FDDFSXUUNORYSR-UHFFFAOYSA-N,O=C(OC)C1C(=O)C(C(=O)OC)C2C=3C=CC=CC3C1C2[NH+]([O-])O,5.6481576175182216e-08,0.0001772613084166
IVRMJRPJCMWTSD-UHFFFAOYSA-N,[CH]1[CH][NH+]([CH][CH][C]1C)C[C]2[CH][C]([CH][C]([CH]2)C)C,2.1635499884991172e-08,0.0007655443896629
RTQMRTSPTLIIHM-UHFFFAOYSA-N,O=P(O)(O)OCC1OC(N2C=NC3=C(N=CN3C4OC(COP(=O)(O)O)C(O)C4O)C2=N)C(O)C1O,1.414084113525771e-06,4.0109764046022825e-05
QCXCCDYJPYDVBP-UHFFFAOYSA-N,N=C(O)OC1C(O)C(OC(CO)C1O)OC2C(O)C(O)C(OC2OC(C3=CN=CN3)C(N=C(O)C=4N=C(NC(=N)C4C)C(NCC(N)C(=N)O)CC(=N)O)C(O)=NC(C)C(O)CC(O)=NC(C(O)=NC(OC5OC(C)C(N)C(O)C5O)C(O)C6=NC(=CS6)C7=NC(=CS7)C(O)=NCCCC(N)CC(O)=NCCCNCCO)C(O)C)CO,3.688114032505775e-05,0.0004525909334097
NYDVJHDLTJPWFB-UHFFFAOYSA-N,O=C1C(=COC=2C1=CC=C(OC)C2C)C=3C=CC(Cl)=CC3,3.0496928428142226e-07,0.0007333931258716
XLEWMQYHLZKXOP-UHFFFAOYSA-N,O=P(O)(OCC1OC(N2C=CC(=N)N=C2O)C(O)C1O)OC3C(O)C(OC(C3O)C(N=C(O)C4NCCC(CC)C4)C(Cl)C)SC,1.3466082659973614e-05,0.0001364591016174
GFZMJKBJZCUBOD-UHFFFAOYSA-N,O=C(O)C1=CC=C(OC2OC3(COC(=O)C4=CC(OCCC=5C=CC=CC5)=C(O)C(OC)=C4CC3)C(O)C(O)C2O)C(OC)=C1,4.983892321321333e-06,0.0030041048606294
DCHMVFIXPRBHPC-UHFFFAOYSA-N,O=P(C=1C=CC=CC1)(C=2C=CC=CC2)C=3C=CC=CC3OCCCP(=O)(C=4C=CC=CC4)C=5C=CC=CC5,5.070204008712871e-07,0.0009399302745031
GYCZNUWWKOYJHU-UHFFFAOYSA-N,N#CCCC(=O)C=NN1C(=O)OCC1,9.011083479734439e-08,2.745445612865627e-05
HJMFZRRKMVZJCX-UHFFFAOYSA-N,O=C(O)C12C(=C3CCC4C5(C)CC(O)C(O)C(C)(C)C5CCC4(C)C3(C)CC1)CC(C)(C)CC2,1.2872307810078533e-07,0.0001404520564863
JDFOFHZAWHYLEB-UHFFFAOYSA-N,O=C1NC=2C=CC=CC2C13C4OCC5C6N(C)CC(C(O)C)(C5C4)C63,6.542964408952078e-08,0.0004731210644605
UCYAHIVNBSURER-UHFFFAOYSA-N,O=C(OC)C1=CC=2C=CC=CC2C(O)=C1C(=O)OC,2.3780147585049337e-07,0.0001075964424721
RTMWIZOXNKJHRE-UHFFFAOYSA-N,OC1CCC2(C)C(CCC3C4CCC(C5(OC6C(OCC6C)C5)C)C4(C)CCC32)C1,2.2040475312527045e-05,0.0016783022246964
YTGXJHCEXUYYFR-UHFFFAOYSA-N,O=C(OCC1C2=CC=C3C=4C(OC)=CC(O)=CC4CC56C3=C2OC1C7=C8C=CC9NC%10CCCC(CSSCC9OC8=C(O)C%11=C7C(C#CC=%12NC(N)C(=CC%12CC(CC5)C6)CC)C#CCC(COC)CCNC%11)C%10)C,4.708756384223975e-06,0.0006595739436371
JCEIRMPNYWCATH-UHFFFAOYSA-N,OC1C(OCC1N)CN2CCC(C)CC2,5.103417511189304e-08,0.0002468107643809
DRTJMXQPWKWAJT-UHFFFAOYSA-N,N=C(NC1CCCC(C2=CC=C(O)C=C2)C1)NC3CSSCC4C(N)CC5CC(CCC=6OC(=CC6CO)CCC7=CC=C(O)C(OCC(O)C8=CC9=C(N8)C%10C=CC%11(CCCC%11C%12%10CCCC%12)C9C(NCC(O)C)CCCO)=C7)CCC4C5CCC3C,7.832583559474794e-05,0.0004060008254076
HBUOYCWHERJBME-UHFFFAOYSA-N,O=C1OCC(C2C#CCC3CC4(O)C5=C6NC(C(=O)CC(C7=CC=C(O)C=C7)CSSCC8C(O)C(O)CC(C5CCC4(CCN=C(N)N)C3C(O)(C)C(O)CC(C)C9CC=C%10CCC(C)CC%10C9C2)(C8C6=O)C%11CCCC%11)CO)C1C=%12C=CNC%12,4.451533199972333e-06,0.0008083025217074
HSUOOTOSEYZBFD-UHFFFAOYSA-N,O=C1C=C(OC=2C=C3OC(C)(C)C4OC(=O)C5(OC5CCC=6C=C(N)NC(C6)C=7C=C(N)NC(C7)CN8C=C9C=CNC9=C8)CCCCC4C3=C(O)C12)C,4.012497490995974e-06,0.0021021178742282
TVQHIBBITLLBPD-UHFFFAOYSA-N,O=C1NC=2C=CC=CC2C3(O)C(=O)NC=4C=CC=CC4C13,4.602583841090077e-08,0.0012951699001842
MMGHAYAESBNGFM-UHFFFAOYSA-N,O=C(O)CCC=C(CNC)CCCCCCCCC1C=C(CO)CC1,1.3868834336060938e-07,4.516294917162672e-06
FKQXRNWHPITKMH-UHFFFAOYSA-N,O=C(N1CCSCC1)CCC(C)C2CCC3C4CCC5CC(O)CCC5(C)C4CC(O)C23C,1.9830574296183876e-06,0.0002495579247346
HEMSJKZDHNSSEW-UHFFFAOYSA-N,O=C(O)C1=C(O)C=C(OC(=O)C=2C(O)=CC(O)=CC2C)C=C1C,3.097010558506209e-07,1.6739049736106493e-05
GBJDIKSFLQFQKL-UHFFFAOYSA-N,O=CC12CC34C5OC(CC6=CC=CC(=C6)CC7CCC(C7)C(C)C8CCC5C2(O)C(C8)C(O)C9(O)C1CCC%10%11CC%12(C#CC%13=CC=CC(=C%13CC(NC)C%14CC(CC9%10O)C%11C%15=CC(=O)OC%15%14)CO)CCC(CC=%16C=CC=CC%16)C%12)CC4CC%17CC(C=%18C=CC=CC%18)CCC%173,5.531410650727777e-07,0.0003552879083659
FAMHVDBYLLBZKI-UHFFFAOYSA-N,O=C1C2OC3(OCC(C)C(O)C3O)C(CO)C2C4(C)CCC5C(CC=C6CC(O)CC(OC7OCC(O)C(OC8OCC(O)C(O)C8O)C7OC9OC(C)C(O)C(OC%10OCC(O)(CO)C%10O)C9O)C65C)C14,2.130068367574158e-05,0.0013577826186108
PZHSASCBYIIZLV-UHFFFAOYSA-N,OC(=NCCC1=CNC=2C=CC=CC21)CCCCCCCCCCCCCCO,2.719057586644452e-07,0.0001193831956608
GFTRTMUGNRZABD-UHFFFAOYSA-N,O=C1OCC(OC2OC(C)C(N(C)C)C(O)C2)C=3C#CC4=CC(OC=5C=CC(=NC5Cl)CC1N=C(O)C=6C=C7C(OC)=C(OC)C(OC(C)C)=CC7=CC6O)C(OC8OC(C)C(O)C(O)(C)C8)C94OC9C#CC3,1.2823780157289716e-05,0.0366984472563931
RMOLHIGRBORNDB-UHFFFAOYSA-N,O=C(OCC1C2=CC=C3C=4C(OCO)=CC(O)=CC4CC56C3=C2OC1C7=C8C=CC9NC%10CCCC(CSSCC9OC8=C(O)C%11=C7C%12C#CC=%13NC(N)C=CC%13C(CC=%14C=CC=C(C%14)CC(C#C%12)C(COC)CCNC%11)C(CC5)C6)C%10)C,1.6807633949728992e-05,0.0004089603203834
JHGLIHMJUOGAMR-UHFFFAOYSA-N,O=C1C=C(OC2=CC(O)=C(O)C=C12)C=3C=C(OC)C=4OCOC4C3,1.000060330956694e-05,0.0001634670372335
ITBVNMLBVSURSR-UHFFFAOYSA-N,O=C1C=C(OC=2C1=C(OCCC(O)C=CC=3C=CC=CC3)C(OC)=C4OCC(CO)CC5=CC=C(C=C5N=C(N)N)C67CC89C%10=C(C=CC%11=CC%12=CC=CC%13=C%12C(=C%11%10)C(CC%13)C8)C=CC9C7C#CC%14CCC%15CCC%14C%15(C%16=CC=%17C%18=CC=CC(=C%18)CC(C#CC%19NCCN(C%17N%16)C%196)C24)C)C=%20C=CC(O)=CC%20,0.0017575657898439,0.0032951750874948
VIMNAWNGSPQUIP-UHFFFAOYSA-N,O=C(OC1CCC2(C)C3CC=4OC=CC4C(C(=O)OC)C3C(O)C(OC(=O)C)C2(O)C1(C)C)C=5C=CC=CC5,3.955988197374314e-07,0.0002616295757267
XIDABDMLGQKFPN-UHFFFAOYSA-N,O=C1C(=C2CCC(O)(C)C3(CCC(C(=CC=CC(=C)C(O)CC=C(C)C)CO)C3O)C2CCC(O)CC4=CC=CC(=C4)CC(C(O)CNC5C(=O)NC(N)C=6C=CC=C(C65)C1)C(C7=CC=C(O)C=C7)CN=C(N)N)C8CCCCC8,1.0883107187906856e-05,0.0032963720461159
VVOQUOYGZOPTET-UHFFFAOYSA-N,O=C(NCC=1OC=CC1)CC2C(O)CCC3C4(C)COC(OC4CCC23C)CC=5C=CC=CC5,5.824669569714123e-06,0.0001017202855675
YVHOBXVKWCUWAD-UHFFFAOYSA-N,O=C1C(OC=2C1=CC=C(O)C2CN(C)C)=CC=3SC=CC3,6.753398413665571e-07,7.80342956995312e-05
KPRCBOWWIIMPHB-UHFFFAOYSA-N,S=C(NC(C1=CC=C(C=C1)CC)C)NC(C=2C=CC=CC2)(C=3C=CC=CC3)C=4C=CC=CC4,1.9036431684170017e-06,0.0003183859888518
DFGVERBOYCCVQF-UHFFFAOYSA-N,O=CC12CC3(CCC4CC(C=5C=CC=CC5)CCC43)C(O)C6CCC(CC(C(O)C7(O)C1CCC89CC%10(C#CC%11=CC=CC(=C%11CC(NC)C%12CC(CC78O)C9C%13=CC(=O)OC%13%12)CO)CCC(CC=%14C=CC=CC%14)C%10)C62O)C(C)C%15CCCC%15,4.668359077059743e-06,0.0005384863489941
UQJQLNIDBWYKIP-UHFFFAOYSA-N,OC1=CC=CC(=C1)CC2=CC(=CC=C2O)CCC3C#CC4=CC(NC5=C4COC(CCC3)CC(O)C6CC=7C(=CC(O)=C(OCC8=CC(=CC9=CN5C=C98)C%10%11C=%12C%13=CC=CC%12CCC%11C%14(OCC%10CC%13)CCCCC%14)C7C(CCCO)C6)CO)NCOC,0.0042783967159654,0.0107494957233573
AYKYXWQEBUNJCN-UHFFFAOYSA-N,O=C1OC(=O)C(=C1)C,8.895060235274042e-09,5.366063837413215e-05
OABOXRPGTFRBFZ-UHFFFAOYSA-N,O=C(O)C(NC(=O)C(N)CS)CS,3.912310709260289e-08,3.717726150619095e-06
AQSQFWLMFCKKMG-UHFFFAOYSA-N,O=C(NCCCC)NCCCC,1.780243101013745e-08,2.696048506478489e-06
FYADCZYVWPMYFR-UHFFFAOYSA-N,O=C1OC(C=CC(=CC)C)=C(C(OC)=C1)C,3.3082248877414084e-08,3.285810917199481e-05
FUUBBPBQJSJZFW-UHFFFAOYSA-N,O=C(OC1C2OC2(C)C3C(OC=CC13O)OC4OC(CO)C(O)C(O)C4O)C=CC5=CC=C(O)C=C5,6.895767352211602e-07,0.0003862722571619
RBDIFFRZCRBOLT-UHFFFAOYSA-N,N1=CN(C=2N=C(N=C(OC)C12)N(C)C)C,5.405602488270223e-08,0.0007516780587037
WZYGTIWHULFYCY-UHFFFAOYSA-N,O=CC1CC2SSCC3=CC(CO)C(OC(=O)C(=CC)CCO)(C)C4(OC5=CC=6OC(=O)C(=CC6C=C5C4)CCCO)C3C=7C=C(N)NCC7CC(=O)N8CC(C1NC)C82,2.1502515194982176e-06,0.0008222274649166
HAFSHPGCWNAKCC-UHFFFAOYSA-N,O=C(NC1=CC=C(F)C=C1)N2CC3C4=CC=C(NC(=O)CN(C)C)C(=O)N4CC(C2)C3,2.2556101538880495e-07,3.913679174465741e-05
QOBWAHGNXHPTJC-UHFFFAOYSA-N,O=C1C2=CC=3OCOC3C=C2C4=CC(=CC(OC(CO)CO)=C4N1CCN)CCC,4.071179881043691e-07,0.0001349257182102
NYHXTPQLAAKBHA-UHFFFAOYSA-N,O=C1C=CC(C=2C=NC=CC2)=C3N1CC4CN(CC5=CN(C=6C=CC=CC65)C)CC3C4,2.564559550547401e-07,0.0005275591645951
ZXVICOZMSIYHRN-UHFFFAOYSA-N,O=C(OC1CC2=C(O)C=3C(=O)C=C(OC3C4=C2OC1(C)C5CC6=CNC(C=C6CCC5C7C8=C(N)NCC=C8C4C(C9=CC(O)=CC=C9CC7)CO)NCC)CO)C(=CC)C%10(O)CC%11C%12=CC=CC%13=C%12C(CC%10C%11)CC%14C(CO)CCC%13%14O,9.559117511025564e-06,0.0002876393579761
NFDNSARRQSCCOG-UHFFFAOYSA-N,O=C1OC2=CCC3(CCC(C3)C(NCC(O)C)C=4C=C(C=C(C4)CCNC5C=CC67CCC2=C1C6C89C(OC(=O)C9=C(C=%10C=C(O)C=CC%10C=%11C=CC=C5C%11)C7CC8)=CC(CC=%12C=CC=CC%12)CC)CNC)C%13CCNC(NC)C%13,6.633905683268321e-06,0.0004654756174683
DMIAMWRCWMCODB-UHFFFAOYSA-N,O=C1OC=2C=C(OCC(=O)NCC3=CC=C(Cl)C=C3)C=CC2C(=C1)C=4C=CC=CC4,3.3765261603902447e-05,0.001209659973259
SRIVTICCVOYKPI-UHFFFAOYSA-N,O=C(OC1CCC23C4=CCC5(C)C(CCC5(C)C4CCC3(C1)C2)C(C=CC(C)C(C)C)C)C,6.35228897117144e-07,8.197402609226165e-05
IKSYBPLYPLDCSW-UHFFFAOYSA-N,OC1COC(OC2CC3=CCC4C(CCC5(C)C4CC6OC7(OCC(=C)CC7)C(C)C65)C3(C)C(O)C2)C(OC8OC(C)C(O)C(O)C8O)C1O,5.140454302716143e-07,0.0004918339757886
FVMLFEGQJDETJK-UHFFFAOYSA-N,OC=1N=C2C=NNC=C2C1,1.7638588503344185e-07,0.0011037253431729
JOESNULBPBARBJ-UHFFFAOYSA-N,O=C1OC23C4=C(OC=C4CCC3C#CC5CCC(CC=6C=CC=CC6)CC5C78C(O)C(=O)C9C%10%11OC%12%13C(=CC%10C%14%15CCC%16CCCC%16C%15CC=C%17C=CC%11CC%17%14)CC%18CC%19C=CC%20%13C(=O)OCC9%12C8C(CC%18%20C%19)CC2(C)C%217OC1%21)CC(C(O)CO)C%22CCC%23C(C=CN%24CNCC%24%23)C%22,0.0001107386353517,0.0041114028525956
XTMBFZRNGJTOFE-UHFFFAOYSA-N,O=C(OCCCC#CC#C)C=CC=CCCC#CC#C,6.672235370241215e-07,1.7404545033268034e-05
QKJMGMVEODCHCQ-UHFFFAOYSA-N,O=C1OC(CC(=C1COC2OC(CO)C(O)C(O)C2O)C)C(C)C3CCC4C5C6OC6C7(O)CC8OC8C(OC(=O)C)C7(C)C5CC(OC(=O)C)C34C,8.447526681359315e-07,0.0002935464267321
MNUSUYUWWCICIL-UHFFFAOYSA-N,O=C(OCC=1C=CC=CC1)N(C)C(C(=O)O)CC(=O)OCC=2C=CC=CC2,2.349841457421328e-07,7.262466300088212e-05
OADQHNPABUKHMI-UHFFFAOYSA-M,O=C([O-])[C]1[CH][NH+]([CH][C](C=CC2C(=COC(OC3OC(CO)C(O)C(O)(O)C3OC(C)C)C2C=C)C(=O)OC4CCCCC4)[C]1N=C(N)NCCCO)CCO,1.2462764854333818e-06,3.1749775092574207e-05
VCJCPIVKWWHJIG-UHFFFAOYSA-N,O=C1C2OC2(C)CCC1C(C)CCC=C(C)C,6.648575807423927e-07,0.0001743140085196
ABPXISKFLMGPJG-UHFFFAOYSA-N,O=C(C1=CC=C2OCOC2=C1)N3CCCCCC3,2.3879262592188185e-08,2.3333189840068865e-05
QKMAREIGOYKHRC-UHFFFAOYSA-N,OC1C(OC)C(C)C2CC(CCC(=C)C12)C(C)C,1.1679658278753493e-07,0.0001543181950017
BKDLTBPGTMXGMR-UHFFFAOYSA-N,OCCC(CCC(C)C1CC(O)C2C3CC(O)C4CC(O)CCC4(C)C3CCC12C)C(C)C,8.378931795273354e-06,0.0007375583024458
APIINTKEQVTJFJ-UHFFFAOYSA-N,O=C1OC(C=2C=COC2CC(C(O)CO)C3CCC4C(C=CN5CNCC54)C3)C6(C)CC7CC89CCCC9CC%10=CC(CC(C)C%11CCCC%11)C%12(OC%10%13C8C(=O)OCC%14%13C%12C(=O)C(O)C(C%15CCCC(CC=%16C=CC=CC%16)C%15)(C7%14)C%176OC1%17)C,0.0001895781713969,0.0006217583498
QSSICOOAJDSOCS-UHFFFAOYSA-N,O=C1C=CC(O)CCCC(C)CC=CC2C=C(C)C(C)C3C(N=C(O)C123)CC=4C=CC=CC4,4.649180679011567e-07,0.0017330851975547
QOWRRUMGFVBSIT-UHFFFAOYSA-N,O=C(OC1CC=2C(O)=CC(O)=C(C2OC1C3=CC(O)=C(O)C(O)=C3)CC4=C(O)C=C(O)C5=C4OC(C6=CC(O)=C(O)C(O)=C6)C(O)C5)C7=CC(O)=C(O)C(O)=C7,1.0827571427127865e-06,0.0032937500460509
IILULJQHPCSNET-UHFFFAOYSA-N,C(#CC#CC)C#CC=CC1OC=CC1,3.4658706862763956e-08,0.0001190165350696
SZYNJWAQHXVDTN-UHFFFAOYSA-N,O=C1OC(C)(C2OC(C)(C)CC2)C3(O)CCC4(C)C5C(=CC(O)C134)C6(C)CCC(OC7OCC(O)C(O)C7OC8OC(C)C(OC9OC(CO)C(O)C(OC%10OC(CO)C(O)C(OC)C%10O)C9O)C(O)C8O)C(C)(C)C6CC5,1.6765885637780102e-05,0.0001989440094036
FTOMSCDGEUZQRL-UHFFFAOYSA-N,O=C1OC(C)(CCCC(C)C)C2CCC3(C)C4C(=CC(O)C123)C5CCC(OC6OCC(OC7OC(CO)C(OCC8OC(CO)C(O)C(OC)C8O)C(O)C7O)C(O)C6OC9OC(C)C(OC%10OC(CO)C(O)C(OC%11OC(CO)C(O)C(OC)C%11O)C%10O)C(O)C9O)C(C)(C)C5CC4,7.1376210706564315e-06,4.965700478395703e-05
JHQJWAATPMMFRX-UHFFFAOYSA-N,O=C1OC2=CCC3(CC4CC(C#CCC(O)(C)CNC(C=5C=CC=C(C5)CCNCC6=CC=CC(=C6)C=7C=CC(O)=CC7C8=C9C(=O)OC(=CC(CC=%10C=CC=CC%10)CCO)C9%11CCC8C%12CCC2=C1C%12%11)C4C3)CO)C%13CCNC(NC)C%13,7.291318917816798e-06,0.0001962100462345
WAPDVZLSHHOCJF-UHFFFAOYSA-N,O=C(OC1CC2(C)C3CC=C4C5C(O)C(C)(C)CCC5(C(=O)OC6OC(COC7OC(CO)C(O)C(O)C7O)C(O)C(O)C6O)CCC4(C)C3(C)CCC2C(C)(C)C1O)C,1.0643343536425369e-06,0.0013028348105805
KPNGOCXLTVWHAC-UHFFFAOYSA-N,OC1C=C(C)CC=CC(C)(C)CC=C(C)C1,1.707477340201472e-07,0.0001533955761321
INRIEPNXESYULG-UHFFFAOYSA-N,O=C(O)C(CCCCCC1C=CC(CCCCC)CC1O)C(O)CCC2(O)CC(CC2CC3=CC=CN3)C4(C=5C=C(N)NCC5)CCCC4,1.047419758586511e-06,0.000273792902307
OQGNVHVHEVWZLC-UHFFFAOYSA-N,O=C1OC23C4=C(OC=C4CCC3C#CC5CCC(CC=6C=CC=CC6)CC5C78C(O)C(=O)C9C%10%11OC%12%13C(=CC%10C%14%15C=%16C=CC%17C%11C=CC(=CCC%14C%18CCCC%18C%16)C%17%15)CC%19CC%20(CCCC%20)CC%21%19CC(CC2(C)C%227OC1%22)C8C9%13COC(=O)C%12%21)CC(C(O)CO)C%23CCC%24C(C=CN%25CNCC%25%24)C%23,0.0001787553016983,0.0010158438690277
WRMRXPASUROZGT-UHFFFAOYSA-N,O=C(NC=1C(=CC=CC1C)C)CNCC,4.4992308320837574e-08,3.9794335281097586e-06
KCNZUVJWKRNYFI-UHFFFAOYSA-N,O=C1C2=C3CCC4C56CCCCC7(C(=O)C(C=8C=C(O)C=C(C8)CNC)C5)CCCCC(O)(C)CNC(CC4(C(CO)CCC9CCCC%10CCC(C(O)C%11OC%11(C)C%12CCCC%12C=%13C=CC=C(N)C%13)C2C9%10)C3(C)C1)C76,3.674318861003424e-06,0.0003137708005782
SURLGNKAQXKNSP-UHFFFAOYSA-N,N=1C=2C=CC1C=C3NC(=CC4=NC(C=C4)=CC5=CC=C(C2)N5)CC3,2.5155634275250076e-06,0.0157024058291756
ZBUBJXXTGLTVJY-UHFFFAOYSA-N,O=C(C)CCC(O)C1=CC=2OC=C(C2C=C1C)C,2.17773216185291e-07,1.8063692286124676e-05
LLNPYRJRCQLFFY-UHFFFAOYSA-N,O=C(O)CC(OC(=O)CC(OC1OC(CO)C(O)C(O)C1O)CCCCCCCCCCC)CCCCCCC,1.25014308414668e-07,2.1566647672333808e-05
HRWUAXHZSYGTMF-UHFFFAOYSA-N,N=C(O)OC1C(O)C(OC(CO)C1O)OC2C(O)C(O)C(OC2OC(C3=CN=CN3)C(N=C(O)C=4N=C(NC(=N)C4C)C(NCC(N)C(=N)O)CC(=N)O)C(O)=NC(C)C(O)C(C(O)=NC(C(O)=NCCC5=NC(=CS5)C6=NC(=CS6)C(O)=NCCCCN)C(O)C)C)CO,5.697136923855931e-05,6.981687010622782e-05
MYNRELUCFAQMFC-UHFFFAOYSA-N,O=C(NC1CC1)C2OC(N3C=NC=4C(=NC=NC43)N)C(O)C2O,5.652362495597634e-08,2.333214033336686e-05
KEIPKMLOEISKCN-UHFFFAOYSA-N,O=C(C=CC1=C(C(=O)CC(C)C1(C)C)C)C,2.0800328273391903e-05,4.466156402208674e-05
HPAGXLBCLUUXRW-UHFFFAOYSA-N,O=C(OCC1OC(OC2(OC(CO)C(O)C2OC(=O)C=CC3=CC=C(O)C(OC)=C3)CO)C(O)C(O)C1OC(=O)C)C=CC4=CC=C(O)C(OC)=C4,1.8292822398263008e-06,0.0003061683447249
XQFMVGQXNIAIRE-UHFFFAOYSA-N,O=C(O)C=C(C)CCC1(O)C(=C)CC(O)C2C(C)(COC(=O)CCCC)C(OC(=O)CCCC)CCC21C,1.686257028857969e-07,6.527039203781184e-05
QVGNDSWLFVFADB-UHFFFAOYSA-N,O=C(NCCC1=CC=2C=CC(OC)=CC2N1C)C,2.05017690564195e-05,4.524169033652006e-05
XYGIMDGTRYIKJF-UHFFFAOYSA-N,O=C(OC(C)(C)C1CCC2(C)C1CCC3(C)C2CCC4C5(C)CCCC(C)(C)C5CCC43C)C,1.650052436943424e-07,0.0001404520564863
LXCNPSDULNZQOW-UHFFFAOYSA-N,O=C(OCC12CCC(C(=C)C)C2C3CCC4C5(C)CCC(O)C(C)(C)C5CCC4(C)C3(C)CC1)C=CC=6C=CC=CC6,6.864128812068273e-07,0.0006079205674481
AUKXCXNBZZBNMK-UHFFFAOYSA-N,O=C1OC2=CCC3(CCC(CC=4C=C(C=C(C4)CCNCC5=CC=CC(=C5)C=6C=CC(O)=CC6C7=C8C(=O)OC(=CC(CC=9C=CC=CC9)CC)C8%10CCC7C%11CCC2=C1C%11%10)CNCCC)C3)C%12CCNC(NC)C%12,1.4589931843066026e-05,0.0001725267905643
HRDYPBCEQTVWCP-UHFFFAOYSA-N,O=C(OC1CC(=CCCC(=CC2OC(=O)C(=C)C21)C)CO)C(=CC)COC(=O)C,1.670212342329874e-07,0.0001109737085614
PVHQAZJOMXPXKJ-UHFFFAOYSA-N,O=C(NCC1N2CCC(C1)C(CN3CCN(C=4C=CC=CC4OC)CC3)C2)C5=CC=C(C=C5)C(F)(F)F,2.102648280721325e-06,0.0003814007108117
DTUUPLDKCMKMKW-UHFFFAOYSA-N,O=C(N)C(=CCCC12COC3(O)CC2CC1C3C)C,4.311704854059442e-08,0.0002178936141219
