CAS,SMILES,Log2FoldChange,mLogPvalue
78110-38-0,CC1C(NC(=O)C(=NOC(C)(C)C(=O)O)c2csc(N)n2)C(=O)N1S(=O)(=O)O,0.237362781,0.672573717
64820-99-1,CC1OC(OC2C(c3c(O)cc(O)c4c(=O)cc(-c5ccc(O)cc5)oc34)OC(CO)C(O)C2O)C(O)C(O)C1O,0.592522045,1.413704896
537-73-5,COc1ccc(C=CC(=O)O)cc1O,-0.27109463,0.472438829
41093-60-1,C=C1CC23CCC4C(C)(C(=O)O)CCCC4(C)C2CCC1(OC1OC(CO)C(O)C(O)C1OC1OC(CO)C(O)C(O)C1O)C3,1.482419995,1.199613334
520-36-5,O=c1cc(-c2ccc(O)cc2)oc2cc(O)cc(O)c12,-0.727003866,2.938498467
488-82-4,OCC(O)C(O)C(O)CO,-0.138694623,0.404973105
33419-42-0,COc1cc(C2c3cc4c(cc3C(OC3OC5COC(C)OC5C(O)C3O)C3COC(=O)C23)OCO4)cc(OC)c1O,-0.133799832,0.198179376
88515-58-6,CC1CCC2(C(=O)OC3OC(CO)C(O)C(O)C3O)CCC3(C)C(=CCC4C5(C)CC(O)C(O)C(C)(C)C5CCC43C)C2C1(C)O,0.519612511,0.352702058
111-01-3,CC(C)CCCC(C)CCCC(C)CCCCC(C)CCCC(C)CCCC(C)C,-0.103810108,0.251191994
548-19-6,COc1ccc(-c2cc(=O)c3c(O)cc(O)c(-c4cc(-c5cc(=O)c6c(O)cc(O)cc6o5)ccc4OC)c3o2)cc1,0.481880067,0.654766756
16176-68-4,COc1cc2c(cc1OC)-c1cc3ccc(OC)c(O)c3c[n+]1CC2,-0.433358095,1.488205533
7061-54-3,O=C(CCc1ccc(O)cc1)c1c(O)cc(O)cc1OC1OC(CO)C(O)C(O)C1O,0.2803494,0.878655228
2642-37-7,O=S(=O)(O)Oc1c[nH]c2ccccc12,-0.203861409,0.18676342
58880-19-6,CC(C=CC(=O)NO)=CC(C)C(=O)c1ccc(N(C)C)cc1,1.855576907,6.201431935
3943-74-6,COC(=O)c1ccc(O)c(OC)c1,-0.061282942,0.036258871
41060-15-5,CC(C)=CCc1cc(-c2coc3cc(O)ccc3c2=O)ccc1O,-1.06814234,4.66688053
5058-13-9,CC=C(C)C(=O)OC(C)(C)C1Cc2c(ccc3ccc(=O)oc23)O1,0.689362296,0.547496073
591-12-8,CC1=CCC(=O)O1,0.093383246,0.094796813
3606-45-9,CN1Cc2c(ccc3c2OCO3)-c2ccc3cc4c(cc3c21)OCO4,0.506181827,0.511289136
32619-42-4,CC=C1C(OC2OC(CO)C(O)C(O)C2O)OC=C(C(=O)OC)C1CC(=O)OCCc1ccc(O)c(O)c1,0.036818359,0.039406045
2088-71-3,CC12CCC(=O)C=C1CCC1C2CCC2(C)C(OC(=O)c3ccccc3)CCC12,-0.085471759,0.162211356
62-57-7,CC(C)(N)C(=O)O,0.008119871,0.012681371
480-39-7,O=C1CC(c2ccccc2)Oc2cc(O)cc(O)c21,-0.642341325,1.054398797
99-24-1,COC(=O)c1cc(O)c(O)c(O)c1,-0.134345,0.258380656
13063-54-2,COc1cc2c(cc1O)CCN1Cc3c(ccc(OC)c3OC)CC21,0.667776452,1.50033828
465-16-7,COC1CC(OC2CCC3(C)C(CCC4C3CCC3(C)C(C5=CC(=O)OC5)C(OC(C)=O)CC43O)C2)OC(C)C1O,-6.367305989,8.212720507
125697-92-9,O=C(O)c1cc(N(Cc2ccccc2O)Cc2cc(O)ccc2O)ccc1O,-0.167827522,0.156464058
604-69-3,CC(=O)OCC1OC(OC(C)=O)C(OC(C)=O)C(OC(C)=O)C1OC(C)=O,-0.435604316,0.897387482
87205-99-0,Cc1cccc2c3c(ccc12)C1=C(C(=O)C3=O)C(C)CO1,0.3414181,0.66049674
91-56-5,O=C1Nc2ccccc2C1=O,-0.394872762,0.852350942
81-54-9,O=C1c2ccccc2C(=O)c2c(O)c(O)cc(O)c21,-0.223047448,0.280477846
57-83-0,CC(=O)C1CCC2C3CCC4=CC(=O)CCC4(C)C3CCC12C,-0.035991021,0.130896747
58543-16-1,C=C1CC23CCC4C(C)(C(=O)OC5OC(CO)C(O)C(O)C5O)CCCC4(C)C2CCC1(OC1OC(CO)C(O)C(OC2OC(CO)C(O)C(O)C2O)C1OC1OC(CO)C(O)C(O)C1O)C3,-0.653611486,1.170473781
78821-43-9,CC(C)C(C)C(O)C(O)C(C)C1CCC2C3COC(=O)C4CC(O)C(O)CC4(C)C3CCC12C,0.002703145,0.002168224
61-90-5,CC(C)CC(N)C(=O)O,-0.023013472,0.05626247
2524-37-0,CCOC(=O)c1c(C)cc(O)cc1O,0.139546398,0.316760044
19408-46-9,CC1OC(OC2C(O)C(O)C(O)C(O)C2O)C(N)CC1N=C(N)C(=O)O,0.564829623,1.245235679
816-66-0,CC(C)CC(=O)C(=O)O,-0.204995466,0.206437797
542-32-5,NC(CCCC(=O)O)C(=O)O,0.072721174,0.153529683
126054-77-1,CC(C)(OC1OC(CO)C(O)C(O)C1O)C1CCC(O)(CO)C2CC(=O)C(C)(O)C2C1,-0.009280898,0.017648366
109-43-3,CCCCOC(=O)CCCCCCCCC(=O)OCCCC,-0.201539408,0.374359243
6025-53-2,CC(=CCNc1ncnc2c1ncn2C1OC(CO)C(O)C1O)CO,0.006263645,0.010093872
589-68-4,CCCCCCCCCCCCCC(=O)OCC(O)CO,0.546339265,1.361657376
2450-53-5,O=C(C=Cc1ccc(O)c(O)c1)OC1CC(O)(C(=O)O)CC(OC(=O)C=Cc2ccc(O)c(O)c2)C1O,0.910828891,1.404522184
38647-11-9,CC(C)C12OC1C1OC13C1(C)CCC4=C(COC4=O)C1CC1OC13C2=O,-6.998626701,8.263488871
87-66-1,Oc1cccc(O)c1O,-0.071121865,0.157719087
84-80-0,CC(=CCC1=C(C)C(=O)c2ccccc2C1=O)CCCC(C)CCCC(C)CCCC(C)C,-0.216011318,0.408666186
3387-36-8,O=c1ccn(C2OC(COP(=O)(O)O)C(O)C2O)c(=O)[nH]1,0.184323154,0.398516864
38748-32-2,CC(C)C12OC1C1OC13C1(C)CCC4=C(COC4=O)C1CC1OC13C2O,-7.680721298,8.272820143
1258-84-0,COC(=O)C1(C)CCC2(C)CCC3(C)C4=CC=C5C(=CC(=O)C(=O)C5C)C4(C)CCC3(C)C2C1,-4.059963457,7.226642679
59122-93-9,O=C(C=Cc1ccc(O)cc1)c1ccc(OC2OC(CO)C(O)C(O)C2O)cc1O,0.211320239,0.487832124
22255-13-6,O=c1c(OC2OCC(O)C(O)C2O)c(-c2ccc(O)c(O)c2)oc2cc(O)cc(O)c12,0.163966471,0.103442366
59-30-3,Nc1nc2ncc(CNc3ccc(C(=O)NC(CCC(=O)O)C(=O)O)cc3)nc2c(=O)[nH]1,-0.12770917,0.45691487
520-34-3,COc1ccc(-c2cc(=O)c3c(O)cc(O)cc3o2)cc1O,-0.412168096,0.910928021
65666-07-1,COc1cc(C2Oc3cc(C4Oc5cc(O)cc(O)c5C(=O)C4O)ccc3OC2CO)ccc1O,-0.143454038,0.465396205
58479-68-8,CC1OC(OC2C(OC(=O)C34CCC(C)(C)CC3C3=CCC5C6(C)CC(O)C(OC7OC(CO)C(O)C(O)C7O)C(CO)(CO)C6CCC5(C)C3(C)CC4O)OCC(O)C2O)C(O)C(O)C1OC1OCC(O)C(OC2OCC(O)(CO)C2O)C1O,-0.038857831,0.065450752
98243-57-3,CC1CCC2C(C)C3CCC4C(CC5C4CC(O)C4CC(O)CCC45C)C3CN2C1,-0.417916976,0.442549564
21770-81-0,CN=C(N)N,0.781915902,0.919293436
5988-19-2,O=C1CC(C(=O)O)NC(=O)N1,-0.83523826,2.771302346
80681-44-3,Cc1cc(=O)c2c(O)c3c(cc2o1)OC(C)(C)C(OC1OC(CO)C(O)C(O)C1O)C3,-0.504805603,0.468005464
17924-92-4,CC1CCCC(=O)CCCC=Cc2cc(O)cc(O)c2C(=O)O1,-2.340430151,7.382636092
144506-15-0,COc1c(C=CC(=O)c2ccc(O)c(CC=C(C)C)c2)ccc(O)c1O,0.586193015,2.315027216
13057-72-2,O=c1c(-c2ccccc2)coc2cc(O)ccc12,0.436651209,0.391142873
611-59-6,Cn1c(=O)[nH]c2ncn(C)c2c1=O,0.277437265,0.180011547
123940-54-5,COc1c(O)c2c(=O)cc(OC)c3c4c(OC)cc(=O)c5c(O)c(OC)c6c(c(c1CC(C)=C6C(C)=O)c23)c54,-2.338131867,4.961098244
1324005-51-7,CC(=O)OC1COC(OC2CCC34CC35CCC3(C)C(C6(C)CCC(C(C)(C)O)O6)C(O)CC3(C)C5CC(OC3OC(CO)C(O)C(O)C3O)C4C2(C)C)C(O)C1OC(C)=O,0.350631781,0.390162843
25990-60-7,O=CC(O)C(O)C(O)CO,-0.226901742,0.416888705
18524-94-2,COC(=O)C1=COC(OC2OC(CO)C(O)C(O)C2O)C2C1CC(O)C2C,0.250187814,0.686661963
136087-29-1,COc1ccc(C2COc3cc(OC4OC(CO)C(O)C(O)C4O)ccc3C2)c(O)c1OC,0.364926579,1.356320205
24697-74-3,COc1cc(C(=O)OCCCCN=C(N)N)cc(OC)c1O,-0.226753629,0.856504721
6859-01-4,CCC1CN2CCC3(C(=O)Nc4ccccc43)C2CC1C(=COC)C(=O)OC,-0.007094528,0.005991419
51415-02-2,CC1(C)CCC2(C(=O)OC3OC(CO)C(O)C(O)C3O)CCC3(C)C(=CCC4C5(C)CCC(OC6OC(C(=O)O)C(O)C(O)C6O)C(C)(C)C5CCC43C)C2C1,-0.755838503,2.542343768
13463-28-0,CC1OC(OCC2OC(Oc3cc(O)c4c(c3)OC(c3ccc(O)c(O)c3)CC4=O)C(O)C(O)C2O)C(O)C(O)C1O,-0.285532193,0.602748923
514-39-6,CC12CCC(O)CC1(O)CCC1C2CCC2(C)C(C3=CC(=O)OC3)CCC12O,-6.154159196,8.210754764
139891-98-8,COc1cc(C=CC(=O)OCC2OC(OC3(CO)OC(CO)C(O)C3OC(=O)C=Cc3cc(OC)c(O)c(OC)c3)C(O)C(O)C2O)cc(OC)c1O,-0.014246523,0.022784656
54-71-7,CCC1C(=O)OCC1Cc1cncn1C,0.861667327,1.896964718
66575-29-9,C=CC1(C)CC(=O)C2(O)C(C)(O1)C(OC(C)=O)C(O)C1C(C)(C)CCC(O)C12C,1.290067422,6.110747562
2034-69-7,COc1cc2cc(Oc3ccc4ccc(=O)oc4c3)c(=O)oc2cc1O,-0.280884245,0.826008289
82508-31-4,COC(=O)C1=CCC23CCC(C(C)(C=CC=C(C)C(=O)O)OC2=O)C3(OC(C)=O)CC1,-0.084824967,0.172006445
50-69-1,O=CC(O)C(O)C(O)CO,0.342291045,0.773385895
241125-81-5,O=c1c2cc(O)ccc2oc2cc(O)c(C3OC(CO)C(O)C(O)C3OC3OCC(O)(CO)C3O)c(O)c12,0.013020122,0.039482619
6133-30-8,NC(N)=NC(CC(=O)O)C(=O)O,-0.245813943,0.411304577
17575-22-3,CC(=O)OC1CC(OC2C(O)CC(OC3C(O)CC(OC4CCC5(C)C(CCC6C5CC(O)C5(C)C(C7=CC(=O)OC7)CCC65O)C4)OC3C)OC2C)OC(C)C1OC1OC(CO)C(O)C(O)C1O,-6.094820113,8.17538394
1362-42-1,CC1=CC2C3C4C(=C(C)C3C13C1OC(=O)C(C)C1CCC(C)(O)C23)C1OC(=O)C(C)C1CCC4(C)O,-0.83441972,3.260441178
93-07-2,COc1ccc(C(=O)O)cc1OC,-0.211844974,0.700099034
33626-08-3,COc1ccc(C=Cc2cc(O)cc(O)c2)cc1,0.978758068,0.65654155
3567-69-9,O=S(=O)(O)c1ccc(N=Nc2cc(S(=O)(=O)O)c3ccccc3c2O)c2ccccc12,0.475431311,1.606575385
520-18-3,O=c1c(O)c(-c2ccc(O)cc2)oc2cc(O)cc(O)c12,-1.647350893,6.351675551
7085-55-4,CC1OC(OCC2OC(Oc3c(-c4ccc(OCCO)c(OCCO)c4)oc4cc(OCCO)cc(O)c4c3=O)C(O)C(O)C2O)C(O)C(O)C1O,-0.034593185,0.072012018
58546-56-8,COc1cc2c(c(OC)c1OC)-c1c(cc3c(c1OC)OCO3)CC(C)C(C)(O)C2OC(=O)c1ccccc1,0.032251489,0.045253139
12650-69-0,CC(=CC(=O)OCCCCCCCCC(=O)O)CC1OCC(CC2OC2C(C)C(C)O)C(O)C1O,-0.225957955,0.490130856
71486-22-1,CCC1=CC2CN(C1)Cc1c([nH]c3ccccc13)C(C(=O)OC)(c1cc3c(cc1OC)N(C)C1C(O)(C(=O)OC)C(OC(C)=O)C4(CC)C=CCN5CCC31C54)C2,0.355181865,1.56837413
62996-74-1,CNC1CC2OC(C)(C1OC)n1c3ccccc3c3c4c(c5c6ccccc6n2c5c31)C(=O)NC4,-5.76447852,6.981377974
71963-77-4,COC1OC2OC3(C)CCC4C(C)CCC(C1C)C24OO3,0.024317019,0.036202821
117060-54-5,O=c1c(-c2ccc(O)c(O)c2)coc2c(C3OC(CO)C(O)C(O)C3O)c(O)ccc12,0.80295351,0.549613722
20784-60-5,COc1cc(O)c(C(=O)C=Cc2ccc(O)cc2)cc1CC=C(C)C,-0.243940448,0.196942611
75629-19-5,CC(C)=CCc1c(-c2ccc(O)cc2O)oc2c(C3C=C(C)CC(c4ccc(O)cc4O)C3C(=O)c3ccc(O)cc3O)c(O)cc(O)c2c1=O,0.506867914,0.903983329
115841-09-3,O=C(C=Cc1ccc(O)c2oc(-c3ccc(O)c(O)c3)cc12)OC(Cc1ccc(O)c(O)c1)C(=O)O,0.22693103,0.288962734
52-90-4,NC(CS)C(=O)O,-0.104497789,0.337638488
88-09-5,CCC(CC)C(=O)O,-0.061846087,0.071488138
464-74-4,CC12CCC(O)CC1CCC1C2C(O)C(=O)C2(C)C(c3ccc(=O)oc3)CCC12O,-8.547274507,7.115671718
40246-10-4,COc1cc2c(=O)c(-c3ccc(O)cc3)coc2cc1OC1OC(CO)C(O)C(O)C1O,-0.181741345,0.480366041
42155-08-8,O=c1ccn(C2CC(O)C(COP(=O)(O)O)O2)c(=O)[nH]1,-0.115124568,0.212547346
7380-40-7,CC(C)=CCCC(C)=CCOc1c2ccoc2cc2oc(=O)ccc12,-0.213288972,0.34065669
22964-77-8,COc1c2c(nc3ccccc13)OC(C(C)(O)CO)C2,0.744592876,2.1698724
6384-92-5,CNC(CC(=O)O)C(=O)O,0.053782087,0.080011539
103654-50-8,O=c1c(-c2ccc(O)cc2)coc2c(C3OC(COC4OCC(O)(CO)C4O)C(O)C(O)C3O)c(O)ccc12,0.117667936,0.145742761
476-28-8,OC1C=C2CCN3Cc4cc5c(cc4C(C1O)C23)OCO5,-2.739414337,7.579064138
556-82-1,CC(C)=CCO,-0.136827621,0.333583684
63-89-8,CCCCCCCCCCCCCCCC(=O)OCC(COP(=O)([O-])OCC[N+](C)(C)C)OC(=O)CCCCCCCCCCCCCCC,-0.309892982,0.664387405
465-39-4,CC12CCC(O)CC1CCC1C2CCC2(C)C(c3ccc(=O)oc3)CC3OC312,-2.587420376,7.340458629
5993-18-0,CC1(C)Oc2cc3oc(=O)ccc3cc2CC1O,-0.459361765,0.74429899
6151-40-2,C=CC1CN2CCC1CC2C(O)c1ccnc2ccc(OC)cc12,-0.23912991,0.239851325
3196-73-4,COC(=O)CCN,0.387887007,0.588419819
98-79-3,O=C1CCC(C(=O)O)N1,0.288786423,0.716623566
2883-98-9,CC=Cc1cc(OC)c(OC)cc1OC,-0.345648456,1.427537223
487-11-6,C=CCc1cc(OC)c(OC)c(OC)c1,0.004513032,0.019169318
47592-59-6,OC1COC(OC2COC(OC3COC(O)C(O)C3O)C(O)C2O)C(O)C1O,-0.05583564,0.037414722
548-77-6,COc1c(O)cc2occ(-c3ccc(O)cc3)c(=O)c2c1O,0.58140526,1.287229005
74058-71-2,CCCCCCCCCCCCCCCC(=O)NCc1ccccc1,-0.093019082,0.163414206
30220-46-3,CC1=CC23C(=O)C(C=C(CO)C(O)C2(O)C1O)C1C(CC3C)C1(C)C,0.113203705,0.152219196
96553-02-5,COC(=O)C1OC(OC2CCC3(C)C(CCC4(C)C3CC=C3C5CC(C)(C)CCC5(C(=O)O)CCC34C)C2(C)C=O)C(O)C(O)C1O,0.087501863,0.526092447
528-58-5,Oc1cc(O)c2cc(O)c(-c3ccc(O)c(O)c3)[o+]c2c1,0.079320799,0.086872159
36653-82-4,CCCCCCCCCCCCCCCCO,-0.152591563,0.358492093
551-15-5,O=C1CC(c2ccc(OC3OC(CO)C(O)C(O)C3O)cc2)Oc2cc(O)ccc21,-0.159543234,0.431593254
1187-84-4,CSCC(N)C(=O)O,0.846712695,1.930154156
13137-64-9,COC1CC(OC2CCC3(C)C4CCC5(C)C(C6=CC(=O)OC6)CCC5(O)C4CCC3(O)C2)OC(C)C1OC1OC(CO)C(O)C(O)C1O,-7.470873601,8.276244074
33464-71-0,COc1ccc(CC2COC(=O)C2(O)Cc2ccc(OC3OC(CO)C(O)C(O)C3O)c(OC)c2)cc1OC,-2.154036573,5.834504752
21422-04-8,CC(C)=CCc1cc2ccc(=O)oc2cc1O,0.091302574,0.232471344
5240-95-9,CC(C)(O)CCc1c(O)cc(O)c2c(=O)c(O)c(-c3ccc(O)cc3)oc12,-2.289506097,7.400446531
65-19-0,COC(=O)C1C(O)CCC2CN3CCc4c([nH]c5ccccc45)C3CC21,0.727326356,1.595905291
483-90-9,COc1cc2oc(=O)ccc2c(OC)c1CC(O)C(C)(C)O,1.570067492,1.6657316
616-04-6,CN1CC(=O)NC1=O,0.199180619,0.420175351
73-24-5,Nc1ncnc2nc[nH]c12,0.510772589,2.683203544
569-90-4,COc1c(OC2OC(CO)C(O)C(O)C2O)cc2oc(-c3ccc(O)c(O)c3)cc(=O)c2c1O,0.911659511,0.839454689
492-27-3,O=C(O)c1cc(=O)c2ccccc2[nH]1,0.127565883,0.129797222
5495-84-1,CC(C)c1ccc2sc3ccccc3c(=O)c2c1,0.016730767,0.022416308
480-10-4,O=c1c(OC2OC(CO)C(O)C(O)C2O)c(-c2ccc(O)cc2)oc2cc(O)cc(O)c12,-0.155741673,0.143007129
527-95-7,O=c1c(O)c(-c2ccc(O)cc2)oc2c(O)c(O)cc(O)c12,0.470380134,1.38222886
1128-08-1,CCCCCC1=C(C)CCC1=O,0.355153968,1.07980285
482-45-1,CC(C)=CCOc1c2ccoc2cc2oc(=O)ccc12,-0.73014065,1.85674224
94-07-5,CNCC(O)c1ccc(O)cc1,-0.481303657,0.765706855
54-62-6,Nc1nc(N)c2nc(CNc3ccc(C(=O)NC(CCC(=O)O)C(=O)O)cc3)cnc2n1,-3.089329209,7.695650103
2571-81-5,C=C1C(=O)OC2C1CCC(C)C1(O)CCC(=O)C21C,-0.083321029,0.103695339
31721-94-5,O=c1ccoc2cc(O)cc(O)c12,-0.569518216,1.098218389
79-14-1,O=C(O)CO,0.018345317,0.027705946
652-37-9,Cn1c(=O)c2c(ncn2CC(=O)O)n(C)c1=O,-0.432615587,1.731224552
65-23-6,Cc1ncc(CO)c(CO)c1O,0.504833378,1.647768812
26146-27-0,C=C1C2CC2C2(C)Cc3occ(C)c3C(O)C12,-0.073736814,0.074832997
524-15-2,COc1c2ccoc2nc2c(OC)cccc12,0.003219467,0.004074959
487-54-7,O=C(O)CNC(=O)c1ccccc1O,-0.010884916,0.024881557
2353-33-5,Nc1ncn(C2CC(O)C(CO)O2)c(=O)n1,0.279062554,0.59657224
522-97-4,COc1ccc2c(c1OC)CN1CCc3cc4c(cc3C1C2)OCO4,-0.076650479,0.101178778
31635-99-1,O=C(O)C(O)(O)C(=O)O,-0.153800211,0.326267616
6099-03-2,COc1ccccc1C=CC(=O)O,-0.122672805,0.129623653
114-33-0,CNC(=O)c1cccnc1,0.026673956,0.0707189
480-64-8,Cc1cc(O)cc(O)c1C(=O)O,0.725571284,3.463241923
30315-93-6,CN(C)C(N)=NCCCC(N)C(=O)O,0.02985352,0.029458064
600-18-0,CCC(=O)C(=O)O,-0.101388786,0.192920453
13382-86-0,O=CC(O)C(O)C(O)C(O)COC1OC(COC2OC(CO)C(O)C(O)C2O)C(O)C(O)C1O,0.004464575,0.005186146
477-43-0,C=C1C(=O)OC2C1CCC(=C)C1CCC(=C)C12,0.045323485,0.019898592
131-99-7,O=c1[nH]cnc2c1ncn2C1OC(COP(=O)(O)O)C(O)C1O,-0.041984556,0.096175177
1401-55-4,O=C(OCC1OC(OC(=O)c2cc(O)c(O)c(OC(=O)c3cc(O)c(O)c(O)c3)c2)C(OC(=O)c2cc(O)c(O)c(OC(=O)c3cc(O)c(O)c(O)c3)c2)C(OC(=O)c2cc(O)c(O)c(OC(=O)c3cc(O)c(O)c(O)c3)c2)C1OC(=O)c1cc(O)c(O)c(OC(=O)c2cc(O)c(O)c(O)c2)c1)c1cc(O)c(O)c(OC(=O)c2cc(O)c(O)c(O)c2)c1,-0.511441358,1.005196764
545-48-2,CC1(C)CCC2(CO)CCC3(C)C(=CCC4C5(C)CCC(O)C(C)(C)C5CCC43C)C2C1,-0.52136185,1.085197629
29106-49-8,Oc1cc(O)c2c(c1)OC(c1ccc(O)c(O)c1)C(O)C2c1c(O)cc(O)c2c1OC(c1ccc(O)c(O)c1)C(O)C2,0.91764142,0.684700439
142-08-5,O=c1cccc[nH]1,0.161522322,0.189546385
107534-93-0,COc1cc(CC(C)C(C)Cc2ccc3c(c2)OCO3)ccc1O,0.340156756,0.172194802
661-19-8,CCCCCCCCCCCCCCCCCCCCCCO,0.042730743,0.134092357
11021-13-9,CC(C)=CCCC(C)(OC1OC(COC2OCC(O)C(O)C2O)C(O)C(O)C1O)C1CCC2(C)C1C(O)CC1C3(C)CCC(OC4OC(CO)C(O)C(O)C4OC4OC(CO)C(O)C(O)C4O)C(C)(C)C3CCC12C,0.001303869,0.001874043
646-30-0,CCCCCCCCCCCCCCCCCCC(=O)O,-0.297787784,0.552653508
67-47-0,O=Cc1ccc(CO)o1,0.16243757,0.328173689
57420-46-9,COC(=O)C1=COC(OC2OC(CO)C(O)C(O)C2O)C2C1C(O)CC2(C)OC(C)=O,0.070577281,0.084709295
99-10-5,O=C(O)c1cc(O)cc(O)c1,-0.157608169,0.314087926
465-21-4,CC12CCC(O)CC1CCC1C2CCC2(C)C(c3ccc(=O)oc3)CCC12O,-7.547566118,5.918341974
3486-66-6,c1c2c(cc3c1OCO3)-c1cc3ccc4c(c3c[n+]1CC2)OCO4,2.021951534,6.405662461
103-26-4,COC(=O)C=Cc1ccccc1,-0.019431428,0.041359002
611-71-2,O=C(O)C(O)c1ccccc1,-0.064076481,0.182859846
110642-44-9,COc1ccc(-c2oc3c(CC=C(C)C)c(OC4OC(CO)C(O)C(O)C4O)cc(O)c3c(=O)c2OC2OC(C)C(O)C(O)C2OC2OC(C)C(O)C(O)C2O)cc1,0.745105804,0.828249713
61-54-1,NCCc1c[nH]c2ccccc12,-0.116436171,0.27937349
120-73-0,c1ncc2[nH]cnc2n1,-0.475794438,0.679168028
1989-52-2,CCCCCCCCCCCCCC(=O)OC1CCC2(C)C(=CCC3C2CCC2(C)C(C(C)CCCC(C)C)CCC32)C1,0.833842835,1.289769728
74-79-3,NC(N)=NCCCC(N)C(=O)O,0.0633007,0.097006672
55-10-7,COc1cc(C(O)C(=O)O)ccc1O,0.345648121,0.331711455
80433-71-2,Nc1nc2c(c(=O)[nH]1)N(C=O)C(CNc1ccc(C(=O)NC(CCC(=O)O)C(=O)O)cc1)CN2,1.839903918,3.259646386
2221-67-2,CC1(C)Oc2ccc3ccc(=O)oc3c2CC1=O,0.04693549,0.358639117
6027-91-4,O=C(O)C1=CCCNC1,-0.278516445,0.701036538
620-02-0,Cc1ccc(C=O)o1,0.832376002,1.908721602
6024-85-7,COc1cc2c(cc1OC)C1Cc3ccc(OC)c(OC)c3CN1CC2,-1.044508566,3.298447626
17650-84-9,CC1OC(OCC2OC(Oc3c(-c4ccc(O)cc4)oc4cc(O)cc(O)c4c3=O)C(O)C(O)C2O)C(O)C(O)C1O,0.721251091,1.497087077
4759-48-2,CC(C=CC1=C(C)CCCC1(C)C)=CC=CC(C)=CC(=O)O,-0.070358557,0.094262118
58115-31-4,O=C(NC(Cc1ccccc1)C(=O)NC(CO)Cc1ccccc1)c1ccccc1,0.324349577,0.312605904
28282-25-9,CC(C)=CCCC(C(=O)O)C1CCC2(C)C3=C(CCC12C)C1(C)CCC(=O)C(C)(C)C1CC3,-0.883867864,2.955585137
218916-52-0,C=C1CCC2C(C=C(C)C(=O)C3(OC(C)=O)CC(C)C(OC(=O)c4ccccc4)C3C1OC(C)=O)C2(C)C,-0.756709575,2.160519017
737-52-0,CC1(C)OC1COc1c2ccoc2cc2oc(=O)ccc12,0.400949027,0.919105249
469-59-0,CC1=C2C(=O)C3C(CC=C4CC(O)CCC43C)C2CCC12OC1CC(C)CNC1C2C,-0.468413926,0.840996947
97792-45-5,CCN1CC2(OC(=O)c3ccccc3NC(C)=O)CCC(OC)C34C1C(CC23)C1(O)CC(OC)C2CC4C1(O)C2OC,0.541467687,1.229223336
3785-24-8,CC(=O)c1c(C)cc2cccc(O)c2c1O,0.123998466,0.254807605
64480-66-6,CC(CCC(=O)NCC(=O)O)C1CCC2C3C(O)CC4CC(O)CCC4(C)C3CCC12C,-0.04136835,0.044768432
17676-33-4,C=C1CCC2(OC1)OC1CC3C4CC=C5CC(O)CC(O)C5(C)C4CCC3(C)C1C2C,0.779188556,1.210938429
5550-12-9,Nc1nc2c(ncn2C2OC(COP(=O)(O)O)C(O)C2O)c(=O)[nH]1,0.607655351,0.94909402
516-55-2,CC(=O)C1CCC2C3CCC4CC(O)CCC4(C)C3CCC12C,-0.2441248,0.509026822
59865-13-3,CC=CCC(C)C(O)C1C(=O)NC(CC)C(=O)N(C)CC(=O)N(C)C(CC(C)C)C(=O)NC(C(C)C)C(=O)N(C)C(CC(C)C)C(=O)NC(C)C(=O)NC(C)C(=O)N(C)C(CC(C)C)C(=O)N(C)C(CC(C)C)C(=O)N(C)C(C(C)C)C(=O)N1C,0.129965547,0.620190261
24274-48-4,C=C(C)C1CCC(C)=CC1c1c(O)cc(CCC)cc1O,-0.401645483,0.698223178
136033-55-1,CC(C)(OC1OC(CO)C(O)C(O)C1O)C1CCC(C)(C2C(O)CC3(C)C4CC(O)C5C(C)(C)C(OC6OCC(O)C(O)C6O)CCC56CC46CCC23C)O1,0.483136467,2.365075217
69039-02-7,CC(=O)OCCc1ccc(O)c(O)c1,-0.497209258,1.025490714
76666-32-5,COc1cccc(-c2oc3ccccc3c(=O)c2O)c1,-2.761217883,7.292976375
517-89-5,CC(C)=CCC(O)C1=CC(=O)c2c(O)ccc(O)c2C1=O,-1.321485186,3.39053528
53-41-8,CC12CCC3C(CCC4CC(O)CCC43C)C1CCC2=O,0.023036833,0.032823347
25316-40-9,COc1cccc2c1C(=O)c1c(O)c3c(c(O)c1C2=O)CC(O)(C(=O)CO)CC3OC1CC(N)C(O)C(C)O1,-5.101125623,7.962880315
87-72-9,OC1COC(O)C(O)C1O,0.473234974,1.609479844
514-47-6,CC(C)=CCCC(C)C1CCC2(C)C3=C(CCC12C)C1(C)CCC(O)C(C)(C)C1CC3,0.117675244,0.08281887
56-69-9,NC(Cc1c[nH]c2ccc(O)cc12)C(=O)O,0.09454251,0.317282293
7518-22-1,CC1(C)CCC2(C(=O)OC3OC(CO)C(O)C(O)C3O)CCC3(C)C(=CCC4C5(C)CCC(OC6OC(C(=O)O)C(OC7OC(CO)C(O)C7O)C(O)C6O)C(C)(C)C5CCC43C)C2C1,0.396476895,0.427934478
97-41-6,CCOC(=O)C1C(C=C(C)C)C1(C)C,0.356019051,0.540380145
103548-82-9,CC1=CC2Cc3[nH]c(=O)ccc3C3(C1)NCCCC23,-0.463949638,1.522018589
303-45-7,Cc1cc2c(C(C)C)c(O)c(O)c(C=O)c2c(O)c1-c1c(C)cc2c(C(C)C)c(O)c(O)c(C=O)c2c1O,-1.567531002,6.227085923
78432-77-6,CC(=O)OC12COC1CC(O)C1(C)C(=O)C(O)C3=C(C)C(OC(=O)C(O)C(NC(=O)c4ccccc4)c4ccccc4)CC(O)(C(OC(=O)c4ccccc4)C21)C3(C)C,0.821812222,1.950516603
112516-05-9,CC(=O)OC1C(OCCc2ccc(O)c(O)c2)OC(COC2OC(CO)C(O)C(O)C2O)C(OC(=O)C=Cc2ccc(O)c(O)c2)C1OC1OC(C)C(O)C(O)C1O,0.464373362,0.606215048
64439-81-2,CCC1(O)C(=O)OCc2c1cc1n(c2=O)Cc2cc3cc(O)ccc3nc2-1,-0.377434783,1.912212144
90-47-1,O=c1c2ccccc2oc2ccccc12,0.074958446,0.174796536
21499-66-1,CC1=CC(=O)C(O)C2(C)C1CC1OC(=O)C(O)C3(O)C4(C)OCC13C2C(O)C4O,-6.014268572,8.156888368
58-95-7,CC(=O)Oc1c(C)c(C)c2c(c1C)CCC(C)(CCCC(C)CCCC(C)CCCC(C)C)O2,-0.0248886,0.023063655
39524-08-8,CC1(C)CCC2(C(=O)OC3OC(COC4OC(CO)C(O)C(O)C4O)C(O)C(O)C3O)CCC3(C)C(=CCC4C5(C)CCC(OC6OCC(O)C(O)C6O)C(C)(CO)C5CCC43C)C2C1,0.32397976,0.518082004
906-33-2,O=C(C=Cc1ccc(O)c(O)c1)OC1CC(O)(C(=O)O)CC(O)C1O,0.67042627,1.450237814
146-78-1,Nc1nc(F)nc2c1ncn2C1OC(CO)C(O)C1O,-9.959358085,8.292644846
27975-19-5,CC12CCC3C(CCC4C(C)(C(=O)O)CCCC34C)(CC1=O)C2,0.548702305,0.940475182
530-56-3,COc1cc(CO)cc(OC)c1O,-0.179052241,0.333322341
149-64-4,CCCC[N+]1(C)C2CC(OC(=O)C(CO)c3ccccc3)CC1C1OC12,0.929760921,4.261962647
136085-37-5,CC=CC#CC#CC(O)C(C=CCCCO)OC1OC(CO)C(O)C(O)C1O,-0.118237609,0.205455259
1198-84-1,O=C(O)C(O)c1ccc(O)cc1,0.219560409,0.928659505
94492-24-7,CC(=O)OC1C(OCCc2ccc(O)c(O)c2)OC(CO)C(OC(=O)C=Cc2ccc(O)c(O)c2)C1OC1OC(C)C(O)C(O)C1O,0.812364911,1.48041105
2444-46-4,CCCCCCCCC(=O)NCc1ccc(O)c(OC)c1,0.48924121,0.603003667
768-94-5,NC12CC3CC(CC(C3)C1)C2,-0.460890638,1.442191384
183133-96-2,COC1C(=O)C2(C)C(OC)CC3OCC3(OC(C)=O)C2C(OC(=O)c2ccccc2)C2(O)CC(OC(=O)C(O)C(NC(=O)OC(C)(C)C)c3ccccc3)C(C)=C1C2(C)C,-0.887703018,2.561214028
6665-74-3,COc1c(-c2ccccc2)oc2cc(O)cc(O)c2c1=O,-0.321965984,0.191162782
106577-39-3,CC1OC(OC2C(OC3CCC4(C)C(CCC5(C)C4CC=C4C6CC(C)(C)CCC6(C(=O)O)CCC45C)C3(C)C)OCC(OC3OC(CO)C(O)C(O)C3O)C2O)C(O)C(O)C1O,1.796930129,4.444402378
7689-03-4,CCC1(O)C(=O)OCc2c1cc1n(c2=O)Cc2cc3ccccc3nc2-1,0.196907507,0.357296351
134418-28-3,C=C1CCC2C(C)(CO)C(O)CCC2(C)C1CC=C1C=COC1=O,-0.796549044,3.222259191
705-15-7,COc1ccc(O)c(C(C)=O)c1,1.18128528,1.97262002
53-06-5,CC12CCC(=O)C=C1CCC1C2C(=O)CC2(C)C1CCC2(O)C(=O)CO,0.266679524,0.561852867
73030-71-4,C=C1CCCC2(C)CC3(O)OC(=O)C(C)=C3CC12,0.384336212,0.348024616
4460-86-0,COc1cc(OC)c(OC)cc1C=O,0.61449456,1.528311593
123-76-2,CC(=O)CCC(=O)O,0.30651323,0.975263167
960383-96-4,COc1cc2c(cc1O)CC[n+]1cc3c(OC)c(OC)ccc3cc1-2,-0.356989328,0.609364302
14215-86-2,C=CC1C(OC2OC(CO)C(O)C(O)C2O)OC=C2C(=O)OCCC21,1.727749116,2.224620996
506-37-6,CCCCCCCCC=CCCCCCCCCCCCCCC(=O)O,-0.530565741,1.436910899
480-44-4,COc1ccc(-c2cc(=O)c3c(O)cc(O)cc3o2)cc1,-1.103525387,4.220904316
4687-25-6,O=Cc1coc2ccccc12,0.503492373,0.690371439
776-86-3,COc1cc2oc(=O)ccc2cc1O,-0.630292005,1.124533791
88-99-3,O=C(O)c1ccccc1C(=O)O,0.064592983,0.053561696
120-08-1,COc1cc2ccc(=O)oc2cc1OC,0.377040982,1.138010267
480-18-2,O=C1c2c(O)cc(O)cc2OC(c2ccc(O)c(O)c2)C1O,1.268910699,5.282057459
61-76-7,CNCC(O)c1cccc(O)c1,-0.23306197,0.660804457
25161-41-5,CC(=O)OCC1=COC(OC(=O)CC(C)C)C2C1=CC(OC(=O)CC(C)(C)OC(C)=O)C21CO1,-1.8242362,6.40268225
6600-40-4,CCCC(N)C(=O)O,1.525886187,3.560122907
76-66-4,CCC1CN2CCC3(C(=O)Nc4ccccc43)C2CC1C(=COC)C(=O)OC,0.402670866,1.028131045
549-21-3,COc1ccc2cc3n(c(=O)c2c1OC)CCc1cc2c(cc1-3)OCO2,-1.396609597,5.251923132
34367-04-9,CC1(C)CCC2(C(=O)OC3OC(CO)C(O)C(O)C3O)CCC3(C)C(=CCC4C5(C)CCC(OC6OC(C(=O)O)C(O)C(O)C6OC6OC(CO)C(O)C(O)C6O)C(C)(C)C5CCC43C)C2C1,-0.005051056,0.009146402
523-66-0,COc1ccc2c(OC)c3ccoc3nc2c1,0.057222745,0.051521776
92-48-8,Cc1ccc2oc(=O)ccc2c1,0.244790671,0.502923508
19037-69-5,Cc1cc(=O)oc2c([N+](=O)[O-])c(O)ccc12,0.037685307,0.050257002
62499-28-9,O=C(CC(O)(CC(=O)OCc1ccc(OC2OC(CO)C(O)C(O)C2O)cc1)C(=O)OCc1ccc(OC2OC(CO)C(O)C(O)C2O)cc1)OCc1ccc(OC2OC(CO)C(O)C(O)C2O)cc1,-0.162904154,0.193408423
80-97-7,CC(C)CCCC(C)C1CCC2C3CCC4CC(O)CCC4(C)C3CCC12C,0.561100648,1.342320012
86404-04-8,CCOC1C(=O)C(=O)OC1C(O)CO,-0.471668542,0.37543008
94367-43-8,COc1ccc(C2COc3cc(OC4OC(CO)C(O)C(O)C4O)ccc3C2)c(O)c1OC,0.794147677,0.889910948
512-69-6,OCC1OC(OCC2OC(OC3(CO)OC(CO)C(O)C3O)C(O)C(O)C2O)C(O)C(O)C1O,0.246799871,0.382746338
86-96-4,O=c1[nH]c(=O)c2ccccc2[nH]1,-0.047910114,0.07058732
50816-24-5,COC(=O)C1=COC(OC2OC(CO)C(O)C(O)C2O)C2C(C)CC(=O)C12O,0.778974231,0.905191822
51-67-2,NCCc1ccc(O)cc1,-0.501640825,1.16290135
73033-09-7,CCCCCCCCC=CCCCCCCCCC(=O)O,-0.209782692,0.381952093
218600-44-3,CC1(C)CCC2(C(=O)O)CCC3(C)C(C(=O)C=C4C5(C)C=C(C#N)C(=O)C(C)(C)C5CCC43C)C2C1,-8.600381958,8.286953993
1263-89-4,NCC1OC(OC2C(CO)OC(OC3C(O)C(N)CC(N)C3OC3OC(CO)C(O)C(O)C3N)C2O)C(N)C(O)C1O,-0.672100967,1.858701985
465-11-2,CC12CCC(O)CC1CCC1C2C(O)CC2(C)C(c3ccc(=O)oc3)CCC12O,-8.713323708,4.696163166
130848-06-5,CC=C(C)C(=O)OC1Cc2cc3ccc(=O)oc3cc2OC1(C)C,-0.314253818,0.464977105
151870-74-5,O=C1CC(OC2OC(CO)C(O)C(O)C2O)CO1,-0.072483673,0.13260554
159989-64-7,Cc1c(O)cccc1C(=O)NC(CSc1ccccc1)C(O)CN1CC2CCCCC2CC1C(=O)NC(C)(C)C,-0.012255368,0.035572093
13042-33-6,CC(CCC(=O)NCC(=O)O)C1CCC2C3CC(O)C4CC(O)CCC4(C)C3CCC12C,0.433818477,2.17158357
6926-14-3,CC(=O)OC1(C)CC(O)C2(O)C=COC(OC3OC(CO)C(O)C(O)C3O)C12,1.078203419,1.122068839
487-39-8,COc1cc(C2OCC3C(c4ccc(OC)c(OC)c4)OCC23)ccc1O,-0.102564632,0.134337242
6902-91-6,CC1=CCC(=C(C)C)C(=O)CC(C)=CCC1,0.860985651,0.907462078
305-84-0,NCCC(=O)NC(Cc1cnc[nH]1)C(=O)O,0.281148748,1.41764292
487-52-5,O=C(C=Cc1ccc(O)c(O)c1)c1ccc(O)cc1O,0.698150803,2.861877326
69-89-6,O=c1[nH]c(=O)c2[nH]cnc2[nH]1,-0.427784885,1.448217911
4235-95-4,CCCCCCCCC=CCCCCCCCC(=O)OCC(COP(=O)([O-])OCC[N+](C)(C)C)OC(=O)CCCCCCCC=CCCCCCCCC,-0.700757298,1.717722625
30197-14-9,COc1ccc(C=Cc2cc(O)cc(OC3OC(CO)C(O)C(O)C3O)c2)cc1,0.810853768,2.568565821
583-93-7,NC(CCCC(N)C(=O)O)C(=O)O,1.486222732,2.23302312
495-02-3,CC(C)=CCCC(C)=CCOc1ccc2ccc(=O)oc2c1,-0.526001362,1.116710973
64421-28-9,COC(=O)C1=COC(OC2OC(CO)C(O)C(O)C2O)C2C1C(O)CC2(C)O,0.040529023,0.083842112
168555-66-6,COc1ccc(C=Cc2cc(OC)c(OC)c(OC)c2)cc1OP(=O)(O)O,0.626459217,3.11871238
759-65-9,CCOC(=O)C(=O)C(C)C(=O)OCC,0.208771688,0.278521774
125-12-2,CC(=O)OC1CC2CCC1(C)C2(C)C,-0.087111957,0.064620925
59870-68-7,CC1(C)C=Cc2c(ccc3c2OCC(c2ccc(O)cc2O)C3)O1,0.272809897,0.613531772
70-70-2,CCC(=O)c1ccc(O)cc1,-0.135057066,0.511929176
1078-61-1,O=C(O)CCc1ccc(O)c(O)c1,-0.238555551,0.74142151
22202-68-2,O=C(O)CCC(=O)C(=O)O,0.160065163,0.097387188
1846-76-0,CCOC(=O)c1cc2ccccc2oc1=O,-0.178808437,0.584891427
26791-73-1,C=C1C(=O)OC2CC(C)C(C=CC(C)=O)=CCC12,1.679624843,4.041100279
1128-23-0,O=C1OC(C(O)CO)C(O)C1O,0.448725217,1.182708204
24502-78-1,CC(=O)OC(CC=C(C)C)C1=CC(=O)c2c(O)ccc(O)c2C1=O,0.31545399,1.121116359
10387-50-5,CC(C)=CCOc1ccc2ccc(=O)oc2c1,0.182214953,0.0722445
137551-38-3,C=C(CCC(C(=O)O)C1C(O)CC2(C)C3=CCC(C(=C)C)C(C)(CCC(=O)O)C3=CCC12C)C(C)C,-0.57356601,1.564194732
541-47-9,CC(C)=CC(=O)O,0.304027734,0.904564346
2292-16-2,COc1ccc(CC2c3cc(Oc4cc(CC5c6cc(OC)c(OC)cc6CCN5C)ccc4O)c(OC)cc3CCN2C)cc1,-0.049778047,0.102274163
328-39-2,CC(C)CC(N)C(=O)O,-0.099471539,0.180627274
568-73-0,Cc1coc2c1C(=O)C(=O)c1c-2ccc2c(C)cccc12,-2.171665931,3.522739367
617-35-6,CCOC(=O)C(C)=O,0.957509906,1.706596627
1617-90-9,CCC12CCCN3CCc4c(n(c5ccccc45)C(O)(C(=O)OC)C1)C32,0.042983338,0.04891927
140-67-0,C=CCc1ccc(OC)cc1,-0.140141457,0.08808269
6860-47-5,OC1COC(OC2COC(O)C(O)C2O)C(O)C1O,-0.429516068,0.491936055
1041-01-6,NC(Cc1cc(I)c(Oc2ccc(O)cc2)c(I)c1)C(=O)O,0.36043537,0.687884286
42438-89-1,COc1cc(O)cc(C=Cc2ccc(O)cc2)c1,-0.188018086,0.715668556
23513-08-8,CCCCCCCC(O)CC(=O)CCc1ccc(O)c(OC)c1,-0.867931883,1.972384694
300-08-3,COC(=O)C1=CCCN(C)C1,0.187058326,0.569365909
34157-83-0,CC1C(=O)C(=O)C=C2C1=CC=C1C2(C)CCC2(C)C3CC(C)(C(=O)O)CCC3(C)CCC12C,-2.113861845,3.388294262
51-45-6,NCCc1cnc[nH]1,0.295069109,0.686034177
912-60-7,COc1ccc2c(c1OC)C(=O)OC2C1c2c(cc3c(c2OC)OCO3)CCN1C,-0.308103088,0.765964639
944-73-0,Cn1c(=O)c2[nH]c(=O)[nH]c2n(C)c1=O,0.672909336,2.126602999
344-25-2,O=C(O)C1CCCN1,-0.003948104,0.005829043
1077-28-7,O=C(O)CCCCC1CCSS1,0.2560197,0.691301651
119413-54-6,CCC1(O)C(=O)OCc2c1cc1n(c2=O)Cc2cc3c(CN(C)C)c(O)ccc3nc2-1,0.30433827,0.570591346
68422-00-4,CC1CCC2(OC1)OC1CC3C4CCC5CC(OC6OC(CO)C(O)C(O)C6O)CCC5(C)C4CCC3(C)C1C2C,-0.313491336,0.397847608
74991-91-6,COc1ccc2c3ccnc4ccc(=O)n(c2c1)c43,-4.345727407,8.10357118
590-46-5,C[N+](C)(C)CC(=O)O,0.034746412,0.0992964
65710-07-8,CNC1C(OC2OC(CO)C(N)C(O)C2O)OC2CC(N)C(OC3C(N)CC(N)C(O)C3O)OC2C1O,0.580877761,0.327418729
80214-83-1,CCC1OC(=O)C(C)C(OC2CC(C)(OC)C(O)C(C)O2)C(C)C(OC2OC(C)CC(N(C)C)C2O)C(C)(O)CC(C)C(=NOCOCCOC)C(C)C(O)C1(C)O,0.260546685,1.036956675
22139-77-1,Oc1cc(O)cc(C=Cc2ccccc2)c1,-0.361585519,0.70796917
57396-78-8,O=c1cc(-c2ccccc2)oc2cc(OC3OC(CO)C(O)C(O)C3O)c(O)c(O)c12,-0.211568731,0.338528267
939-19-5,O=c1oc2ccccc2cc1O,0.544006112,1.716833238
55916-51-3,CC1CCC2(OC1)OC1CC3C4CC=C5CC(OC6OC(CO)C(O)C(O)C6OC6OC(C)C(O)C(O)C6O)CCC5(C)C4CCC3(C)C1(O)C2C,0.784823724,3.915476976
1119-34-2,NC(N)=NCCCC(N)C(=O)O,-0.198534761,0.440802552
26833-87-4,COC(=O)CC(O)(CCCC(C)(C)O)C(=O)OC1C(OC)=CC23CCCN2CCc2cc4c(cc2C13)OCO4,-5.911568199,8.19452413
134-03-2,O=C1OC(C(O)CO)C(O)C1=O,-0.019675187,0.022729194
83-44-3,CC(CCC(=O)O)C1CCC2C3CCC4CC(O)CCC4(C)C3CC(O)C12C,0.233646366,1.284562932
402513-88-6,CC(=O)OC(CC(C)C1C(=O)C(O)C2(C)C3CCC4C(C)(C)C(OC5OCC(O)C(O)C5O)CCC45CC35CCC12C)C1OC1(C)C,-0.198962976,0.327495315
116183-66-5,COc1cc(O)c2c(=O)c(OC3OC(CO)C(O)C(O)C3O)c(-c3ccc(OC4OC(CO)C(O)C(O)C4O)cc3)oc2c1,1.088760084,2.154625196
50924-49-7,NC(=O)c1ncn(C2OC(CO)C(O)C2O)c1O,0.743784395,1.439382351
695-06-7,CCC1CCC(=O)O1,0.515620731,1.345547608
728-61-0,CC1=CCCC2=CC(OC2=O)c2c(C)coc2C1,-0.111500576,0.077208845
78454-17-8,CC(=O)OC12COC1CC(O)C1(C)C(=O)C(O)C3=C(C)C(OC(=O)C(O)C(NC(=O)c4ccccc4)c4ccccc4)CC(O)(C(OC(=O)c4ccccc4)C21)C3(C)C,-0.637449903,1.312230547
99-96-7,O=C(O)c1ccc(O)cc1,0.423918383,1.308255902
846-48-0,CC12C=CC(=O)C=C1CCC1C2CCC2(C)C(O)CCC12,-0.143091974,0.205346612
13110-96-8,CC(=O)c1ccc(O)c(C(=O)O)c1,0.083834594,0.136678353
6990-06-3,CC(=O)OC1CC2(C)C(CC(O)C3C4(C)CCC(O)C(C)C4CCC32C)C1=C(CCC=C(C)C)C(=O)O,-0.406434671,0.7974729
2433-97-8,CCCCCCCCCCCCCCCCCCCCCCC(=O)OC,0.211084842,0.251779968
434-13-9,CC(CCC(=O)O)C1CCC2C3CCC4CC(O)CCC4(C)C3CCC12C,-0.211821363,0.827080143
2447-54-3,C[n+]1cc2c3c(ccc2c2ccc4cc5c(cc4c21)OCO5)OCO3,-1.801846467,4.181252404
3493-12-7,C[S+](C)CCC(N)C(=O)O,0.293606931,0.463907297
118-93-4,CC(=O)c1ccccc1O,-0.369900187,0.91471628
472-26-4,CC12CCC(O)CC1(O)CCC1C2CCC2(C)C(c3ccc(=O)oc3)CCC12O,-6.022433922,8.229314226
4436-74-2,O=C(O)CC=CCC(=O)O,-0.100728196,0.285262899
60-93-5,C=CC1CN2CCC1CC2C(O)c1ccnc2ccc(OC)cc12,-0.043267938,0.106967597
122-78-1,O=CCc1ccccc1,-0.293581701,1.226121445
64-86-8,COc1cc2c(c(OC)c1OC)-c1ccc(OC)c(=O)cc1C(NC(C)=O)CC2,0.831414921,1.850100004
84633-29-4,C=C1C(O)C2(O)OCC34C(CC5C(C)=CC(=O)C(O)C5(C)C23)OC(=O)C(O)C14O,-7.515919048,8.275446035
518-82-1,Cc1cc(O)c2c(c1)C(=O)c1cc(O)cc(O)c1C2=O,0.04588756,0.142546459
100462-37-1,CC(C)=CCC(O)C(C)=CCOC1OC(CO)C(O)C(O)C1O,-0.105081248,0.132791019
68797-35-3,CC1(C(=O)O)CCC2(C)CCC3(C)C(=CC(=O)C4C5(C)CCC(OC6OC(C(=O)O)C(O)C(O)C6OC6OC(C(=O)O)C(O)C(O)C6O)C(C)(C)C5CCC43C)C2C1,-0.089864269,0.138662907
959-33-1,COc1ccc(C=CC(=O)c2ccccc2)cc1,-0.395048721,0.774986594
1357910-26-9,CC1OC(OCC2OC(OCCc3ccc(O)c(O)c3)C(O)C(OC(=O)C=Cc3ccc(O)c(O)c3)C2O)C(O)C(O)C1O,0.270188639,0.261699646
11021-14-0,CC(C)=CCCC(C)(OC1OC(COC2OC(CO)C(O)C2O)C(O)C(O)C1O)C1CCC2(C)C1C(O)CC1C3(C)CCC(OC4OC(CO)C(O)C(O)C4OC4OC(CO)C(O)C(O)C4O)C(C)(C)C3CCC12C,-0.174456915,0.267578907
84687-42-3,CC(C)(O)C1CCC(C)(C2C(O)CC3(C)C4CC(O)C5C(C)(C)C(OC6OCC(O)C(O)C6OC6OC(CO)C(O)C(O)C6O)CCC56CC46CCC23C)O1,0.631402154,1.858582757
6899-04-3,NC(=O)CCC(N)C(=O)O,-0.099872805,0.085174676
633-66-9,COc1ccc2cc3[n+](cc2c1OC)CCc1cc2c(cc1-3)OCO2,-0.038152529,0.039506331
39011-91-1,CC12CC3(O)OC(O1)C1(COC(=O)c4ccc(O)cc4)C3CC21OC1OC(CO)C(O)C(O)C1O,1.95645456,1.446100052
6106-81-6,C[N+]1([O-])C2CC(OC(=O)C(CO)c3ccccc3)CC1C1OC12,-0.126960088,0.316221183
5022-65-1,NC(=O)C(N)Cc1c[nH]c2ccccc12,1.323202019,1.364827181
87095-74-7,O=C(CCc1ccccc1)CC(O)C=Cc1ccccc1,0.01730051,0.023067779
1916-07-0,COC(=O)c1cc(OC)c(OC)c(OC)c1,-0.292705472,1.270068623
145-13-1,CC(=O)C1CCC2C3CC=C4CC(O)CCC4(C)C3CCC12C,-0.129560259,0.353296103
3025-96-5,CC(=O)NCCCC(=O)O,0.176938786,0.361842863
621-71-6,CCCCCCCCCC(=O)OCC(COC(=O)CCCCCCCCC)OC(=O)CCCCCCCCC,0.432062606,0.46930446
473-08-5,C=C(C)C1CCC2(C)CCC(=O)C(C)=C2C1,0.341427455,0.668044048
532-11-6,COc1ccc(-c2cc(=S)ss2)cc1,-0.460630208,1.262156857
486-56-6,CN1C(=O)CCC1c1cccnc1,1.063731481,3.082920271
53-43-0,CC12CCC3C(CC=C4CC(O)CCC43C)C1CCC2=O,-0.256389351,0.794183216
11041-94-4,Oc1ccc(CC2NCCc3cc(O)c(O)cc32)cc1,-0.588632551,1.537238209
500-98-1,O=C(O)CNC(=O)Cc1ccccc1,-0.090603675,0.15414659
58822-47-2,C=CC1C(OC2OC(CO)C(O)C(O)C2O)OC=C(C(=O)OC)C1CC(=O)O,0.214796154,0.696519142
471-87-4,C[N+]1(C)CCCC1C(=O)[O-],0.661771448,1.653516589
50906-56-4,C=C1C(=O)OC23C1CCC(C)C2CCC1(C)OC13,0.692992788,0.743391348
11018-89-6,CC1OC(OC2CC(O)C3(CO)C4C(O)CC5(C)C(C6=CC(=O)OC6)CCC5(O)C4CCC3(O)C2)C(O)C(O)C1O,-7.648229738,7.105583417
879-37-8,NC(=O)Cc1c[nH]c2ccccc12,0.560340145,0.792264319
7326-19-4,O=C(O)C(O)Cc1ccccc1,-0.14854702,0.494331019
3895-92-9,COc1ccc2c(c[n+](C)c3c4cc5c(cc4ccc23)OCO5)c1OC,0.472113138,0.404304706
696-04-8,CC1CNC(=O)NC1=O,0.379858742,1.912631006
474-58-8,CCC(CCC(C)C1CCC2C3CC=C4CC(OC5OC(CO)C(O)C(O)C5O)CCC4(C)C3CCC12C)C(C)C,-0.450269043,1.393313686
4695-62-9,CC12CCC(C1)C(C)(C)C2=O,0.655924188,1.290325408
620-64-4,CCCCCCCCCCCCCCCCCCCC(=O)OCC(COC(=O)CCCCCCCCCCCCCCCCCCC)OC(=O)CCCCCCCCCCCCCCCCCCC,-0.077251712,0.255444763
3588-17-8,O=C(O)C=CC=CC(=O)O,-0.733765591,2.594489389
22862-76-6,COc1ccc(CC2NCC(O)C2OC(C)=O)cc1,-5.785919522,5.868599041
131-11-3,COC(=O)c1ccccc1C(=O)OC,0.209961147,0.737042655
34221-41-5,COc1cc(O)ccc1C=CC(=O)c1ccc(O)cc1,-0.548642865,1.2842445
90-50-6,COc1cc(C=CC(=O)O)cc(OC)c1OC,1.726830911,2.862280593
482-25-7,COc1c2ccoc2c(OCC(O)C(C)(C)O)c2oc(=O)ccc12,0.318193898,0.309151367
55466-05-2,CC(C)=CC1CC(C)(O)C2C3CCC4C5(C)CCC(OC6OCC(O)C(OC7OC(CO)C(O)C(O)C7OC7OCC(O)C(O)C7O)C6OC6OC(C)C(O)C(O)C6O)C(C)(C)C5CCC4(C)C34COC2(C4)O1,-0.786794888,2.184638099
331-39-5,O=C(O)C=Cc1ccc(O)c(O)c1,0.110421949,0.270962336
164991-67-7,NCCCN(CCCCNCCCNC(=O)CCc1ccc(O)c(O)c1)C(=O)CCc1ccc(O)c(O)c1,0.113934427,0.26969866
1097-51-4,CC(=O)C12OC1CC1C3CCC4=CC(=O)CCC4(C)C3CCC12C,-0.662027606,0.777537169
129724-84-1,C=C(C)C1CCC2(C(=O)O)CCC3(C)C(CCC4C5(C)CCC(OC6OCC(O)C(O)C6OC6OC(C)C(O)C(O)C6O)C(C)(CO)C5CCC43C)C12,-0.046083061,0.084072964
58749-23-8,COc1c(C=CC(=O)c2ccc(O)cc2)ccc(O)c1O,0.944529448,1.778133295
69-53-4,CC1(C)SC2C(NC(=O)C(N)c3ccccc3)C(=O)N2C1C(=O)O,0.423181938,1.493982227
156-39-8,O=C(O)C(=O)Cc1ccc(O)cc1,0.867840255,0.973495043
119425-90-0,COc1cc(OC)c(CCC(=O)c2ccc(O)cc2)c(OC)c1,-0.472003626,0.990442145
37921-38-3,COc1c2c(cc3oc(CO)cc(=O)c13)OC(C(C)(C)O)C2,1.141743778,3.039998563
25514-31-2,COC(=O)C12OCC34C(CC5C(C)C(=O)C(=O)CC5(C)C3C(O)C1O)OC(=O)C(OC(=O)CC(C)C)C24,-4.835078913,6.578353528
485-72-3,COc1ccc(-c2coc3cc(O)ccc3c2=O)cc1,-0.850779215,2.323336162
58546-55-7,CC=C(C)C(=O)OC1c2cc(OC)c(OC)c(OC)c2-c2c(cc3c(c2OC)OCO3)CC(C)C1(C)O,-0.355467676,0.596613835
2086-83-1,COc1ccc2cc3[n+](cc2c1OC)CCc1cc2c(cc1-3)OCO2,0.64728025,1.524124397
17990-42-0,CC1(C)CCC2(C(=O)O)CCC3(C)C(=CCC4C5(C)CCC(=O)C(C)(C)C5CCC43C)C2C1,-0.725402338,1.653393864
470-37-1,CC(=O)OC1C(c2ccc(=O)oc2)C2(C)CCC3C(CCC4CC(O)CCC43C)C23OC13,-7.172541408,8.261940138
13063-04-2,COc1cc2c[n+](C)c3c4cc5c(cc4ccc3c2cc1OC)OCO5,-0.738318554,2.331299241
13190-34-6,C=CC1CNC(=S)O1,-6.696030453,8.246851076
5147-00-2,CC(=O)OCC(N)C(=O)O,-0.168389898,0.265671619
118-00-3,Nc1nc2c(ncn2C2OC(CO)C(O)C2O)c(=O)[nH]1,0.114212743,0.324804508
94-41-7,O=C(C=Cc1ccccc1)c1ccccc1,0.432775606,1.044052722
58546-54-6,COc1cc2c(c(OC)c1OC)-c1c(cc3c(c1OC)OCO3)CC(C)C(C)(O)C2,-0.04486399,0.03284989
642-71-7,COc1cc(O)cc(OC)c1OC,-0.008921872,0.004192576
104777-68-6,O=C(C=Cc1ccc(O)c(O)c1)OC1C(CO)OC(OCCc2ccc(O)c(O)c2)C(O)C1OC1OC(CO)C(O)C(O)C1O,0.132094788,0.154499572
59870-65-4,CC(C)=CCc1cc(C2CC(=O)c3ccc(O)c(CC=C(C)C)c3O2)ccc1O,-2.91781251,7.678085024
148408-66-6,CC(=O)OC12COC1CC(O)C1(C)C(=O)C(O)C3=C(C)C(OC(=O)C(O)C(NC(=O)OC(C)(C)C)c4ccccc4)CC(O)(C(OC(=O)c4ccccc4)C21)C3(C)C,-0.632233627,1.129428746
61825-98-7,CC1CCC2N(C1)CC1C3CC4C(CC(=O)C5CC(O)CCC54C)C3CCC1C2(C)O,-0.358563212,0.552447519
343-27-1,COc1ccc2c(c1)[nH]c1c(C)nccc12,-1.209991044,3.845261826
471-95-4,CC(=O)OC1CC2(O)C3CCC4CC(O)CCC4(C)C3CCC2(C)C1c1ccc(=O)oc1,-6.881528297,8.25376705
591-78-6,CCCCC(C)=O,-0.567213693,2.112792204
480-41-1,O=C1CC(c2ccc(O)cc2)Oc2cc(O)cc(O)c21,1.171357101,1.851967534
90-64-2,O=C(O)C(O)c1ccccc1,0.14203708,0.353786919
3570-62-5,COc1cc(O)c2c(=O)cc(-c3ccccc3)oc2c1OC,0.041024109,0.022005061
581-31-7,COc1cc2oc(=O)ccc2cc1CC=C(C)C,-0.544548135,1.407771905
88901-36-4,CC(CCC(OC1OC(COC2OC(CO)C(O)C(O)C2O)C(O)C(O)C1OC1OC(CO)C(O)C(O)C1O)C(C)(C)O)C1CCC2(C)C3CC=C4C(CCC(OC5OC(COC6OC(CO)C(O)C(O)C6O)C(O)C(O)C5O)C4(C)C)C3(C)C(O)CC12C,-0.148337835,0.251246428
29106-36-3,COc1ccc(C2OCC3C(c4ccc(OC)c(OC)c4)OCC23)cc1OC,0.436487752,0.81975103
32449-98-2,CC1CCC2(NC1)OC1CC3C4CC=C5CC(OC6OC(CO)C(OC7OC(C)C(O)C(O)C7O)C(O)C6O)CCC5(C)C4CCC3(C)C1C2C,-0.155961329,0.126766603
87-89-8,OC1C(O)C(O)C(O)C(O)C1O,0.386925627,1.561342136
81740-07-0,CC=C(C)C(=O)OC1c2c(ccc3ccc(=O)oc23)OC(C)(C)C1OC(=O)C(C)=CC,-0.107312579,0.179560635
129832-03-7,O=P(O)(O)OC1C(OP(=O)(O)O)C(OP(=O)(O)O)C(OP(=O)(O)O)C(OP(=O)(O)O)C1OP(=O)(O)O,-0.014411062,0.030094859
6877-32-3,CCC1CN2CCC3(C(=O)Nc4ccccc43)C2CC1C(=COC)C(=O)OC,0.300326223,0.963350841
3486-67-7,COc1cc2c(cc1OC)-c1cc3ccc(OC)c(OC)c3c[n+]1CC2,-0.327315784,0.612879413
3952-98-5,C=CCC(=NOS(=O)(=O)O)SC1OC(CO)C(O)C(O)C1O,0.282110156,1.08303272
162857-65-0,CC1OC(OC2C(OC(=O)C34CCC(C)(C)CC3C3=CCC5C6(C)CC(O)C(OC7OC(CO)C(O)C(O)C7O)C(C)(CO)C6CCC5(C)C3(C)CC4)OC(CO)C(O)C2O)C(O)C(OC2OCC(O)(CO)C2O)C1OC1OCC(O)C(O)C1O,0.091085788,0.109293565
6042-32-6,CC(CCC(=O)NCCS(=O)(=O)O)C1CCC2C3CCC4CC(O)CCC4(C)C3CCC12C,-0.344768343,0.890653637
83-48-7,CCC(C=CC(C)C1CCC2C3CC=C4CC(O)CCC4(C)C3CCC12C)C(C)C,0.245364758,0.380116305
28053-08-9,O=c1ccn(C2OC(COP(=O)(O)OP(=O)(O)OC3OC(CO)C(O)C(O)C3O)C(O)C2O)c(=O)[nH]1,0.457236232,1.5862544
73-32-5,CCC(C)C(N)C(=O)O,-0.115665427,0.394688149
107316-88-1,CC1(C(=O)O)CCC2(C)CCC3(C)C4=CC(=O)c5c(cc(O)c(O)c5C=O)C4(C)CCC3(C)C2C1,-0.823285723,1.931737779
62596-29-6,CC(C)=CCc1c(-c2ccc(O)cc2O)oc2c3c(cc(O)c2c1=O)OC(C)(C)C=C3,0.228995487,0.546995458
51-48-9,NC(Cc1cc(I)c(Oc2cc(I)c(O)c(I)c2)c(I)c1)C(=O)O,0.486382031,2.317239452
97-53-0,C=CCc1ccc(O)c(OC)c1,0.019427,0.033229362
