key,input,NF54_IC50_72h_1uM,NF54_50PercInh_LDH,NF54_50PercInh_LUM
VFTICADFEWRDBW-UHFFFAOYSA-N,CC(=O)SCC(=O)CC1=CNC2=CC=CC=C12,0.2303228401429256,0.0117474285503086,0.022487912
GRVRTJPLKMLTIY-UHFFFAOYSA-N,COC1=CC=C(CSC2=NN=C(N)S2)C=C1F,0.2226682543929978,0.1223903430730568,0.028695872
ZYPSGDDIVJUEGK-UHFFFAOYSA-N,COC1=CC=C(CC2=C(C3=CC=CC(Br)=C3)N=C3C=CC(Br)=CN23)C(C)=C1,0.2998901281031325,0.1225728366097712,0.09157996
JJGIOWNLYSRISR-UHFFFAOYSA-N,N=C(N)C1=CC=C(N2CCCCC2)N=C1,0.1602562626036673,0.0819240739782807,0.011650705
SLJYPZJZQIHNGU-UHFFFAOYSA-N,O=C1CCC(C2=CC=C(O)C=C2)CC1,0.1073272676884909,0.0107791657605779,0.031075187
WCEUEJABIAOXII-UHFFFAOYSA-N,CCC1=CC=C(CNC2=CC=C(CO)C=N2)C=C1,0.1435079729286871,0.2386227890130177,0.071397305
VBSIRPKETMNYPS-UHFFFAOYSA-N,ClC1=CC=C2C(=C1)N(CCCCN1CCC(N3CCCC3)CC1)C1=CC=CC=C1S2,0.2562632238263688,0.3551917615103246,0.33102962
LYHRRHUWVCLRBW-UHFFFAOYSA-N,O=C(C[N+]1=CN(C2=CC=C(C3=CC4=CC=CC=C4O3)C=C2)C=C1)C1=CC=C(F)C=C1,0.3233192347453683,0.2310782320869369,0.46740243
DMLKIPNNHZMBNE-QGFMHUBQSA-N,N[C@H]1C[C@@H](N)CN(C2=NC(NC3=CC=C(NC(=O)C4=CN=C5C=CC=CC5=C4O)C=C3)=NC(N3C[C@@H](N)C[C@@H](N)C3)=N2)C1,0.3841122637086382,0.1960686335208023,0.25421315
OPWTXLYFHOGKJO-UHFFFAOYSA-N,COC1=CC=C(C2=CC=C(C(N)=O)C=N2)C=C1OC1CCCC1,0.2267122579881941,0.0193496877946863,0.03095019
UEWRHTSERXIBRC-UHFFFAOYSA-N,COC1=CC2=NC=NC(NC3=CC=C(F)C(Cl)=C3)=C2C=C1OCCN1CCN(C)CC1,0.3857660535727125,0.4392645937621262,0.17940931
GRCJQHVRTCZRLP-DKYXIQLCSA-N,CSCC[C@H](NC=O)C(=O)N1CCC[C@@H]1C(=O)OCC1OC(N2C=C(F)C(=O)NC2=O)CC1O,0.3820156495860691,0.2269859882289857,0.039538138
MPOQKRRSVBEDRX-UHFFFAOYSA-N,COC1=CC=C(C[S+]([O-])C2=CC=C(N)C3=NON=C23)C=C1,0.2543921694537241,0.1315334312386205,0.04055557
JOIYVAOMEJSCBK-UHFFFAOYSA-N,CCC1=NNC2=C(Cl)C=CC(NC3=C(C4=NC=CC=N4)OC4=CN=CC=C34)=C12,0.4004928656141421,0.3262665779250453,0.14752482
HALVHRXAXSOEJW-UHFFFAOYSA-M,COC1=CC=C2C=C3[N+](=CC2=C1OCCN(CCN1C=NC([N+](=O)[O-])=C1)CC1=CC=C(Cl)C=C1)CCC1=CC2=C(C=C31)OCO2.[Cl-],0.435328690353066,0.2779906333121319,0.35326043
OYDOPLZDDBTLCK-LJQANCHMSA-N,N=C(N)C1=CC=C(CNC(=O)C2(NC(=O)[C@@H](CC3CCCCC3)NCC(=O)O)CCCC2)C=N1,0.2705872038829889,0.0662826762850854,0.014903066
QNCAXVKLUSQJPM-UHFFFAOYSA-N,CC1(C)N=C(N)N=C(N)N1OCCCOC1=CC(F)=C(F)C=C1F,0.2570662667499542,0.1981140603092072,0.030936914
YVHXBAKYSIZEMK-UHFFFAOYSA-N,O=C(NNC1=C(Cl)C=CC=C1Cl)C1=C(F)C=CC=C1Cl,0.1883744606643833,0.0471872170312055,0.044572398
XSABXKPOGIXTLP-UHFFFAOYSA-N,CC(=O)NCC1(C)CC(=O)N(CC2=CC=CC=C2)C1=O,0.1095788745244573,0.0060978984106346,0.017810753
SZRWYWZYJHGAFX-UHFFFAOYSA-N,CC1=CC(O)=C(SC2=CC=CC=C2)C(=O)O1,0.1529675079048968,0.0262233158579621,0.04039879
DAYGTXIWUJVABE-UHFFFAOYSA-N,NC1=C(NC2=CC=C(F)C(Cl)=C2)C2=CC=NC(C3=CC(F)=NC(F)=C3)=C2O1,0.3818665745828621,0.2587341356654645,0.1836471
XPGCATDCNBPISB-UHFFFAOYSA-N,CC(C)(C#N)C1=CC=C(OC2=CC(F)=C(S(=O)(=O)NC3=NN=CS3)C=C2Cl)C(C2=CC=NN=C2)=C1,0.2284162204201766,0.1195075585533489,0.19011155
KGKDQOLJMJPKKP-VGTSSDOASA-N,CN(C)C1=CC=C(/C=C/C(=N\NC(=O)NC2=CC=C(F)C=C2)C2=CC=C(O)C=C2O)C=C1,0.2341309616044453,0.1469095767293505,0.13763836
SNRFPPXPEBWCDV-UHFFFAOYSA-N,O=C1CCC2=CC=C(OCCCCN3CCN(C4=CC=C(F)C5=CC=CC=C45)CC3)N=C2N1,0.2789742765926815,0.1270412472940306,0.13068539
DQSJVQNVTYFNFN-UHFFFAOYSA-N,CC1=CC=CC(N2C=NC3=CC=C(C4=CC=NC5=C4C=CN5)C=C23)=C1,0.3980326923641308,0.3389903936463537,0.072078295
XKDFZZUFCHOVRN-GOTSBHOMSA-N,CC1=NOC([C@H]2C[C@@H]2C(=O)NCC2=CC=C(C3=CC=CC(OC(F)(F)F)=C3)C3=C2CN(C(=O)NC(C)(C)C)CC3)=N1,0.2972074591566647,0.0764187248629529,0.18310641
AUFZJTVUOYEOQJ-UHFFFAOYSA-N,CCC(CC)C(=O)N(C)C1=C(C)N=C2C(OCC3=CC=CC=C3C(=O)OC)=CC=CN12,0.2005615929387777,0.0600584098395088,0.07397431
JNFLWFSFUTUMCR-QRDYFNKKSA-N,C[C@@H]1NC(=O)[C@H](CC(N)=O)NC(=O)C2=CC([N+](=O)[O-])=CC(I)=C2OCC[C@@H](C(=O)NC(CC(=O)O)C(N)=O)NC1=O,0.2324217924195158,0.1286865368101736,0.046850663
WROQCXULSBZMCN-UHFFFAOYSA-N,NC1CC(CF)CN(C2=CC=NC=C2NC(=O)C2=CSC(C3=C(F)C=CC=C3F)=N2)C1,0.2791267145381783,0.0777863129401582,0.15709902
ZLGSQILIYXYAOK-MHECFPHRSA-N,CC1=CN([C@H]2C=C[C@@H](COC(=O)CN3CCN(C4=CC5=C(C=C4F)C(=O)C(C(=O)O)=CN5C4CC4)CC3)O2)C(=O)NC1=O,0.273551610222558,0.2504901632795243,0.10860011
PWFIVVWXVGTAHD-UHFFFAOYSA-N,CN1C(C2=CC=C(Cl)C=C2)=NN=C1C1(C2=CC=C(Cl)C=C2)CCC1,0.2080935025739611,0.1542615014594044,0.1585443
VVSAXPQZSYGEFL-UHFFFAOYSA-N,N#CC1=C(N)OC2=C(C(=O)OC3=CC=CC=C23)C1C1=CC=C(Br)C=C1,0.374447454688293,0.1489549444808058,0.23399504
LSGZPGIITGBWCI-UHFFFAOYSA-N,CCCCCCCCCCCCOC(=O)CCCC(=O)OCCN1CCN(C2=CC(NC3=NC=C(C(=O)NC4=C(C)C=CC=C4Cl)S3)=NC(C)=N2)CC1,0.4128138808594755,0.1120587472796091,0.09783545
WSCYUHHQTXEAFR-UHFFFAOYSA-N,CN1CCN(C2=CC=NC(NC3=CC=C4C(NC5=CN=CC=N5)=CC=NC4=C3)=N2)CC1,0.4425471413053533,0.5322824189908467,0.08500631
KBEZZFIQPRMPRG-UHFFFAOYSA-N,CCN(CC1=CC=CS1)C1=NC=NC2=CC=C(C3=CC=C4C(=C3)OCO4)C=C12,0.4319264161149842,0.2277405394856754,0.11643698
LUPZBZULIIFING-HNNXBMFYSA-N,COC1=CC=C2OC(C(=O)N3CCC4=C(C(=O)N(OC)C(N[C@@H](C)C5=CC=C(C(F)(F)F)C=C5)=N4)C3)=CC2=C1,0.2131749166417781,0.1182588091436209,0.41174072
WASQJNJVOQBCCU-BTFPBAQTSA-N,O=C(OC[C@H]1O[C@@H](N2C=C(F)C(=O)NC2=O)C[C@@H]1OC(=O)[C@@H]1CCCN1)[C@@H]1CCCN1,0.4585542570490196,0.2258448847445261,0.039538138
WAPJTWGSGSODNI-UHFFFAOYSA-N,CN1C(=O)C2=C(C3=CC=CC=C3)N3C(=C2N(C)C1=O)C(C1=NC=CS1)NCC3,0.2350365065730815,0.1160722239982919,0.09633922
LRKXGDGPEYXVHS-UHFFFAOYSA-N,CC1=CC(=O)OC2=CC=C3OC4=CC=CC=C4C3=C12,0.4160879092904284,0.059298964687181,0.11200141
OYWPKJMMVVHGCE-UHFFFAOYSA-N,CC(C)(C(=O)O)C1=CC=CC(C2=CC=C(C(CC3=CC=[N+]([O-])C=C3)C3=CC=C(OC(F)F)C(OC(F)F)=C3)C=C2)=C1,0.385477777378775,0.1988796495670095,0.3523239
VRCMAKRPCCOWOA-IVPXSCQRSA-N,CCC(=O)N[C@@H]1CC[C@@H]2[C@@H](C1)C[C@H]1C(=O)O[C@H](C)[C@H]1[C@H]2/C=C/C1=CC=C(C2=CC=CC(F)=C2)C=N1,0.3872258400937658,0.1014531862302473,0.059514638
JQRYJGJKLKQPGV-FAKWAEIUSA-N,CN(C)CCNC1=C(/C=C/C2=[N+](C)C3=CC=CC=C3C2(C)C)CCC/C1=C\C=C1\N(C)C2=CC=CC=C2C1(C)C.[I-],0.3796852031946241,0.4510971545397246,0.11767109
WLXGLRSPESJCTI-OVCLIPMQSA-N,CC1=CC=CC(/C=N/NC(=O)CN2N=C(C)C=C2C)=N1,0.1743879832236125,0.0087867310171011,0.02161775
SXSYRNDDERNWBB-UHFFFAOYSA-N,COC1=CC=C(C(C)C)C=C1C1=C(CN(CC2=CC(C(F)(F)F)=CC(C(F)(F)F)=C2)C2=NC=C(N3CCC(N)CC3)C=N2)CC(C)(C)CC1,0.3784233344199208,0.2879577683456268,0.38036817
JBVYKHPDEPWWRE-UHFFFAOYSA-N,CN1CCN(C2=CC=C(NC3=NC=C4C(=N3)C3=C(C(C(N)=O)=CN3C)C(C)(C)C4)C=C2)CC1,0.2972180445933915,0.0588629270128225,0.10394599
ULBIVVURQUFTNP-UHFFFAOYSA-N,NC1=NC=NC2=NC(C3=CC=CC(O)=C3)=C(C3=CC=CC(O)=C3)N=C12,0.3247432058219576,0.2152979616094305,0.15439293
LCSDNUGIEBQYTM-UHFFFAOYSA-N,COCCN1C(SCC(=O)NC2CCCC2)=NN=C1C(C)C,0.1097150273389276,0.011565443158992,0.010016828
SSHUJNUARSWDGM-UHFFFAOYSA-N,COC1=CC(C(F)(F)F)=CC=C1C1=NC=NC2=C1CCN(S(=O)(=O)NC1=NC=CS1)C2,0.2847646038026239,0.0826197798815409,0.3050398
YYDNWQYQAUCOSM-CMDGGOBGSA-N,COC(=O)/C=C/C1=CC=C(CNC2=CC(=O)C3=CC=CN=C3C2=O)C=C1,0.272007679561357,0.0821435089544369,0.10483938
SGFXIGDZMUKKKK-UHFFFAOYSA-N,C1=CC=C(C2=CC=C3N=CC=C(NC4=CC=C(N5CCOCC5)C=C4)C3=C2)C=C1,0.4571117489554885,0.42978080189031,0.09427599
JBYWTQVZDGPHNS-DQSJHHFOSA-N,CC/C(=C(\C1=CC=C(I)C=C1)C1=CC=C(OCCN(CC)CC)C=C1)C1=CC=CC=C1,0.2432438654461131,0.1184844674773786,0.24758302
RXVZMARDNUYHJH-UHFFFAOYSA-N,COC1=CC=CC(C(=O)OCC2=CC=CC(C)=C2)=C1,0.0925299744476468,0.0276888644932529,0.03625765
HYXPKYAXIADQIJ-UHFFFAOYSA-M,CCN(CC)CCCNC1=C2C=CC=CC2=[N+](C)C2=C1OC1=CC=C(OCC3CC[N+](C)(C)CC3)C=C21.[I-].[I-],0.420167060653956,0.4384070122473213,0.11987157
APRZSOBLBFMURG-GRGXKFILSA-N,CCOC1=CC(CN2CC3(CC([C@H]4CC[C@@H](C(=O)O)CC4)=NO3)C2)=CC(OCC)=C1C1=CC=C(F)C=C1,0.4145305146919569,0.1290974277293769,0.15360558
PULAKLDBZCKWIW-UHFFFAOYSA-N,COC1=CC=C(OC)C(NC(=O)CCNS(=O)(=O)C2=CC=C3C(=C2)CC(C)N3C(C)=O)=C1,0.0967692298797777,0.0182898120456034,0.14161088
RBKKKJWFRWVLQY-SRZZPIQSSA-N,CC1=CC=C(/C=N/NC2=CC=NC3=CC(Cl)=CC=C23)C(C)=C1,0.3790764560075274,0.5183595148462319,0.10601871
QSEJOZAGULTILJ-UHFFFAOYSA-N,CC(NC(=O)NC1=NC=CC=N1)(C(F)(F)F)C(F)(F)F,0.13688339310281,0.0026786398393967,0.010016828
FRJNADGQNLMKMU-UHFFFAOYSA-N,CC1=CC=CC=C1C(=O)NC(NCC1CCCO1)C(Cl)(Cl)Cl,0.1387086731969243,0.0210093468736696,0.016155198
SFRCPMXTOWXILH-UHFFFAOYSA-N,COC1=CC=C(OCCN2C=C(C=O)C3=CC=CC=C23)C=C1,0.2499284688268716,0.0571826864868705,0.10827935
HIVFAGONXYMEDS-UHFFFAOYSA-N,CCN(CC)CCCNC1=NC2=CC=C(Cl)C=C2C(C)(C)C1,0.1488896295568947,0.0425527382049844,0.011650705
GCPPVCWHGSQHNK-UHFFFAOYSA-N,COC1=CC=CC(CNC2=NC3=CC=C(OC4=CC=NC5=CC(OC)=C(OC)C=C45)C=C3S2)=C1,0.3893558118749464,0.3896011723045328,0.19026
WLEPXFAEZWYFFN-UHFFFAOYSA-N,N#CC1=CC=CC(C2=CC=C3C(=C2)CCN(CC2=NC4=CC(Cl)=C(Cl)C=C4N2)C3C2CCN(CC3CC3)CC2)=C1,0.4191067503432122,0.4161182418473615,0.21436672
QWXMOZLDROFVJG-LVZFUZTISA-N,CCOC(=O)C1=C(N)N(C2=CC=CC=C2)/C(=C2\SC(=S)N(C3=CC=C(C)C=C3)C2=O)S1,0.215460022665319,0.0954934814663488,0.18766327
QJQCNLRJDPNCKB-UHFFFAOYSA-N,CC1=CC(Cl)=CC2=C1NC(C1=CNN=C1C1=CC=C(Br)C=C1)NC2=O,0.2327446169143021,0.0764547590033633,0.11748482
PACRWHUPEPCFHX-UHFFFAOYSA-N,CC(=O)C1=C(C)C2=CN=C(NC3=CC=C(N4CCN(CC5=CN(CCOCCNC6=CC=CC7=C6C(=O)N(C6CCC(=O)NC6=O)C7=O)N=N5)CC4)C=N3)N=C2N(C2CCCC2)C1=O,0.4373641936059916,0.2027972179931238,0.51290196
XOCZGIFMFBFPGQ-UHFFFAOYSA-N,CC1=CC=CC=C1C(=O)NC(C1=CC=NC=C1)C(NC(=O)C1=CC=CC=C1C)C1=CC=NC=C1,0.1488619259508304,0.2088442629355834,0.17170481
JAAMOZDLMVJTNT-MKMNVTDBSA-N,O=C1C2=CC=CC=C2C(=O)C2=C1C=C(/C=N/O)O2,0.1066525896895665,0.037964932390353,0.043841448
QYFPOUWRZVTOCE-YVMONPNESA-N,FC1=CC=C(/C=C\C2=CC3=CC=CC=C3N=C2Cl)C=C1,0.3345253853723235,0.1160507500083729,0.11940984
LGIFDRMRYOXUCN-OMXGPXTPSA-N,O=C(CN1CC[C@@H](NS(=O)(=O)C2=CC=CC=C2)C1)NC1CCC2=CC(F)=CC=C2C1CC1=CC=CN=C1,0.1647671068004102,0.0694569150726251,0.15523681
ZDJKIXJFTBHEJK-UHFFFAOYSA-N,O=C1C(O)=C(NC2=CC(Cl)=C(OC3=CC=C(O)C(OC4=CC=CC=C4)=C3)C(Cl)=C2)C1=O,0.1908888705031183,0.1854315947599775,0.6497177
PKLNFRYDFDUUJP-UHFFFAOYSA-N,CO/N=C(\N)C1=CC=C(COC2=CC=C(/C(N)=N/OC)C=C2I)C=C1.Cl.Cl,0.2416871327446682,0.1645212811809385,0.05243917
VXRCHIBVBRJPHN-UHFFFAOYSA-N,CC1=CC=C(C2=CC(CN3CCN(C)CC3)=C(C)N2C2=CC=C(F)C=C2)C=C1,0.3332518821192575,0.0999577389179221,0.57249856
REXKYKQKJNSOLG-UHFFFAOYSA-N,C=C1NC(CO)CC2=CNC3=C(C(C4=CNC5=CC=CC=C45)C(O)CO)C=CC(=C23)N(C)C1C(C)C,0.4362829498897948,0.2400563005894003,0.111889094
OEWNORSXNDWQFL-ZDUSSCGKSA-N,C[C@H]1CCN(S(=O)(=O)C2=CC(NC(=O)CN3N=NC4=C3CN(C)CC4)=CC=C2Br)C1,0.1572430494006746,0.0345377804310546,0.012967279
BZDPFDTWYHBSHP-HNNXBMFYSA-N,C[C@H](NC1=NC=NC(N)=C1C#CC1=CC=CC=N1)C1=NC2=CC=CC(Cl)=C2C(=O)N1C1=CC(F)=CC(F)=C1,0.3970777809369031,0.1699960538799519,0.23846881
ZPGAQFQDUHUCHB-UHFFFAOYSA-N,COC1=CC(C(N)=O)=CC(C2=CC=C3N=CN=C(NC4=CC=CC(C(=O)N5CCOCC5)=C4)C3=C2)=C1,0.3927258552222625,0.1162286693990329,0.08575652
DMKJLNPJLIDEIY-UHFFFAOYSA-N,FC1=CC=CN=C1N1CCC(NCC2=CC=CC3=C2NN=C3)C1,0.2469253727214308,0.2606350646319341,0.05225721
PIWKUUTZFWFIOL-RFHZMROGSA-N,CC(C)CC(C)(C)C[C@H]1N(C)[C@@H](C(=O)NCC[C@H](O)CO)[C@H](C2=CC=CC(Cl)=C2)[C@@]12C(=O)NC1=CC(Cl)=C(F)C=C21,0.2755511863061077,0.1180967908170101,0.08797581
DCRKSTFXDNYHDN-UHFFFAOYSA-N,O=C(C1CN(S(=O)(=O)C2=CC=CC(Cl)=C2Cl)C1)N1CCN(C2=CC=NC=C2)CC1,0.1128560500642012,0.0516251383319041,0.058487274
CUEWOYAEVHHUTJ-XVNBXDOJSA-N,O=C(/C=C/C1=CC=C([N+](=O)[O-])C=C1)C1=CC=C(O)C(O)=C1,0.2095071050276166,0.0874325780952757,0.05575629
CJRHINFICMSRKT-UHFFFAOYSA-N,CC1(C(=O)NC2=NN=C(C(F)(F)C(F)(F)C(F)(F)C(F)(F)F)S2)CC1(Cl)Cl,0.1401778169505946,0.0066699135178354,0.010016828
IBBLFRRBQLNPHM-UHFFFAOYSA-N,O=C(C1=CC=C(F)C=C1)C1=CN=C(C2=CC=C(OCC3=CC=CC=C3)C=C2)N1S(=O)(=O)C1=CC=CC=C1,0.2104379755311924,0.0968887320036751,0.24635667
SNSAQXZPGJSWDS-UHFFFAOYSA-N,FC(F)(F)C1=CC=C(CNCC2CCN(CC3=CC=C4C(=C3)OCO4)CC2)C=C1,0.404046155105784,0.2600944230964908,0.32374018
UUFVAAYJGARGFX-UHFFFAOYSA-N,COC1=CC2=C(C(=O)OC(C3=CSC=C3)=C2C2=CC=C3C=CNC3=C2)C=C1OC,0.2783717877298866,0.0759219547565895,0.06315157
AAGWGNWTWBWIPB-SGAXSIHGSA-N,C/C=C\C(O)(C(=O)OC1CN2CCC1CC2)C1CCCCC1,0.1297039705269094,0.034709984655127,0.013778637
NXEADJBLBYYPHZ-CDRSNLLMSA-N,O=C1NC(=O)N(C2O[C@H](CO[N+](=O)[O-])[C@@H](O)[C@H]2O)C=C1F,0.4290334846331414,0.1955441248747198,0.039538138
KOGYOPLNKQJQFM-PHDIDXHHSA-N,O=C1NC(=O)N([C@H]2CS[C@H](CO)O2)C=C1F,0.4201737848234553,0.1707085615509789,0.039538138
WFJNHVWTKZUUTR-UHFFFAOYSA-N,CCC1CN2CCC1CC2C(O)C1=CC=NC2=CC=CC=C12,0.5902901271021579,0.4747231644884108,0.088654645
SPTDUYMUHLKWKH-UHFFFAOYSA-N,N#CC1=CC(C2=COC=C2)=C2C=CC(OCC3=CN=CC(C4(O)CCOCC4)=C3)=CC2=C1,0.3799502469861366,0.2323445700346105,0.07492344
ZGORXGRBHSPHOG-UHFFFAOYSA-N,O=C(C1=CC=C(OCCN2CCCCCC2)C=C1)C1=C(C2=CC=C(OCCN3CCCC3)C=C2)SC2=CC=CC=C12,0.3844455536476471,0.2018414929395766,0.41120616
IASUXOASOPXRFL-PAMZHZACSA-N,CCCCCNC(=O)C(CC1=CC=C(OC(C(=O)O)C(=O)O)C=C1)NC(=O)[C@H]1CCCC[C@H]1C(=O)O,0.114449575065706,0.0180840539392219,0.047426607
REUVFOBMQUHYFX-UHFFFAOYSA-N,CC1=C(C2=NC(C3=CC=C(C#N)C=C3)=CS2)C(C2=CC=NC3=CC=CC=C23)NC(=O)N1,0.4478247700349773,0.1783744266373761,0.095153615
FCFIMGYJKSFKSJ-OKCVXOCRSA-N,CC1=CC=C(CN2C=C(/C=N/NC(=O)CC3=NN=C(NC(=O)C4=CC=C(C)C=C4)S3)C3=CC=CC=C23)C=C1,0.2578480066183738,0.0783366606274489,0.30712897
VDGWDOHSWJJKQV-UHFFFAOYSA-N,CC1=CC=C(CN(CC2=CC=CO2)C(S)=NCC(=O)NCC2=CC=CN=C2)C=C1,0.2509096368165752,0.018220829897212,0.05195522
VTYYIGSBMPYSTJ-WUXMJOGZSA-N,CC1S/C(=N/N=C/C2=CC=CN=C2)NC1=O,0.1261049302887366,0.0193698721337936,0.014656747
JSBVZBNPPFFYSU-UHFFFAOYSA-N,CC1=CC(C)=CC(C(=O)OCCN2C([N+](=O)[O-])=CN=C2C)=C1,0.151916496372249,0.0257847413691306,0.026028026
BLVTUXCPBJQIGY-UHFFFAOYSA-N,COC1=CC2=NC=NC(NC3=CC(NC(=O)C4=CC=CC(N5CCOCC5)=C4)=CC=C3C)=C2C=C1OC,0.4034199063289723,0.1720682179312715,0.12192422
HLAAZUZARIFGMJ-UHFFFAOYSA-N,CC1=CC=C2NN=CC2=C1N(CC1CCCCC1)C1=CC=NC(NC2=CC=C(OCC(O)CN3CC=CCC3)C=C2)=N1,0.3832507804710818,0.4439070512011119,0.14265832
DVDIKQQQXLCKGK-SFTDATJTSA-N,CCN1C[C@@H]2C[C@H]1CN2C1=CC(F)=C(C2=CC=NC3=C(C4=C5C(=CC=C4)NN=C5)C(C4=CC=NC=C4)=NN23)C(F)=C1,0.39223234615605,0.3602876581164064,0.2613861
WAAGETXJKVFISA-UHFFFAOYSA-N,CCCC(=O)NCC1=CC=C(F)C(OC)=C1,0.0889916686284227,0.0237419117566646,0.020258287
FUJMLRVGPZPFCD-QHCPKHFHSA-N,CN(C)CC[C@@H]1NC(=O)C2=COC(=N2)C2=COC(=N2)C2=CC(=CC=C2)C2=CC(=CC=C2)C2=NC(=CO2)C2=NC(=CO2)CNC1=O,0.3997928805060867,0.1842918501033346,0.3990565
AQMNBSBCJPFTAD-ZAZKALAHSA-N,O=NN(CCCl)C(=O)N[C@@H]1CC(N2C=C(F)C(=O)NC2=O)O[C@@H]1CO,0.4106752137372402,0.2398239215686914,0.039538138
YUFCNMYEHQBUMA-UHFFFAOYSA-N,CN(C)CC1=CC(NC2=CC=NC3=CC(Cl)=CC=C23)=CC(C2=CC=C(Cl)C=C2)=C1O,0.3882686815659337,0.598350180693192,0.30143362
BXCVYLDOQZSVNT-UHFFFAOYSA-N,O=C(NC1=CC=C(Cl)C=C1)NC1=CC=CC(CNC2=NC3=CC=C(OCCN4CCOCC4)C=C3S2)=C1,0.4017916464178541,0.1577542168002519,0.08712989
OQBCLYYEIOWMNX-UHFFFAOYSA-N,O=C1NC(=O)C(=CNC2=CC=CC=C2S)C(=O)N1,0.1507019371079307,0.0283847958591644,0.037709538
SJJWYVDGVRXTKZ-NDENLUEZSA-N,CCCC1=C(COC2=CC=C(/C=C3\SC(=S)NC3=O)C=C2)C=CC(C(C)=O)=C1OC,0.1398652966011791,0.025462774317639,0.10518904
PXURFKCXRZBPBS-OVVQPSECSA-N,CC1=CC=C(NC(=O)CC/C(CC(=O)C2=CC=C(F)C=C2)=N\NC(=O)C(=O)NN)C=C1C,0.2669529474957445,0.1457584273035423,0.15328568
KDHWXYCRFWFNAS-UHFFFAOYSA-N,CC1=CC=CC=C1CN1CCC(CNC2=NC(C3=CC=C(Cl)C=C3)=C(C3=CC=C(Cl)C=C3)S2)CC1,0.4631549221587207,0.4243206482092926,0.1703812
JQZORGJKJKJHPO-UHFFFAOYSA-N,COC1=CC=C2C=C3[N+](=CC2=C1OCCN(CCN1C=NC([N+](=O)[O-])=C1)CC1=CC=CC(Cl)=C1)CCC1=CC2=C(C=C31)OCO2,0.4559873600468493,0.24720018917581,0.36272913
PQWIFCLBKGKDKN-UHFFFAOYSA-N,CC1CC2=NN(C)C(CC3=CC=CC=C3Cl)=C2C2=NC(NC3=CN(C4CCNCC4)N=C3)=NC=C12,0.4069827596089029,0.1923808884149757,0.10538648
JPSWRULQKIRWQG-XZSOOZFNSA-N,CCN1C(=O)/C(=C2\SC3=CC(OC)=CC=C3N2C)S/C1=C\C1=CC=CC=[N+]1CCCCCCNC(=O)CCCC[C@@H]1SC[C@@H]2NC(=O)N[C@H]12.[Cl-],0.3827536033595064,0.1629527574772038,0.14589679
UHTCYYZDKLDSFJ-DEOSSOPVSA-N,CCN(CC1=CC=CC=C1)C1=NC=CC(C2=C(C)N=C(NC(=O)N3CCC[C@@]3(C)C(N)=O)S2)=N1,0.2118158015286709,0.0628513191985699,0.12596811
MLQFZVYOUUFHRI-RTWAWAEBSA-N,CN1C(=O)C2=C(N3CCCC3)N(CC3=CC=C(C4=CC=CC(F)=N4)C=C3)N=C2N2C1=N[C@@H]1CCC[C@H]21,0.4537618504650215,0.1656767431403632,0.24612536
BRVYETPRGCQZJA-JMGYQRAPSA-N,C[S@+]([O-])C1=CC=CC2=C1N(CC1=CC=C(Cl)C=C1)C1=C2CCC[C@@H]1CC(=O)O,0.1978231557151642,0.1160737768479283,0.07612054
ZATZPKWMHAVILZ-UHFFFAOYSA-N,O=C(C1CC2=CC=CC=C2CN1S(=O)(=O)C1=CC=C(F)C=C1)N1CCOCC1,0.1409362138667153,0.0039842604528963,0.06149312
JCBZBASAERQUKE-UHFFFAOYSA-N,CN(C)C1CCN(C2=NC=NC3=C2OC2=CC=C(Cl)C=C32)C1,0.2096565399882469,0.1244027707966288,0.019562487
PAGNERNSMOUOJL-MRVPVSSYSA-N,COC1=C(N2CC[C@@H](N)C2)C(F)=CC2=C1N(C1CC1)C1=C(C2=O)C(=O)NS1,0.2495558596560712,0.1288540449402782,0.21354479
GMMGPQYTVQPYNY-UHFFFAOYSA-N,CSC1=NC=C(Cl)C(C(=O)NC2=C(C(=O)NC3=CC=CC(Cl)=C3)OC3=CC=CC=C23)=N1,0.5309087317787687,0.0810482792311786,0.15365013
NSNBMHHTVLYYNO-ZHIQAQTNSA-N,O=C1N=C(N2CCC[C@H]2C(=O)NC2=CC=C3N=CN=C(NC4=CC=CC(Cl)=C4)C3=C2)S/C1=C/C1=CC=CC(Br)=C1,0.3918648218152146,0.1531846403054486,0.23806314
IHPIALVXPHPONZ-UKKRHICBSA-N,O=C(O[C@H]1C[C@H](N2C=C(F)C(=O)NC2=O)O[C@@H]1CO)[C@@H]1CCCN1,0.4121275146275153,0.2220177359242436,0.039538138
ACLAJGXZPMTKKQ-UHFFFAOYSA-N,CN1C=NC=C1C(OCC1=CN(CC2=CC=CC(F)=C2)C(=O)C=C1C1=CC=CC(Cl)=C1)C1=CC=C(C#N)C=C1,0.3152170435802644,0.0643657596288806,0.12177494
ZLOZRAAVRLVUTH-UHFFFAOYSA-N,CC1=CC(C)=CC(NC(=S)N2CCC(C(=O)C3=CC=C(F)C=C3)CC2)=C1,0.188171995823864,0.0299038332869863,0.050395206
RSQSXYQWUKFWHP-UHFFFAOYSA-N,CCCCCC1=CC=C(S(=O)(=O)NCCC2=C(C3=CC=CC=C3)NC3=CC=CC=C23)C=C1,0.1310770251560273,0.1458135599654729,0.108654454
PSOZCEKRBXNIJR-WMMXXEOUSA-N,COC1=CC=CC2=C(C3=CC=C4C(=C3O)[C@@H](C)N[C@H](C)C4)C=C(C3=C(C)C(C4=CC=C5C(=C4O)[C@@H](C)N[C@H](C)C5)=C4C=CC=C(OC)C4=C3O)C(O)=C12,0.4363181749798449,0.4202752604092032,0.5693638
CNEUJSQUCXSRDD-UHFFFAOYSA-N,CC1=NC2=CC=C(C3=CC=NC4=CC=CC=C34)C(C)=C2C(=O)N1,0.3958947656119497,0.1613094718496303,0.09422724
NLLBBSDKZXVPRO-UHFFFAOYSA-N,COC1=CC=C2N=C3C=C(Cl)C=CC3=C(NCCCNCCCNC3=C4C(=NC5=CC(Cl)=CC=C35)C=CC(OC)=C4)C2=C1.Cl,0.3099477033096093,0.4634706702406385,0.4153033
CIXIDMRVXDGRJV-UHFFFAOYSA-N,COC1=CC=C(CN(CC2=CC=CC=C2)CC2=C(O)C=CC3=C2OC(C)=CC3=O)C=C1,0.1635019624723501,0.1717913812652186,0.083533354
FTZJPVACCUYPRH-UHFFFAOYSA-N,O=C1N=C2N(C3=CC=CC=C3F)C3=CC=CC(Cl)=C3C=C2C(=O)N1,0.2679909407306455,0.1448006551731947,0.1561373
PEXVJRSYTQCVFU-UHFFFAOYSA-N,CC1=CC=CC=C1C(=O)NC1=CC=C(S(=O)(=O)NC2CCN(C(=O)CCCN3CCOCC3)CC2)C2=CC=CC=C12,0.2447356167417907,0.1014593999568477,0.29082885
VXJDWXDHKHVKGE-UHFFFAOYSA-N,CC(C)CN1C(=O)C(=CC2=CC=CC=C2)C(=O)N(CC(C)C)C1=O,0.1847181796661522,0.0559160386719746,0.037265927
PZKKEOGCYNWGSA-UHFFFAOYSA-N,CC(OC1=CC(C2=CC(C3=CC=CS3)=CN=C2N)=CC=C1C(N)=O)C1=CC=CC=C1C(F)(F)F,0.3223012611683681,0.106100132263804,0.2523109
QMCFBRPLMVFDBX-CZWSTMTISA-N,C[C@@H]1CCCCO[C@H](CN(C)CC2=CC=C(C(F)(F)F)C=C2)[C@H](C)CN([C@H](C)CO)C(=O)C2=CC(NS(=O)(=O)C3=CC=C(Cl)C=C3)=CC=C2O1,0.1632395961394533,0.1823408271875507,0.3165286
JZPFDUSVFDKDJU-NYTNZEMMSA-N,C[C@H]1CN(C[C@@]2(O)CC[C@@]3(C)[C@@H](CC[C@H]4[C@@H]5CCC(=O)[C@@]5(C)CC[C@H]34)C2)[C@H](C)CN1CC1=CC(C(F)(F)F)=CC=C1C(F)(F)F,0.3831718330965412,0.118701060359407,0.0152555965
ZWSLETCZJJZPEH-UHFFFAOYSA-N,CNC(=O)C1=CN=C(OC2=CC(C(=O)NC3=CN=C(C)C=N3)=CC3=C2C=C(C)O3)C=N1,0.2188775303137065,0.0625451823347803,0.11297136
LLKOIOPUDUDOFR-FJGPGAONSA-N,CS(=O)(=O)OC1=CC=C2C(=C1)O/C(=C\C=C\C1=CC=CC=C1)C2=O,0.2012145631300698,0.0581252871708129,0.13576788
OCJCJHZUUXLOHA-UHFFFAOYSA-N,COC1=CC=C(Cl)C(NC2=NC=NC3=CC(OC)=CC(OC)=C23)=C1,0.3214822805907993,0.1374713550024974,0.121503085
GDFHQFHLYUVXNW-LJQANCHMSA-N,CCC[C@@]1(C)N=C(C2=CC=CC=C2)C2=CC(Cl)=CC=C2NC1=S,0.2477516604411813,0.084947464106144,0.062344387
WKQDFBKYIAEZEP-UHFFFAOYSA-N,COC(=O)C(=CC1=CC=C([N+](=O)[O-])C=C1)C(=O)OC,0.0904762364886175,0.0065064056975349,0.028404277
JUXGKFCANLESSD-UHFFFAOYSA-N,CCCCCCNC1=C(OC)C=CC2=C(CC3=CC=CC=C3)C3=[N+](C=C12)CCC1=CC2=C(C=C31)OCO2.[Br-],0.3798894959089707,0.3885285496569085,0.33053383
LWMHETDODOVEBY-UHFFFAOYSA-N,CCCCOC1CCC2=NC3=CC(Cl)=CC=C3C(NCCCCCCCCCNC3=C4C(=NC5=CC(Cl)=CC=C35)CCC(OCCCC)C4)=C2C1,0.3967124133074403,0.4460120902845004,0.65646964
GUEJZPIBPZKHNG-UHFFFAOYSA-N,CCOC1=CC=CC2=C1N=C(N(CCN(C)C)C(=O)C1=CC=C3C(=C1)OCCO3)S2,0.1948512789979403,0.0723055735398553,0.061829377
HPXXKNABZRWSTG-LQKURTRISA-N,CN1C(C2=CC=CC=C2)=C(/C=N/NC2=CC=NC3=CC(Cl)=CC=C23)C2=CC=CC=C12,0.4450077171515565,0.5406633709764839,0.120791465
LFIYFGISUSRLNS-UHFFFAOYSA-N,COC1=CC=C(NC2=NC=NC3=CC=C(NC(=S)NC4=CC=CC(Cl)=C4)C=C23)C=C1,0.3946884248214576,0.3807489608826519,0.25238654
PCCQQHMLBXTKGT-UHFFFAOYSA-N,CC1=CC=C2C(=C1)C1=CC=[N+]2CCCCC[N+]2=CC=C(C3=CC(C)=CC=C23)NCCCCCN1.O.O=C([O-])C(F)(F)F.O=C([O-])C(F)(F)F,0.3917816738586592,0.1896906443605175,0.33190838
FMVWNXJKPZQHCA-UHFFFAOYSA-N,CCOC(=O)C1=CN(CC2=C(F)C=CC=C2F)C2=NC(C3=CC=C(NC(=O)NCC4=CN(CCOCCOCCN=[N+]=[N-])N=N4)C=C3)=C(CN(C)CC3=CC=CC=C3)N2C1=O,0.3088950941620911,0.1293644255518115,0.44825011
NYBXYMGDFWQVNQ-UHFFFAOYSA-N,CCOC(=O)C1=C(NC(=O)CSC2=CC=CC=[N+]2[O-])SC(C(=O)NC2=CC=CC=C2)=C1C,0.1884585585378503,0.1037557400651413,0.19484518
VZIXWFKNRFFMNN-UHFFFAOYSA-N,CC(C)CN(NC(=O)C1=C2C(=NO1)C=CC=C2)C1=NC(C#N)=NC=C1Br,0.265861552454441,0.0836420745408205,0.044513144
BLFPUHXCVANUTH-UHFFFAOYSA-N,O=C(NCC1=CC=CN=C1)C1=CC=C(NS(=O)(=O)C2=CC=CC=C2)C=C1,0.0552005371404874,0.0102958604604079,0.09402474
PAGSICJZLWTLMM-UHFFFAOYSA-N,COC1=CC(OCC2=CC=CC(C3=CN=C(F)C(C)=C3)=C2)=C2C=C(C3=CN4N=C(OC)SC4=N3)OC2=C1,0.3788863643951408,0.1721312946687884,0.25025195
SYQYTRMQKJCPNR-YSJJMVFISA-N,O=C1NC(=O)N([C@H]2C[C@H](O)[C@@H](COP3(=O)OCC(O)CO3)O2)C=C1F,0.4680822358801207,0.2339607326935994,0.039538138
HKJICRDKLNIKKW-UHFFFAOYSA-N,ClC1=CC=C2C(NCCCCNC3=NC=CC(NC4=CC=CC=C4)=N3)=CC=NC2=C1,0.3830402025409897,0.5395134514233956,0.29791754
PHNAXDMXCYGYGB-OOFFNIEVSA-N,COC(CC1OC(=O)CC(O)C/C=C\C(=O)C(C)C(OC)C2=COC(=N2)C2=COC(=N2)C2=COC(=N2)/C=C\CCC1C)C(C)CCC(=O)C(C)C(C/C=C/N(C)C=O)OC,0.4116470393607204,0.1713630092098322,0.1195285
YTQSVAKKJXBNDL-UHFFFAOYSA-N,CCC1=C(C)CC(C(=O)NCCC2=CC=C(S(=O)(=O)NC(=O)NC3CCC(C)CC3)C=C2)C1=O,0.1671638225047454,0.0327663891646698,0.086829074
POMKNVSPIRVORC-UHFFFAOYSA-N,COC1=NN2C=C(C3=C(F)C=CC=C3F)C(C3=CC=C(CN4CC(C5=NNC(C6=CC=CC=N6)=N5)C4)C=C3)=NC2=C1CO,0.4097110355500392,0.3539033672738199,0.65645534
CNKULZYKNGMIIR-BJKOFHAPSA-N,COC1=CC=C(C2=NN(C(C)C)C(=O)[C@@H]3CC=CC[C@H]23)C=C1C#CC(=O)NCC1=CC=CC=C1,0.2580748718868252,0.056367621515482,0.19392906
CUKQYCYJOFKYAJ-UHFFFAOYSA-N,CC1=CC=C(S(=O)(=O)N2CCN(C(C3=CC=CC=C3)C3=CC=CC=C3)CC2)C=C1,0.0951010497354806,0.0172006079147611,0.20206022
OMKNOZUOHMDXNP-PXDAIIFMSA-N,C[C@H](O)[C@@H]1CN2CCC3=C(NC4=CC=CC=C34)[C@@H]2C[C@@H]1N(C)C(=O)NC1=CC=C(Br)C=C1,0.2654984623384669,0.1090865250382983,0.060413413
UGCNRXUEBLUACM-UHFFFAOYSA-N,CC(C)(C)C1=NC(C2=CC=NC=C2)=C2C(N)=C(C#N)C(N)=NC2=N1,0.2247040212976743,0.1773187659323477,0.07229262
KVFWUGVRWUWBNZ-NSHDSACASA-N,C[C@@H](CO)OC1=NC=CC=C1C1=CC=C(C2=CN=C(N)C=N2)C(F)=C1,0.4046090785646997,0.1830783607630596,0.12922376
FVXGZVWGOFVUIM-FIRIVFDPSA-N,O=C1N(CC2=CC=C(CO)C=C2)[C@H](CC2=CC=CC=C2)[C@H](O)CN(CC2=COC=C2)N1CC1=CC=C(CO)C=C1,0.2360346755091331,0.0972334360658985,0.0703741
IGKRBWTWRQNUEN-UHFFFAOYSA-N,CC1=CC(=O)OC2=CC(NC(S)=NCC3=CC=CC=N3)=CC=C12,0.2981246100408771,0.1016597113597461,0.07266413
XMVDRTLPWWRNNW-UHFFFAOYSA-N,CC(=O)OCC(COC(C)=O)(CN1C(=O)C2=CC=CC=C2C1=O)CN1C(=O)C2=CC=CC=C2C1=O,0.0930549399674343,0.0411472130941921,0.20439585
OSOVTHSUTDEIKI-IRLDBZIGSA-N,CC1=CC=CC(CCC(=O)N2CCN(C(=O)N3C(=O)[C@H](CC4CCNCC4)[C@H]3C(=O)O)CC2)=C1,0.3985750848635903,0.017439050838331,0.07713842
DVIQWYZZFHGVAM-UHFFFAOYSA-N,CN(C)CCC1=C(C(=O)NCC2=CC=CC=C2)NC2=CC=C(CCN3C(=O)NC(C)(C4=CC=CC=C4)C3=O)C=C12,0.2447765744856463,0.2378812280980526,0.33093652
NSMPJAYXYKAEJY-UHFFFAOYSA-N,NC1=NC(O)=C2NC(CC3=CSC=C3)=NC2=N1,0.1811223179693167,0.0942600013349556,0.014029847
FXLFNEVHWHPROF-UHFFFAOYSA-N,N=C(N)C1=CC=C2NC(C3=CC(C(CC(=O)O)C(=O)O)=CC(C4=CC=CC=C4)=C3O)=NC2=C1,0.2355182004203948,0.2027026634730403,0.28318483
IQCOWROPCJZUPP-KKUMJFAQSA-N,N#C[C@@H]1CCCN1C(=O)[C@@H]1C[C@H](C(=O)N2CCCCCC2)CN1,0.1511373168796057,0.0291542144885225,0.013778637
MSRQQNCNMZZRMW-UHFFFAOYSA-N,COC1=CC(OCC2=CSC(C3(C4=CC=C(Cl)C=C4)CCOC3)=N2)=C2C=C(C3=CN4N=C(OC)SC4=N3)OC2=C1,0.3881006475351655,0.2763005892616452,0.3939113
WWYFVFJZLKWRGV-VZGYSGOJSA-N,CC1=CC(C2=CN=C(C(C)NC3=NC=CC(N4C(=O)OC[C@@H]4[C@@H](C)C(F)F)=N3)N=C2)=CC=C1F,0.3804192878448364,0.0487472578853699,0.122583546
QCDDZWGONJIQDE-UHFFFAOYSA-N,CNC1CCCN(C2=CC=C(NC3=C4C(=NC=C3C(=O)C3CC3)C=CC(C3=CC(Cl)=C(O)C(Cl)=C3)=C4)C=N2)C1,0.4357769279378703,0.1816421055617877,0.24906397
VZHBXAGJFBJPAA-UHFFFAOYSA-M,COC1=CC=C2C=C3[N+](=CC2=C1OCCCOC1=CC=C(C2=NC4=CC=CC=C4S2)C=C1)CCC1=CC2=C(C=C31)OCO2.[Br-],0.4329387091658508,0.3580826481141719,0.36726013
AGADFQNWGUDFRP-UHFFFAOYSA-N,OC1=CC=C2C(=C1)CCN(C1=CC=CC=C1)C2C1=CC=C(F)C=C1,0.1583997280729672,0.0966199025235876,0.10919645
GXJIMXZNGIRFKA-UHFFFAOYSA-N,CC1=CC=[N+](CC(=O)CCC2=CC=C(C(=O)C[N+]3=CC=C(C)C=C3)C=C2)C=C1,0.1276574951779563,0.1735046683115998,0.24517891
IJUYMMANCPKLLM-UHFFFAOYSA-N,CCOC1=NC2=NC(C)=C(C(=O)O)C=C2C(C2=CC=CC=C2)=C1C#N,0.2376924792503475,0.0417933752430058,0.086214945
CXNZLOIPQFMHLT-UHFFFAOYSA-N,O=C(C1=CC=C(OCCN2CCCCC2)C=C1)C1=C(C2=CC=C(Cl)C=C2)SC2=CC(O)=CC=C12,0.3880386860372123,0.2226307657452259,0.25426462
CSCFEDOGGKUFCG-UHFFFAOYSA-N,CC1CC2=CC=CC=C2CN1CC1=CC=CC=C1,0.1003939887900187,0.0680670803017615,0.05195557
VFWDGPGEEXHKEO-XZMKWJKUSA-N,COC(=O)[C@]12CCC(C)(C)C[C@H]1C1=CC[C@@H]3[C@@]4(C)C[C@@H]5C(=NN[C@H]5C5=CC=CC=C5)C(C)(C)[C@@H]4CC[C@@]3(C)[C@]1(C)CC2,0.3881062449138962,0.1861937905174808,0.066927
MSXLHWBXRFPWGL-UHFFFAOYSA-N,BrC1=CC=C2C(=C1)C1=NN=C(C3=CC=C(CN4CCC(C5=NN=C(C6=CC=CC=N6)N5)CC4)C=C3)N1C1=CC=CN=C1N2,0.400806677060576,0.3122350189719263,0.44317243
QRCRFTCFYITDSV-UHFFFAOYSA-N,NC(=O)C1=CC=C(C2=C(C(=O)C3=CC=C(OCCN4CCCCC4)C=C3)C3=CC=C(O)C=C3S2)C=C1,0.3965567876788993,0.2080333447943609,0.38836846
OOZBGNAEKJAEMB-AJBULDERSA-N,CCCCC1CC2=CC(OC)=CC=C2C2=C(/C=N/CC3=CC=CC=C3)C3=CC=C(OC)C=C3N12,0.380290487648141,0.3052187353120689,0.13393787
BHHOHHJQIWOOLY-KCFYYHDHSA-N,FC1=CC=C(NC2=CC3=NC4=CC=CC=C4N(C4=CC=C(F)C=C4)C3=C/C2=N/CCCCC23CCCCN2CCCC3)C=C1,0.379830961970962,0.3561726978042888,0.2145489
HVYGXVLRTTXUEL-LBPRGKRZSA-N,CSCC[C@H](NC(C)=O)C(=O)NCCN1C=CN=C1C,0.1217857387727043,0.011134812022236,0.010016828
BHJPNHPIGQEPCN-UHFFFAOYSA-N,CCOC(=O)C1CCCN(CC2=CC=C(O)C(OC)=C2)C1,0.1583342122883405,0.0429685551683576,0.011095089
DMTWTSCIJIGXEM-OIJZNPKMSA-N,CC[C@H](C)[C@H](NC(=O)C[C@H](O)[C@H](CC(C)C)NC(=O)[C@H](CC1N=CC=N1)NC(=O)[C@H](CC1=CC=CC=C1)NC(=O)OC(C)(C)C)C(=O)NCC1=CC=CC=N1,0.3361638396067983,0.1195300117593111,0.19441009
WEALPBWASYLNRI-GIJQJNRQSA-N,CC1=CC(=O)OC2=CC(/N=C/C3=CC=C(O)C=C3O)=CC=C12,0.2844131688325324,0.2306934697720113,0.09529511
NHUICIYKHRDWEK-UHFFFAOYSA-N,CC1=CC=CC(CNC2=NC=NC3=C(C(N)=O)C=CC=C23)=C1,0.1972419803826764,0.1337848243138788,0.052912097
OSXKPNSQFLCKBF-UHFFFAOYSA-N,CC1=CC=C(C)C(N2CCN(C(=O)CCC(=O)N3CCOC4=CC=C(Cl)C=C34)CC2)=C1,0.1767283088511272,0.046988952969094,0.05323276
BQCYIIVLNTWNSU-UHFFFAOYSA-N,COC1=CC2=C(NC3=CC=C(Cl)C(Cl)=C3)N=CN=C2C=C1OCC1=CSC(C2CCCCN2C)=N1,0.3983971565539601,0.3312024871189589,0.076125674
IQBXYHKRGWPSAY-CNORLSDQSA-N,C=CC1=C[N+]2=C(C(O)=C1C[C@H]1C3=C(C4=CC=CC=C4N3)CCN1C)C1=C(C3=CC=C(O)C([C@H]4CCCN4C)=C3N1)CC2.[Cl-],0.4386602698836732,0.5376741030534282,0.32820794
CDGXTJIQOFQZAW-UHFFFAOYSA-N,CC1=CC=C(C2=C(C3=NN=C(C(F)(F)F)O3)C(=O)NC(C3=CC=C(OCCCC(F)(F)F)C=C3)(C(F)(F)F)C2)C=C1,0.3056272178786875,0.0817791708669178,0.19010463
NWNWOSZIYTYPLI-UHFFFAOYSA-N,CC(=O)NC1=CC=CN=C1NC1=NC=NC2=CC=C(C3=CC=CC(N4CCOCC4)=C3)C=C12,0.4434463035009772,0.1055531973584658,0.14508764
FKRUTODYQQBSGD-UHFFFAOYSA-N,COC1=CC=CC(C2=C3N(N=C2C2=CC=NC=C2)C(C2=CC=C(N4CC5CCC(C4)N5C)C=C2)=CC=N3)=C1,0.3836851004795698,0.2721904309874463,0.15600404
BTQRGQYBCTZVTK-UBMCIHALSA-N,CC(C)=C[C@H](O)C[C@@H](C)[C@H]1CC[C@@]2(C)[C@@H]3CC[C@H]4[C@](C)(CO)[C@@H](OS(=O)(=O)O)CC[C@@]45C[C@@]35CC[C@]12C,0.2563237700038659,0.1250247917251588,0.013778637
HKJSWMNQUSNTTP-DSITVLBTSA-N,CCCCCC[C@H]1C(=O)N[C@H](C(=O)NCCCN2C=CN=C2)CC2=CC=C(C=C2)OCCC[C@@H]1C(=O)NO,0.3168749493043385,0.0695416905555319,0.074450724
ZIFFNGCWCJSQNG-JFLMPSFJSA-N,COC1=CC=C(CN2C=C(CO/N=C/C3=C(C4=CC=CC=C4)N=C4C(C)=CC=CN34)N=N2)C=C1,0.2873121084672909,0.1213900685288316,0.04745574
DHOHJHINZMGEQL-ZEQRLZLVSA-N,CN1C[C@@H]2CC[C@H]1CN2C1=CC=C(C2=CC=NC3=C(C4=C5C(=CC=C4)NN=C5)C(C4=CC=NC=C4)=NN23)C=C1,0.4125749101833854,0.3028843910778876,0.10775786
PTGQMXBBAJPDIZ-PKAIDYEGSA-N,CC[C@H](C)[C@H](NC(=O)[C@H](CC(C)C)NC(=O)[C@H](CCCNC(=N)N)NC(=O)C1=CC=C(N2CCNCC2)C=C1)C(=O)N[C@@H](CC1=CC=CC=C1)C(=O)O,0.3895862077071925,0.1829828632649491,0.38118258
GSILVIRHZQJUGG-UHFFFAOYSA-N,C1=CC=C(OCCCCNC2=CC=NC3=CC=CC=C23)C(NC2=C3C(=NC4=CC=CC=C24)C=CC=C3)=C1,0.4097834262624638,0.6805601696246893,0.67388976
PNIPGJJCIHPIOP-RQZCQDPDSA-N,O=C(O)C1CCCN(CCO/N=C/C2=CC=C(Br)C=N2)C1,0.2074316949729838,0.0553789819516493,0.01637698
PXFMHNKGUWXYLT-UHFFFAOYSA-N,ClC1=CC(Cl)=CC(NC2=NC(NCC3=CC=CO3)=C3C=CC=CC3=N2)=C1,0.6350952335847128,0.6137932444675503,0.82132155
OOVDEPZODSXAMU-UHFFFAOYSA-N,COC(=O)C(C)(N)CC1=CC=C(O)C=C1.Cl,0.0716543785768968,0.0022290374291322,0.019127905
DKFSLQBZVWOHFK-UHFFFAOYSA-N,COC1=CC=C(CC(C)(OC2=CC=C(C(C)C)C=C2)C(=O)O)C=C1,0.1061746941993923,0.0224542059192703,0.05459418
MGGAVHMSVGABJH-NDVSTMMLSA-N,C[C@H]1CN([C@@H]2CC[C@@]3(CCO[C@H]3OCC3=CC(F)=CC(C(F)(F)F)=C3)C2)CC[C@@]12C=CC1=CC=CC=C21,0.2940968036237328,0.2595818679253485,0.230237
YOBHJWOWMBSVMO-QZCRLSDHSA-N,CC1=CC(CC2=C(C3=CC=C(OCCN4CCCC4)C=C3)SC3=CC(O)=CC=C23)=CC=C1O[C@@H]1CCCC[C@H]1N1CCCC1,0.5057709591684814,0.466892935703205,0.5788866
QPTSDXGLCQPVCW-UHFFFAOYSA-N,COC1=CC2=C[N+](CCC3=CC=C(F)C=C3)=CC=C2C=C1O.[Cl-],0.1601863057319716,0.3604631345554412,0.3011038
VDIZGBPQRHNXNZ-UHFFFAOYSA-N,CC1=CC(NCC2=CC=C(F)C=C2)=NC(N2CCCCC2)=N1,0.145258260932495,0.1400842482108808,0.044844575
CYHPCJAQNAXMNQ-UHFFFAOYSA-N,O=S(=O)(NC1=CC=CN=C1)C1=CC=C(Br)C=C1OC(F)(F)F,0.1183273545891516,0.0192717335458269,0.07543623
YYOQJBGOHXSFPI-UHFFFAOYSA-N,COC1=CC(CNC2=CC=C(NC3=C4C(=NC5=CC=CC=C35)CCCC4)C=C2)=CC=C1O,0.4379613335647763,0.5139327902936413,0.84135616
IFLIQOSTGMUKGK-BJMVGYQFSA-N,CCC(/C=N/NC(=O)C(N)=O)CC,0.0858490847807444,0.0020377904733231,0.010016828
QQCDQPNSLRTTDZ-UHFFFAOYSA-N,ClC1=CC=CC(NC2=NC=NC3=CC=C(NCC4=CC=CC=C4Br)C=C23)=C1,0.3920387914870132,0.4020519714777668,0.16407779
GBGQWWXXTJGABQ-UHFFFAOYSA-N,O=C(O)C1=CC=C(Cl)C(S(=O)(=O)NC2=CC=C3NC(O)=NC3=C2)=C1,0.1322636504661193,0.1407302966961817,0.113778085
ALRFTBXFWLXUKF-IGSQEJEMSA-N,C/C=C/[C@H]1[C@H](C(=O)C2=C(O)C(C3=CC=C(OC(=O)/C=C/C4=CSC=C4)C=C3)=CNC2=O)C=C(C)[C@H]2CC[C@H](C)C[C@H]12,0.3857559268663386,0.1157922697920571,0.20302507
MXOYAJBTEOPWLQ-KLCVKJMQSA-N,N#C/C(=C\C1=CC=CC=C1Cl)C(=O)NCCCNC(=O)/C(C#N)=C/C1=CC=CC=C1Cl,0.1871710012093576,0.0486626218926845,0.05939514
XACFMCPSHAGRDW-OVDNTTTISA-N,N=C1/C(=C\C2=COC3=CC=CC=C3C2=O)C(=O)N=C2SC(C3=CC=NC=C3)=NN12,0.3312167298741696,0.1341377758799212,0.52275765
GDLXJLSRWACTFX-IQJOONFLSA-N,CC1=CN([C@H]2C[C@H](O)[C@@H](OC(C)(C)C)O2)C(=O)NC1=O,0.2426082889095386,0.0334202837537981,0.011482693
HRCPSKADZFSMPG-UHFFFAOYSA-N,O=C(NC1=NC(C2=CC=CC(C(F)(F)F)=C2F)=CS1)C1=CN=C(N2CCC(C(=O)O)CC2)C(Cl)=C1,0.2032943622851665,0.0672371952575157,0.21725747
CWDSRCRXEIVDFU-WUFINQPMSA-N,CC1=CC=C(S(=O)(=O)N[C@@H](CC2=CC=CC=C2)[C@H](O)CN2CCN(CC3=CC=C([N+](=O)[O-])C=C3)CC2)C=C1,0.1495938485647205,0.1424801639799017,0.31555912
APCPYOFTCBTKPW-UHFFFAOYSA-N,CCC1=CC=C(N2N=C(CO)C(C(=O)NCCCC3=CC=CC=C3)=N2)C=C1,0.1764526509428635,0.0736603404942084,0.1065136
BJYWPFAOIYUNMB-UHFFFAOYSA-N,COC1=CC=C(C2=C(C3=CC=C(C(N)=O)C=C3C)N(C3=CC=C(S(N)(=O)=O)C=C3)C=C2)C=C1,0.1444591667954649,0.0885852320912958,0.31389248
SXAMRBCEMSYDQB-UHFFFAOYSA-N,CN1C(=O)N(C2=CC=CC(C(F)(F)F)=C2)C2=C(C(=O)CCC2)C1C1=CC=C(C#N)C=C1C1=CCOCC1,0.2666572197109506,0.0849160803590277,0.16202919
TVKGONBRXLKFQC-UHFFFAOYSA-N,OCC1=CSC(C2=CC=C(CO)S2)=C1,0.164315339411263,0.0154571668806046,0.016408727
CUQPTMGVVQNXDH-UHFFFAOYSA-N,CC(C)(C)C1=NN(C2=CC=C(OCCN3CCOCC3)C=C2)C(NC(=O)NC2=CC=C(OC3=CC=NC(NC4=CC=C5C(=C4)C=NN5CCN4CCOCC4)=N3)C3=CC=CC=C23)=C1,0.4386993831956631,0.2750284955359216,0.30466396
KULZHONWEGEVFY-UHFFFAOYSA-N,CC1=CC=CC(N(CC2=CC3=CC=CC=C3N=C2O)C(=O)C2=CC=CS2)=C1,0.1920820459916424,0.0767499973949897,0.076757826
QESCCBUZTGYBRY-UHFFFAOYSA-N,CC1=CC=C(N2N=C(C(C)(C)C)C=C2NC(=O)C2=NNC3=CC=CC=C23)C=C1,0.1524806617023863,0.090015111651854,0.113626845
WHZWXPNEFSVGAQ-UHFFFAOYSA-N,COC1=CC2=C(C=C1OC)CN(CCC1=CC=C(NC3=NC(C4=CC=C(Cl)C=C4)=NC4=CC=CC=C34)C=C1)CC2,0.4093510416700931,0.4167090598924794,0.29571325
QOQGMXBUBIXOLQ-RMKNXTFCSA-N,CCCN1C(=O)NC2=C(N=C(C3=CC=C(/C=C/C(=O)OC)C=C3)N2)C1=O,0.2311007683233972,0.0582660526574756,0.074597605
LWKFROGLOGOBFK-LPYMAVHISA-N,COC1=CC(/C=N/NC(=O)CN2CCN(C3=CC=C(F)C=C3)CC2)=CC=C1O,0.207281123441146,0.0874676827205153,0.088976674
BAOHRPVXMAWUPP-MDZDMXLPSA-N,COC1=CC=C(C(=O)/C=C/NC2=CC=CC(O)=C2)C=C1,0.1617256192830049,0.0104035288390308,0.04800004
MYMAEUCHDVJVIA-BWAHOGKJSA-N,CN1CCN(C2=CC=C3C(=C2)/C(=C/NC2=CC=C(CN4CCCCC4)C=C2)C(=O)NC3=O)CC1,0.3048659138298953,0.0862199877284153,0.16588596
PPECDCCGUVMBME-UHFFFAOYSA-N,CC1=CN=C(N2CCC(C3=CC=CC=C3)CC2)N=C1C1=CC=NN1C,0.2657142396252719,0.082895057019562,0.029387297
BQROMVZIEGHMFK-FWJDJVLASA-N,O=C(CBr)NC1=CC=C(CN2C3=C(C4=CC=CC=C24)C[C@@]2(O)C4CC5=CC=C(O)C6=C5C2(CCN4CC2CC2)[C@H]3O6)C=C1,0.2991551264847572,0.1624671957394176,0.11554601
HOBOYZBYNYELPC-UHFFFAOYSA-N,O=C(C1=CC(C2=CC=CO2)=NC2=CC=CC=C12)N(CC1=NN=C(C2=CC=C(Cl)C=C2)O1)C1CC1,0.2437307208673172,0.1914731550398499,0.08699569
PICJYOMBEAAUFN-ROUUACIJSA-N,CO[C@H]1CN(C2=CC(C3=NNC4=CC=C(C5=CN(C)N=C5)C=C34)=NC=N2)C[C@@H]1O,0.3915869403205567,0.2106408411886412,0.22017124
TWWDQMZTYKXKKW-SVBPBHIXSA-N,COC1=CC2=C3C4=C1OC1=CC5=C(C=C1O4)[C@H](CC1=CC=C(C=C1)OC1=CC(=CC=C1O)C[C@@H]3N(C)CC2)N(C)CC5,0.3799106923208006,0.2249946350324358,0.5863559
KGRAYEYPXMVIHX-IYJUZEOBSA-N,O=C(CCCC(=O)N/N=C/C1=CC(O)=C(O)C(O)=C1)N/N=C/C1=CC(O)=C(O)C(O)=C1,0.218804894227919,0.1501510808066506,0.076346315
BJHAOCFXUQZNAX-UHFFFAOYSA-N,C1=CC=C(C2=CC=CC(C3=C(C4=CC=CC(C5=CC=CC=C5)=C4)SC(CNCC4CCNCC4)=C3)=C2)C=C1,0.6732215652147806,0.2704737764300343,0.31218854
WVHXTTNAWLOLHX-UHFFFAOYSA-N,CCCCC1=CC=C(C2=CC=C3C(=N2)C(=O)N(C2=CC=C(OCCN4CCCC4)C(OC)=C2)C3)C=C1,0.4102579163310776,0.1502100514992159,0.26973593
XEJJMDUMLSMFRE-QJNUVBDFSA-N,CC(CCC[C@@H](C)[C@H]1CC[C@H]2[C@@H]3CC=C4C[C@H](OS(=O)(=O)O)[C@@H](OS(=O)(=O)O)C[C@]4(C)[C@H]3CC[C@]12C)COS(=O)(=O)O,0.2207149639771299,0.0643495380360859,0.010337481
FMJPKFAJUQLTTM-VCDODJMISA-N,C[C@]12CC[C@H]3[C@@H](CC[C@H]4C[C@]5(CC[C@]34C)CN(CC3=CC=C(OCC4=CC=CC=C4)C=C3)CC(=O)O5)[C@@H]1CCC2=O,0.3813778117495054,0.1080283189067061,0.061136838
KMLPTINWHYAWNI-UHFFFAOYSA-N,CCOCC1CN(C2=CC=NC=N2)CC2=C1N(CC1CC1)N=C2,0.2135748153070189,0.1571994657543128,0.023287326
QQZFPVUEXCTKSA-UHFFFAOYSA-N,CCN(CC)C1=CC=C(NC2=NC(NC3=CC=CC=C3)=C3C=CC=CC3=N2)C=C1,0.4383403467488031,0.681386369551737,0.76737666
QHUOZEAYYKLKIY-UHFFFAOYSA-N,N/C(=N/C1=CC=C(O)C=C1)NO,0.1221810190661439,0.0498796360886735,0.023867946
KTDHBIYFIPOXLO-VIFPVBQESA-N,O=C(O)C1=CC2=CC(S(F)(F)(F)(F)F)=CC(Br)=C2O[C@@H]1C(F)(F)F,0.155667777824005,0.0191270542573774,0.022654176
MFLQOQCFTFKHBW-UHFFFAOYSA-N,CCC1=NC(N)=NC(N)=C1C#CCC1=CC(OC)=CC(C2=CC=[N+]([O-])C=C2)=C1,0.2395476367773065,0.3195711484844166,0.22016965
VTXJOFUNBAYMEZ-MKMNVTDBSA-N,CCOC(=O)N/N=C/C1=COC2=CC(O)=CC=C2C1=O,0.2396221800828206,0.0261986805384219,0.016600315
GOWJRPARMDUOAE-CUPIEXAXSA-N,COC(=O)N[C@H](C(=O)N1CCC[C@H]1C1=NC=C(C#CC2=CC=C(C3=CC=C4N=C([C@@H]5CCCN5C(=O)[C@@H](NC(=O)OC)C(C)C)NC4=C3)C=C2)N1)C(C)C,0.3839916284533284,0.2855777858608896,0.4576413
VPGSSTHQMHDQAV-MLWJBJAVSA-M,C[N+]1=CC=C(C(O)C2=CC=CC(/C(C#N)=C(\N)SC3=CC=CC=C3N)=C2)C=C1.[I-],0.3831950787306091,0.4590920430255337,0.42396823
MFVWETVYCQYWBB-PXLXIMEGSA-N,NC(N)=N/N=C1\C2=CC(Cl)=CC=C2CC1SC1=NC2=CC=CC=C2S1,0.4121020938874937,0.1777358630880587,0.058370158
GJPQKIQISJHKEA-QPPQHZFASA-N,C[C@H]1O[C@@H](N2C=C(F)C(=O)NC2=O)C[C@H]1O,0.4341310591104985,0.1603262823851539,0.039538138
AVLLGHFOBOLCPF-MRXNPFEDSA-N,CN1C=C(C2=CN3C(=NN=C3SC3=CC=C4N=CC5=C(C4=C3)OC[C@H]3CCCN53)C(F)=C2)C=N1,0.4127726726545598,0.1991566977847446,0.106629096
LQHGLEHALIXLBR-UHFFFAOYSA-N,FC1=CC=C(NC(=S)NC2=CC=C3N=CN=C(NC4=CC=CC(Br)=C4)C3=C2)C=C1Cl,0.4043502329151199,0.4214182173430594,0.2264608
LPYBZGHTHOZEDU-OUKQBFOZSA-N,CC1(C)CC(/C=C/C2=CC=CC=C2)=NC2=CC=CC=C2N1,0.240794237360418,0.1054842072974649,0.083641
UZKBWRBVKSQYQO-UHFFFAOYSA-N,O=[N+]([O-])C1=CC=CC(C2=CC=C3C=C(Cl)C=CC3=N2)=C1,0.3049875098283434,0.0946536403205708,0.051033616
PZLJCNIYDRNXTI-UHFFFAOYSA-N,CCN(CC)CC(=O)NN1C(=O)C2=C3C(=CC=C2)C=CC=C3C1=O,0.1280117548547456,0.0585930311930451,0.046195243
VLLFJTFIMFAMHU-UHFFFAOYSA-N,COC1=CC(NC2=NC=NC3=C2SC2=NC=CC=C32)=CC(OC)=C1,0.3872131926035614,0.173276571495952,0.07190069
CYOARVZSCJFENO-UHFFFAOYSA-N,COC1=CC2=NC=NC(NC3=CC=C(F)C(Cl)=C3)=C2C=C1OCCCNCCN,0.3928733789733648,0.4024554919545297,0.17026432
WVLGOQBSBKHESG-UHFFFAOYSA-N,COC1=CC=C(C(O)(C2=CC=C3N=C(Cl)C(CC4=CC=CC=C4)=C(Cl)C3=C2)C2=CN=CS2)C=N1,0.3825985537081615,0.2656462471181991,0.13434303
OBELLHFPXNJUHS-UHFFFAOYSA-N,FC1=CC=C(C2=CN(C3=CC=NC4=CC(Cl)=CC=C34)N=N2)C=C1,0.4576899186187212,0.5459521374760222,0.14677525
DUYOPZTUPRZUMW-UHFFFAOYSA-N,CN1C=CC=C1C(=O)N1CCCCC1C1=C(S(C)(=O)=O)C=NN1,0.0989251064985241,0.006439037158251,0.016851706
SQEKKPLUIMZWKA-UHFFFAOYSA-N,CN(C)C1=CC=C(C#CC2=NC=NC(NCCC3=CNC4=CC=CC=C34)=C2C2=CC=C(Cl)C=C2)C=C1,0.4051402894305907,0.2142107845997974,0.07588519
CLHBEWRWUDPVGT-UHFFFAOYSA-N,O=C1C=C(CN2C=C(COC3=CC=C(Br)C=C3)N=N2)C2=C(C=CC3=CC=CC=C23)O1,0.3837314361679886,0.0485616386049898,0.06268547
RUTMUDMVOYTQJI-SKCDSABHSA-N,CCCS(=O)(=O)C1=CC(C2CC[C@@H](C3=CC(OC)=C(OC)C(OC)=C3)O2)=CC(OC)=C1OCCSC1=CC=C(C(N)=O)C=C1,0.2626343979688186,0.2107950254420015,0.19766441
MXLXDMHTXNZALQ-UHFFFAOYSA-N,C1=CC=C2C(NCCN3CCOCC3)=NC(C3=COC=C3)=NC2=C1,0.3898781227338541,0.3460327361844753,0.05002029
PPYYOIXOWFPLCL-UHFFFAOYSA-N,CCC(C)NC(=O)CSC1=NC2=C(SC=C2)C(=O)N1NC(=O)C1=CC=CC=C1,0.1584683495164492,0.0444559722219906,0.07910401
KMMJBTPFPQGXOL-UHFFFAOYSA-N,COC(=O)N(NC(=O)C1=C(OC)C(C2=CC=CC=C2)=NC2=C(C#N)C=CC=C12)C1=CC=CC=C1,0.1851822365202777,0.1145949530600696,0.24421188
GYWHJPVBMDREOD-UHFFFAOYSA-N,O=C(C(=O)N1CCN(C(=O)C2=CC=CC=C2)CC1)C1=CNC2=CC(Cl)=C(Cl)C=C12,0.1351508383216787,0.0662050714430124,0.09642242
LUJDHAGJNKEFEN-UHFFFAOYSA-N,CSC1=C(N)C(=O)C2=C(C(CO)=CN2)C1=N,0.1886864196426803,0.0579523601367893,0.02352932
IHGCTMSNXMOASS-UHFFFAOYSA-N,N=C(N)C(=N)NCCC(=O)O,0.1012298243736056,0.0160579645308011,0.010016828
QQXKBDCCRRDXTJ-HSZRJFAPSA-N,CS(=O)(=O)N1CCC2=C(C(C3=CC=C(C(F)(F)F)C(SCCN4CCC(F)CC4)=C3)=NN2C[C@H](O)CN2CCCCC2)C1,0.3141853698592111,0.1442837518690438,0.028819388
NQBLEXBWNWWHJE-CYBMUJFWSA-N,N#CN1CC[C@@H](NC(=O)C2=CN=C3C=C(N4CCOCC4)C=CN23)C1,0.2110874519855013,0.0318733066118828,0.017915484
WZZIDCZORGVJEP-SDNWHVSQSA-N,O=C1C(/C=C/C(O)C2=CC=C(Cl)C=C2)=COC2=CC=CC(OCC3CCCCC3)=C12,0.2667418544393514,0.0873406941612725,0.09574598
BLBCKIXYPSMVJM-UHFFFAOYSA-N,CC1=CC2CC3=NC4=CC(Cl)=CC=C4C(NCCCCCCCNC4=C5C(=NC6=CC(Cl)=CC=C46)CCCC5)=C3C(C1)C2.Cl.Cl.Cl.Cl,0.3802931836371201,0.4932518608041294,0.32275492
SLSMYFRHDVRAMZ-LVZFUZTISA-N,CC(C)=CCC/C(C)=C/C1=CC=CC=C1OCCCN(C)C(C)C,0.2634190013811656,0.0563281449448376,0.03550883
WKTZAGLAZDOZBH-UHFFFAOYSA-N,C[S+]([O-])C1=CC=CC(C2=C(C3=CC=NC=C3)N(CCCN3CCOCC3)C=N2)=C1,0.3970418589467578,0.2800367185428266,0.052271035
AGOMZXFWATVFOH-UHFFFAOYSA-N,COC1=CC=C(C2C3=CC=C4C=CC=NC4=C3OC3NC(=S)NC(=S)C23)C=C1,0.2510733046163129,0.1866241683269907,0.050318666
OGRQQJOARNZDSY-UHFFFAOYSA-N,CCN1C(=O)C2=C(N(CC3=CC=C(F)C(F)=C3)C(C3=CC=C(C4=CC=CC=C4OC)N=C3)=N2)N2CC(C)(C)N=C12,0.4078706543477957,0.1162692401015817,0.43823656
CXAHQPWLJGSFEG-UHFFFAOYSA-N,O=C1C2=CC=C(Cl)C(Cl)=C2C(=O)N1CCCCN1C=CN=C1,0.3100729987469886,0.0769470401441032,0.082841806
NVQXQRJMWPIZFM-UHFFFAOYSA-N,CC(=O)NC1=CC=C2C(=NC3=CC=C(CCC(=O)O)C=C3)C3=CC=CC=C3NC2=C1,0.1914773334759809,0.1530583959422768,0.09836919
NJBPPYDUSPXTIO-RNHIQORTSA-N,O=C(NCCCCCCOCCCC[C@H]1CCC[C@@H](CN2C=C([C@@H]3CCC[C@H](CCCCOCC4=CC=CC=C4)O3)N=N2)O1)C1=CC=CN1,0.3201113190633824,0.0720666641003242,0.03555579
IEJRWSFAVHTXKX-UHFFFAOYSA-N,COC1=CC=C(NC(=O)C2=C(NC(=O)CC3=CC=CS3)C3=CC=CC=C3O2)C=C1,0.4358788497519544,0.0692737305021255,0.16973667
WEWWZHAIYCPZHL-UHFFFAOYSA-N,CC1=CC2=C(OC(=O)C(C(=O)N3CCCCC3)=C2)C2=CC=CC=C12,0.2411685232555698,0.0506329671172007,0.05659506
RMXPANLFBPCCIX-UHFFFAOYSA-N,COC1=CC=CC(C23CCN(C)C(CC(=O)C2)C3)=C1,0.1749090678043117,0.0695381500609157,0.016054805
HYJVYOWKYPNSTK-UONOGXRCSA-N,O=C(N[C@@H](C1=CC=CC=C1)[C@@H](O)C(=O)O)C1=CC=CC=C1,0.1208572866285988,0.0147871305903993,0.0974065
BLFKXASHTQLBGP-UHFFFAOYSA-N,N#CC1=CC(N2CCN(C(=N)N)CC2)=CC(C2=CC=C(OC3=CC=C(F)C=C3)C=C2)=N1,0.3812390449254914,0.0728706929301588,0.24724342
GGTJYGSVSIHWGN-UHFFFAOYSA-N,NC1=NC=CC2=C1C(C1=CC=C(NC(=O)C3=CC=CC=C3)C=C1)=CS2,0.1670870866894304,0.0672271370232725,0.14087886
ZSQRVWASEJFTEP-UHFFFAOYSA-N,CC1(CCC(=O)N2CCCC(N3CCN(C4=CC=C(F)C=C4)CC3)C2)CC1,0.2062801943257723,0.0198006222122071,0.043533698
SXRPINFLPQMOJG-LBPRGKRZSA-N,CNCCCOC1=CC(F)=C(C2=C(Cl)N=C(C3=CC=CC=N3)N=C2N[C@@H](C)C(F)(F)F)C(F)=C1,0.4148223631183602,0.1885131293385017,0.16294503
QIUALWFJLIHJCZ-UHFFFAOYSA-N,CCC1=NC2=C(C)C=C(C3=CC=CC=N3)C=C2N1CC1=CC=C2C(=C1)C=CN2C1=CC=CC=C1C(=O)O,0.3397923489393308,0.1560773976821504,0.10828913
WKWZFIXERCCQLF-WQRHYEAKSA-N,CC(=O)NC1=CC=C(C(=O)N2N=C(C)/C(=C/C3=CC=C(O)C=C3)C2=O)C=C1,0.2008732814152939,0.0788132377605903,0.12838829
DIWBFIPASCHOPF-IRXDYDNUSA-N,CN1C[C@@H]2C[C@H]1CN2C1=C(F)C(F)=C(C2=CC=NC3=C(C4=C5C(=CC=C4)NN=C5)C(C4=CC=NC=C4)=NN23)C(F)=C1F,0.4032788446205714,0.3739254855601383,0.42290622
BEPHODDETAPPJF-UHFFFAOYSA-N,O=[N+]([O-])C1=CC(C(F)(F)F)=CC=C1SC1=NN=C(C2=CC(Cl)=CC(Cl)=C2)N1,0.1814944723051028,0.138699343640673,0.3196526
YUXTWNOTAQMGDN-UHFFFAOYSA-N,FC1=CC=C(CN2C(N3CCN(C4=CC=NC5=CC(Cl)=CC=C45)CC3)=NC3=CC=CC=C23)C=C1,0.5326754531922365,0.6277147440088506,0.39818454
GTXARQJHRIQJRP-UHFFFAOYSA-M,COC1=CC=C2C=C3[N+](=CC2=C1OCCN(CCN1C=NC=C1[N+](=O)[O-])CC1=CC=C(Cl)C(Cl)=C1)CCC1=CC2=C(C=C31)OCO2.[Cl-],0.3882473340826983,0.2537017751889612,0.32225034
DLDJTHHLHVBYOQ-UHFFFAOYSA-N,ClC1=CC=CC=C1CN1CCC(CNCC2=CC=CC=C2)CC1,0.3848038074740377,0.2575530515238606,0.08284745
NONKHARSCKKOKP-UHAXWWKNSA-N,C=CCO/N=C1/C=C2C3=CC[C@H]([C@@]4(C)OC(C)(C)O[C@@H]4CCC(C)(C)O)[C@@]3(C)CC[C@@H]2[C@@]2(C)C[C@@H]3OC(C)(C)O[C@@H]3C[C@@H]12,0.378556906989215,0.3113502766257035,0.023875257
RROKRDUARFDCDH-UHFFFAOYSA-N,COC1=CC=C(C2=CC(=O)C3=C(O)C=C(OC)C(C4=CC(C5=CC(=O)C6=C(O)C=C(O)C=C6O5)=CC=C4OC)=C3O2)C=C1,0.2357686225492143,0.1833934628215012,0.47777668
SDKLULIHLKAKSJ-UHFFFAOYSA-N,O=C1C=C(C2=CC=CC=C2)OC2=CC(OCCOCC3=CN(CCOCCOC4=CC=CC(C5=C(OCC6=CC=CC=C6)C(=O)C6=CC=CC=C6O5)=C4)N=N3)=CC=C12,0.4143580422215738,0.2382249390541646,0.5851554
RWPYPIHGTGMDON-OEXHGEGMSA-N,FC1=CC=C(NC2=CC3=NC4=CC=CC=C4N(C4=CC=C(F)C=C4)C3=C/C2=N/CCCCCCC23CCCCN2CCCC3)C=C1,0.413957285289902,0.3599450895165254,0.2145489
JLKITJMRRRZCIH-UILWBTOOSA-N,N#CC1=CC=C2C(=C1)CN(CC[C@H]1CC[C@H](NC(=O)C3=CC=NC4=CC=CC=C34)CC1)C2,0.3965143512143075,0.2222428782190591,0.2894442
QQOFQSAXDAKMPY-LHRUSGROSA-N,COC1=CC(/C=N/NC(=O)NC2=CC3=C(NC4=CC=C(F)C(Cl)=C4)N=CN=C3C=C2O[C@H]2CCOC2)=CC(OC)=C1OC,0.3806580126139562,0.2059187248740236,0.12618585
PLTNUHRNSXAFAG-UHFFFAOYSA-N,O=C1C=CC(C2=CC=CC=C2)=C(Cl)O1,0.1838676742850582,0.0203705730108739,0.03873623
OHSHVNCARFVERY-QFIPXVFZSA-N,CC[C@@]1(O)C(=O)OCC2=C1C=C1N(C2=O)CC2=C1N=C1C=CC=CC1=C2C(C)=O,0.2118014206530015,0.0390100918530111,0.046621673
MSGROYGVIQQFGI-UHFFFAOYSA-N,CC1=NC(O)=C2C(SC3=CC=NC=C3)=C(O)C=CC2=N1,0.2132314760514454,0.1795566821800311,0.10765161
CXNFFFGNHMIMLT-UHFFFAOYSA-N,O=C1C2=C(F)C=C(C3CC3)C=C2C=CN1C1=CC=CC(C2=NC=NC3=C2C=C(C2=CC=C(CN4CCOCC4)C=C2)N3)=C1CO,0.3933011179818222,0.2504709437272027,0.5522548
GWULXZDUQGZXSI-UHFFFAOYSA-N,O=C(O)CCNC(=O)C1=CC=C(C(OC2=CC=C(N3C=C(C(F)(F)F)C=N3)C=C2)C2CCCC2)C=C1,0.1441483969758447,0.117983360858007,0.086900614
GPBSAHMUBFEMIK-OEAKJJBVSA-N,C/C(=N\NC(=O)C(C)OC1=CC=C2C=CC=CC2=C1)C1=CC=C(Br)C=C1,0.1493048503786685,0.0352191966225682,0.067419775
XFPJUNXTKPPRQV-UHFFFAOYSA-N,COC(=O)C1=C(S(=O)(=O)N2CCN(C3=CC=C(C(C)=O)C=C3)CC2)C2=CC=CC=C2S1,0.1289116070974426,0.0430947097075443,0.3633303
VEOLTPKYWXFAGA-VDQVFBMKSA-N,COC1=CC(/C=C2\CCC/C(=C\C3=C(F)C=CC=C3F)C2=O)=CC=C1O,0.1768826807848096,0.0870733500680899,0.07813003
SLEWUPBUEBQZJK-UHFFFAOYSA-N,COC(=O)C1=CC=CC(C2CN(C3CCCCC3)C(=O)N2C2CCN(C(C)CCNC(=O)C3=C(C)N=CN=C3C)CC2)=C1,0.2205941819404592,0.1368822671873149,0.04110801
FFLLIFIHCHVZJY-UHFFFAOYSA-N,CC(C)C(O)CNC(=O)CCCC1=CC=CC=N1,0.2082273172274724,0.0244630216094972,0.035275266
UIQMPVFCYITWMX-UHFFFAOYSA-N,C=CCN1C(C)=CC(C(=O)COC2=CC=C(C)N=C2[N+](=O)[O-])=C1C,0.1574302013746113,0.0349795213818802,0.017733576
QTOAETOUDNETJU-CPNJWEJPSA-N,CCCCC(OC(=O)CN1CCN(CCOC2=CC=C(C3=CC(=S)SS3)C=C2)CC1)C1=CC=CC=C1C(=O)OC1=CC=C(/C=C/C(=O)OCCCCO[N+](=O)[O-])C=C1OC,0.4244958605430147,0.1736312118692005,0.24748549
WWHYUUPJFNLXRS-SANMLTNESA-N,CSC1=CC=C(OP(=O)(OC2=CC=C(SC)C=C2)[C@@H](CC(C)C)NC(=O)OCC2=CC=CC=C2)C=C1,0.1141398193041964,0.0831129759420935,0.12036419
YFWVAYGDSFKIJW-UHFFFAOYSA-N,CC(=O)N1CCN(C2=NC=C3C=C(C4=CC=CC=C4)C(C4=CC=C(CN5CCC(C6=NN=C(C7=CC=CC=N7)N6)CC5)C=C4)=NC3=N2)CC1,0.3913710451053179,0.208131991453793,0.25951618
WTKPIKFFNARXBW-UHFFFAOYSA-N,NC1=NC(N2CCC(Br)CC2)=C2C(=N1)NC1=CC=C(O)C=C21,0.152167242861473,0.2621847534601926,0.046021823
RLAMGSGBMOXEQV-UHFFFAOYSA-N,COC1=CC(N2CC3=CC=C(C4=CC=CC(Cl)=C4)N=C3C2=O)=CC=C1OCCN1CCCC1,0.4289456159960627,0.1178096907875023,0.14711954
QKQITTYGLPXNKK-CHWSQXEVSA-N,CC1=CC=NC=C1N1N=CC2=C1N=C([C@@H]1CC[C@H]1C1=NC=CC=N1)NC2=O,0.2886809532118457,0.0775798151822182,0.08616632
UTHAEXNJCQPSLG-UHFFFAOYSA-N,OC1=CC=C2OC3=NC=C(OCC4=CC=C(Cl)C=C4)C(C4=CC=C(Cl)C=C4)=C3C2=C1,0.3110113580018157,0.249086198875424,0.083642356
YRAWGFMGIZRYGV-UHFFFAOYSA-N,C1=CC=C2SC(C3=CSC(NC4=CC=NC=C4)=N3)=NC2=C1,0.3413027869087195,0.2360718458925232,0.20508417
XIIIQMWMUNCLMZ-UHFFFAOYSA-N,CC1=NN2C(=C(CC(=O)O)C=C2C2=CC=C(C(F)(F)F)C=C2CC2=C(C3CC3)ON=C2C)C=C1,0.1925459907947078,0.0324235225984193,0.12804253
CAMJXJIQLUUNJS-UHFFFAOYSA-N,CC1=CSC(CN(C)CCOC2=CC=CC=C2)=N1,0.2221672092901722,0.0392241697587308,0.03422425
YQPMOXSWJBWGTI-UHFFFAOYSA-N,COC1=CC(C2=CC=C3N=CN=C(NC4=CC=C(C)C(O)=C4)C3=C2)=CC=C1O,0.4008652337254041,0.3829087005247209,0.21213138
DPXBWCMINVFLHU-UFPOUHGLSA-N,COC1=CC=C2C(OCC[C@@H]3NC(=O)N(C)CCCC/C=C\[C@@H]4C[C@@]4(C(=O)NS(=O)(=O)C4(C)CC4)NC3=O)=CC(C3=NC(C(C)C)=CS3)=NC2=C1Cl,0.383896047116887,0.1562463930293596,0.18344018
YNUOKJQLMFJASA-UHFFFAOYSA-N,COC1=CC(C2=CC=C3N=CN=C(NC4=CC=C(Cl)C=C4F)C3=C2)=CC=C1O,0.3970965513653109,0.3753654142144768,0.15694241
PLGMZOTUYREITK-CAOOACKPSA-N,O=C(O)C1=CC=C(/C=N/OC2=CC(F)=CC(F)=C2)C=C1,0.1352991327668941,0.0205025351892777,0.0342377
DJVHDNQFYKNAOE-UHFFFAOYSA-N,OCCCCN1C(CN2C3=C(C4=CC=CC=C24)CCNC3)=NC2=CC=CC=C12,0.3450560485489756,0.2588878673125338,0.04790438
MHPVLVBFRYEPNX-UHFFFAOYSA-N,COC1=NC2=CC=C(Br)C=C2C2=C1C(C)(OCC(O)CN1C=CC(C3=CC=C(C)C(C)=C3)=N1)C1=CC=CC=C21,0.4179592638702202,0.253126643131676,0.3243325
BBLJOUQSLOHUGG-QBFSEMIESA-N,CC/C(=C/C1=[N+](CCCS(=O)(=O)[O-])C2=CC(C)=CC=C2S1)SC,0.1332035628099125,0.0805792352525903,0.010837642
JJQQOJRGUHNREK-PWNYCUMCSA-N,O=C(NO)[C@H](O)[C@H](O)COP(=O)(O)O,0.087632976855909,0.0203768593462495,0.010016828
WQOUNYVRWYXXHY-GDLZYMKVSA-N,C#CCN(C)[C@H](C)CC1=CC=C(OCCCCCCCCCCNC2=C3C(=NC4=CC=CC=C24)CCCC3)C=C1,0.3785587859613137,0.5399994931487734,0.21772541
FNCPPQSDJAVTHV-UHFFFAOYSA-N,CCNC(=O)C1CCN(C(=O)CSC2=NN=C(N)S2)C1,0.1707825326715423,0.0183608118398845,0.010016828
RXYVZXJSTKOGOM-NTISSMGPSA-N,CC(=O)O.CC(C)CCC(=O)N1CCC[C@H]1C(=O)NCC1=CC=C(C(=N)N)C=C1,0.1200783946684899,0.0230793968950099,0.019974947
MGRJCCWBLNKZOA-UONOGXRCSA-N,CC(C)=C[C@H]1[C@@H](COC(=O)C2=CC=CC=C2Cl)C1(C)C,0.1323800104494141,0.0216455820550408,0.024582082
WSNOTOOAAHPYDR-UHFFFAOYSA-N,CNC1=C([N+](=O)[O-])C(C2=CC=C(N3CCN(C4=CC=NC5=CC(Cl)=CC=C45)CC3)C=C2)C2=C(C=O)C(C)=CC(Cl)=C2O1,0.4155228456274044,0.3349276062005605,0.5219478
BIYYFMFQCADOGW-UHFFFAOYSA-N,CC1=CC=C2C(=O)C(C(=O)NC3CCCCC3)=CN(CC3=CC=C(F)C=C3)C2=N1,0.1862731127854415,0.0715923222993471,0.044825613
RCLMMZLOWGATLM-WPIFCNJOSA-N,C=C(C)C(O)CC/C(C)=C/CC1=C(O)C=CC2=C1O[C@H](C1=CC=C(O)C=C1)CC2=O,0.2783980128136765,0.1549972185887811,0.093835875
ZRXCMNYOWWCGIL-UHFFFAOYSA-N,O=C(NC1=CC=C2N=C(SCC3=CC=C(Cl)C=C3)SC2=C1)C1=CC=CC=C1C(=O)N1CCCC1,0.216286155992359,0.1431157131255285,0.15036173
HFMIHUXQMATZBT-UHFFFAOYSA-N,CN(CCC1CCOCC1)C(=O)C1=CC2=CC(NC3=NC=CC(C4=CC=CC=N4)=N3)=CC=C2N1,0.3727389511579854,0.2453490173027079,0.06950166
CHFBDRLIFKQVCM-UHFFFAOYSA-N,FC(F)(F)C1=CC=C(OC2=CC=C3N=C(C4=CC=C(OCCCN5CCCCC5)C=C4)OC3=C2)C=C1,0.390062875902542,0.2245175540138508,0.369157
VMMYOXWMJSIMQE-RZQQEMMASA-N,CC1=CSC2=C(N3N=C(NC4=CC=C(N5CCN([C@@H]6C[C@H]7CC[C@@H]6C7)CC5)C(Cl)=C4)N=C3N)N=C(Cl)N=C12,0.3925921380134061,0.2052324031704538,0.12047182
IYLBPELTTFJGJQ-LJAQVGFWSA-N,OC1=CC=C2C(=C1)O[C@@H](C1=CC=CC(OCCN3CCSCC3)=C1)C1=C2CCOC2=CC(O)=CC=C12,0.414697300899533,0.2915447350873648,0.21599591
SVVUPQGHOYWEIT-RXFWQSSRSA-N,C[C@H](O)CNC(C)(C)C(=O)N[C@@H]1CCC2=CC=CC=C2N(CC2=CC=C(C3=CC=CC=C3C3=NNN=N3)C=C2)C1=O,0.1781010172989113,0.1060659115288284,0.21633476
RZUKFYARUVPKQC-UHFFFAOYSA-N,C1=CN=C(OC2=CC=C(NC3=NC4=CC=CC=C4S3)C=C2)C(C2=CC=NC3=CC=CC=C23)=C1,0.4197038205369494,0.4233486230076184,0.25404647
GESMKOBFFPRXSF-UHFFFAOYSA-N,CSC1=CC=C(O)C(C(=O)NC2=NNN=N2)=C1,0.1149316187362772,0.0266286028755232,0.011095089
STQGDTJVPDFSBX-UHFFFAOYSA-N,CN1CCN(CC2=CC=CC(C3=CC(NCCCN4C=CN=C4)=C4C=CC=CC4=N3)=C2)CC1,0.426914026311527,0.3869708392784979,0.38757026
IFLRTIBATNZOEH-UHFFFAOYSA-N,CC1=CC=C(N2N=C(C3(C)CC3)C=C2NC(=O)NC2=CC=C(OC3=CC=NC4=C3N=CC(=O)N4)C3=CC=CC=C23)C=C1,0.2771580538315099,0.2614150942012184,0.39956224
GGFZPVUMYNJORJ-RMKNXTFCSA-N,C=CCOC1=CC=C(C(=O)/C=C/C2=CC(OC)=C(OC)C(OC)=C2)C(O)=C1,0.1271783791223102,0.0541880372894225,0.049386557
BANDIVBQLBQKTO-OOJXKGFFSA-N,CSC1=NC2=C(SN=C2)N1[C@@H]1O[C@H](CO)[C@@H](O)[C@@H]1O,0.2243956207384685,0.0700351180407503,0.0108662285
KNKHANHDPGAJSA-UHFFFAOYSA-N,CC1=NN(C)C2=C1N=C(C)N1C=C(CC3=CC=CC=C3)N=C21,0.2226499152879805,0.1553545020505915,0.06464174
DJZFPJUVKBHFEB-UHFFFAOYSA-N,CC1=CC=C2N=C(NC(=O)CCCCN3CCN(C4=CC=C(Cl)C=C4)CC3)SC2=C1,0.2315246213378066,0.0484842004814921,0.06388019
LWHIOWBZHDFICQ-JVCXMKTPSA-N,O=C1/C(=C\C2=CC=CN2CCCCCCN2C3=CC=CC=C3C(=O)C3=CC=CC=C23)C2=CC=CC=C2N1C1=C(Cl)C=CC=C1Cl,0.2618196197032346,0.1559364695613844,0.6078269
ZDKMGEAVPHLHAU-UHFFFAOYSA-N,CCCCCCCCCCCCCCCCCCNC(=O)OCC(COC(=O)N(CC1CCC[N+]1(C)CC)C(C)=O)OC.[I-],0.1663839271621363,0.1084830282742462,0.018043377
FMZRVAWPQMDTNK-UHFFFAOYSA-N,OC1=CC=C(C2=CC=C(F)C=C2F)C=C1C1=NNC(=S)N1C1=CC=CC=C1,0.2091068487655931,0.250740422888922,0.0919568
MYHADYIDHTWANE-UHFFFAOYSA-N,COC1CCC2(CC1)CC1=CC=C(C3=CC=CC(C#N)=C3)C=C1C21N=C(N)N(C)O1,0.328138423822597,0.2025872773659965,0.07506658
GMJUGPZVHVVVCG-UHFFFAOYSA-N,CC(=O)N(O)C1=CC=CC=C1,0.0391311057713086,0.0119183328591955,0.021335315
SNQHXUXSDXWQKG-UHFFFAOYSA-N,CCCC(C)NC1=NC=C(C#CC2=CC=C(CC(C)NC(C)=O)C=C2)C=N1,0.1946247225936362,0.0139905847158698,0.03722445
UCEMIGLIQIYVAH-JEEWRSNPSA-N,COC1=CC=CC2=C1C(=O)C1=C(O)C3=C(C(O)=C1C2=O)C[C@@](O)(C(C)=O)C[C@@H]3OC1CC(NC(C)=O)C(O)C(C)O1,0.2254732225845237,0.1161988006108082,0.03408165
GTNKWTDFCSUTHM-UHFFFAOYSA-N,N=C(N)C1=CC=CC(COC2=CC=CC(C(=N)N)=C2)=C1,0.2209200203249673,0.111690238230153,0.04297753
NFJNDYWXSUDTHS-ROCBYOHGSA-N,CCN(C1=CC=CC=C1)S(=O)(=O)[C@H]1C[C@H]2O[C@@H]1C(C1=CC=C(OCCN3CCCCC3)C=C1)=C2C1=CC=C(O)C=C1,0.3883774432901639,0.1429731074536961,0.25972247
LOVPMHIHFWTOMF-MFDNGWNGSA-N,CC(=O)N[C@@H](CC1=CC=C2C=CC=CC2=C1)C(=O)N(C)[C@@H](CC1=CC=CC=C1)C(=O)N(C)[C@@H](CC1=CC=CC=C1)C(=O)N(C)[C@@H](CC1=CC=CC=C1)C(N)=O,0.2098318052593578,0.1064944204103619,0.472646
AQGQIEMZZCPJGG-QZXDNJHYSA-N,CCC(=O)O[C@H]1CC[C@H]2[C@@H]3CCC4=CC(=O)CC[C@]4(C)[C@H]3CC[C@]12C.CCC1(C2=CC=C(N)C=C2)CCC(=O)NC1=O,0.273292832681432,0.1380573927440707,0.1191938
VVHQMLWERNTLCL-UHFFFAOYSA-N,COC1=CC=C(N2CCCC2)C(NC(=O)COC2=CC=CC=C2Cl)=C1,0.1405773949261653,0.0220629315192165,0.037104864
WGIVTUOTGVLTQN-JTQLQIEISA-N,COC[C@@H]1CCCN1CC1=C(C(F)(F)F)N=C(NC2=C(Cl)C=C(Cl)C=C2Cl)S1,0.234633731845295,0.154219594222103,0.045277964
KMBJZFPFFKGGEU-UHFFFAOYSA-N,OC1=CC=C2N=CC=C(NC3=CC=C(OCC4=CC=CC=C4)C=C3)C2=C1,0.4100118401833957,0.4524416243534421,0.22485591
ONBNRNAPWUOESH-UHFFFAOYSA-N,OC1=NC2=CC=C(N3C=CN=C3)N=C2N=C1O,0.2267516359278854,0.146683730022266,0.031920183
IHEDUOBWVMZMIY-VZKILSJISA-N,C[C@@H]1NC(=O)[C@H](C)NC(=O)[C@@H](C)N(C)C(=O)[C@H](C)NC(=O)[C@H](C)N(C)C(=O)[C@H](C)NC1=O,0.1663565128911778,0.0489647324509958,0.020757323
WSFYPJICJPIWOT-UHFFFAOYSA-N,CCC(NC1=NC=NC2=C1N=CN2)C1=NC2=CC=CC(C)=C2C(=O)N1C1=CC(F)=CC(F)=C1,0.3807808061119441,0.1503517010891553,0.10907018
RYTDHVYYTOBADZ-OAHLLOKOSA-N,COC1=CC=C(C2=CC3=NC=CC=C3C(OC[C@H]3CNC(=O)C3(C)C)=N2)C=C1OC,0.3260948719866666,0.2027463657338893,0.07312
MVAYPHGEGDDSJN-UHFFFAOYSA-N,COC1=CC2=C(OC3=CC=C(NC(=O)C4=CN(C5=CC=CC=C5Cl)N=N4)C=C3F)C=CN=C2C=C1OCCCN1CCCCC1,0.4029135131565362,0.2657570154223039,0.1872165
XLCHKSGXVNHTKZ-UHFFFAOYSA-N,O=C1NC(=O)C2=C1C(C1=C(Cl)C=CC=C1Cl)=CC1=C2C2=CC(O)=CC=C2N1CCCC(=O)N1C=CN=C1,0.3824203961410494,0.1705143380835511,0.5182161
MGOFOQNKYHFDSR-UHFFFAOYSA-M,CCN1C(/C=C/C=C2/C3=CC=CC4=CC=CC(=C34)N2C)=[N+](CC)C2=CC3=CC=CC=C3C=C12.[Cl-],0.3993738157499433,0.4464420084282068,0.3742612
FCUKYLPPXZWKMS-UHFFFAOYSA-N,O=C1NC2=CC=CC=C2C1(C1=CNC2=CC=C(Br)C=C12)C1=CNC2=CC=C(Br)C=C12,0.253043398186714,0.2188493098201829,0.1921618
QYJVJXAEEROTDH-UHFFFAOYSA-N,C1=CC=C2C(=C1)N=NN2CN1C=[N+](CN2N=NC3=CC=CC=C23)C2=CC=CC=C12,0.3199424555711831,0.3558515719709494,0.16095242
NXGCDOOPOMZLGO-UHFFFAOYSA-N,CC(C)NC(=O)C(=O)NNC(=O)C12CC3CC(CC(C3)C1)C2,0.1620336576819948,0.0165817595845732,0.010016828
IOJHRAOPMRKJKK-UHFFFAOYSA-N,CCCCC(=O)NC1=CC=C2C(=C1)N=C(CCN1CCOCC1)N2C,0.2387232629445622,0.0270590927794382,0.012034812
XUQQXOZTTUIURE-OYBAPSEUSA-N,C/C(=N\N=C1\SCC(=O)N1C1=CC=CC=C1)C1=CC=C(Cl)C(Cl)=C1,0.2107756184519155,0.0547871334993589,0.10523933
HZRJARBNGRXUJE-UHFFFAOYSA-N,COC1=CC(CNCCCN2CCN(CC(C3=CC=CC=C3)C3=CC=CC=C3)CC2)=CC(OC)=C1OC,0.1699831467264748,0.125964006873559,0.2806191
KFRBDJQRBDMBMK-ZPKFVELUSA-N,C[C@@H]1CC[C@H]2[C@@H](C)[C@H](NC(=O)CCC(=O)OCC3=CC=C4N=CN=C(NC5=CC=C(F)C(Cl)=C5)C4=C3)O[C@@H]3O[C@@]4(C)CC[C@@H]1[C@@]23OO4,0.418530344656131,0.1975597903731204,0.18812247
MEVILRZVFPPRAZ-UHFFFAOYSA-N,CC1=CC=CC2=C1NC(C1=CC=CC(C3=CC=CC(CNCCN4CCNCC4)=C3)=C1)=N2,0.3804771682596798,0.1962866040662832,0.10683573
SRAAXKYMNRBGKA-UHFFFAOYSA-N,O=[N+]([O-])C1=CC=C2NN=C(C3=CC=CC(C(F)(F)F)=C3)C2=C1,0.1637370161131732,0.0861628838561916,0.13605578
OTHIKKZLZJYTPI-UHFFFAOYSA-N,C1=CC=C2OC(C3=CC=C(OCCCN4CCN(C5=NSC6=CC=CC=C56)CC4)C=C3)=NC2=C1,0.3965952101989914,0.3225294945290928,0.28246388
NRMOSMIHDJDDLR-YMBRHYMPSA-N,CN1CCN(C2=CC=C(C3=CC4=C(C(=O)N(C)C=N4)C(NC4CCCC[C@@H]4CO)=N3)C=C2)CC1,0.3796246382224237,0.1311959086312162,0.21186939
NBGMIOBNSRVIGS-UHFFFAOYSA-N,O=C1C2=CC(O)=CC=C2C=C(C2=CC=C(O)C=C2)N1C1=CC=C(OCCN2CCCCC2)C=C1,0.3981589868755689,0.1989069055648522,0.4251665
CSHSNUPIDIUETJ-UHFFFAOYSA-N,O=C(C1=CC=CC(C(F)(F)F)=C1)C1CCCN(C(=O)CN2C=NC=N2)C1,0.1630810897942998,0.0271632816934256,0.04488611
YUOAZNVYAFPIDP-UHFFFAOYSA-N,CCOC1=C(N2CCN(CCCCNC(=O)C3=CC=C(NC(=O)C4=CC=C(Cl)C=C4)C=C3)CC2)C=CC2=CC=CC=C12.Cl,0.259724219897767,0.0916000949978356,0.43420893
UVJYAKBJSGRTHA-CUZKYEQNSA-N,C=C1C(=O)O[C@H]2[C@H]1CC[C@]1(C)O[C@@]13CC=C(C)[C@H]23,0.2075769618560058,0.0430356607775869,0.010016828
UVEQLXUXABFFME-UHFFFAOYSA-N,CN(C)CC1=CC=CC=C1N/C(=N\C#N)N1CCN(C(=O)NC2=CC=C(Cl)C=C2)C(C2=CC=CC=C2)C1,0.2526175536401191,0.030406093040316,0.030835602
AFIUKPIKKLBRLF-UHFFFAOYSA-N,O=C(NC1=NN=C(SCC(=O)N2CCCC3=CC=CC=C23)S1)C1=CC=CC=C1,0.1850650177368863,0.0273274990967107,0.11930783
FTLDCSOQTAHNBM-UHFFFAOYSA-N,CC1=NOC(CN2C(=O)C3=CC=CC=C3N(CC(=O)NC3=CC=C(C(C)C)C=C3)C2=O)=N1,0.1959376784266889,0.0218445432910429,0.075789995
MZZZNHQEMKZNJS-IKYDMHQPSA-N,COC1=CC=CC=C1NC1=NC=NC2=C1N=CN2C1O[C@H](CO)[C@@H](O)[C@H]1O,0.3287590079156917,0.1555520340162946,0.048641928
NCWXRZLEODZYTE-YKILCQELSA-N,CCCC[C@@H](C[C@@H](CCC1=CC=C(C2=CC=C(C3=CC=CC=C3)C=C2)C=C1)C(=O)N[C@H](C(=O)NC)C(C)(C)C)C(=O)O,0.1729496883152047,0.097353521516263,0.4214391
AKCJHCAIFNIUKD-UHFFFAOYSA-N,CCC1=NN=C(NC(=O)CSC2=NC3=C(C)C=CC=C3N2)S1,0.1750956093783567,0.0935973871295352,0.020742789
WRCHTDQYXSMUBK-UHFFFAOYSA-N,COC1=CC(OC)=NC(NC(=S)NC(=O)C2=CC=CC=C2)=N1,0.1559978223793108,0.0166978405509331,0.026000246
UWMYWRABQSOMCF-UHFFFAOYSA-N,CC1=CC2=CC(NC(=O)C3=CC=CC(S(=O)(=O)O)=C3)=CC=C2N1,0.0896697523107966,0.260007319606043,0.15469612
BJOSXRHCJGGFNY-DHNIJCFSSA-N,O=C1N=C(N2CCC[C@H]2C(=O)NC2=CC=C3N=CN=C(NC4=CC=CC(Cl)=C4)C3=C2)S/C1=C/C1=CC=CS1,0.3892589873372041,0.1366497107380505,0.18483713
AONJQUAWYALAIL-UHFFFAOYSA-N,CC(C)(C)C1=CC=CC=C1NC1=C2C(=NC3=CC=CC=C13)C=CC=C2,0.2116593817195021,0.6055645760853717,0.1664356
GPGUNVYMPJAUNT-NSHDSACASA-N,CCN1C(=O)C2=CC=CC3=C(S(=O)(=O)N4CC[C@H](N)C4)C=CC1=C23,0.197140001656727,0.0678745874510264,0.12392516
CYXPHNZJEDAZDD-UHFFFAOYSA-N,C1=CC=C(CCNC2=NC=NC3=C2C(C2=CC=CC=C2)=C(C2=CC=C(OCCN4CCCC4)C=C2)O3)C=C1,0.4284839498278341,0.2351894763234983,0.15119949
OMAWGNJHHJSGDZ-LXYHUSIVSA-N,C[C@H]1OC(=O)/C=C/C(=O)[C@@H](OC(=O)CCC(=O)O)CCCCCCCC[C@@H]1O,0.133692688512451,0.0429410359642026,0.010016828
ODUBEYQKYAQFNS-UHFFFAOYSA-N,CC(O)CNC(=O)C1=CC=CC=C1SSC1=CC=CC=C1C(=O)NCC(C)O,0.2494172800595714,0.0649024398991754,0.06910788
MSSVRMZTTHGMIT-NRFANRHFSA-N,COC1=CC=C(C2=NC(C(=O)N[C@@H](CC(C)C)C(=O)O)=CN2C2=CC=NC3=CC(Cl)=CC=C23)C(OC)=C1,0.3790139826243365,0.2731921928083529,0.3475126
OGYJLIKSIYHXOE-UHFFFAOYSA-N,COC1=CC2=C(OC3=CC=C(NC(=O)C4=CC5=CC=CN=C5N(C5=CC=C(C(F)(F)F)C=C5Cl)C4=O)C=C3F)C=CN=C2C=C1OCCCN1CCCCC1,0.418111740854138,0.2578393373220531,0.6653975
WZZWPEJHQNCXFH-RDCVRMOHSA-N,C[C@@H]1CC[C@H]2[C@@H](C)[C@@H](OCCOC3=CC=CC(C(=O)/C=C/C4=CC=C(O)C=C4)=C3)O[C@@H]3O[C@@]4(C)CC[C@@H]1[C@@]23OO4,0.3851965542180269,0.12518319360354,0.102081545
HPYIZQVYHGPMDT-UHFFFAOYSA-N,CN1CCN(CC2=CC=C(C3=CC4=C(C5=CC=CC(N6N=CC7=CC(C8CC8)=CC=C7C6=O)=C5CO)N=CN=C4N3)C=C2)CC1,0.4447028976343229,0.2992237054017168,0.7224347
VFAUJTTUDQVDCY-UHFFFAOYSA-N,CC1=CC(=O)C2=CC=C3C(=C2O1)C(=O)C1=C(OCCN(C)C)C=CC=C1C3=O,0.2279071016435462,0.0675876112001183,0.04728212
NRUMCMSOKVFYJL-UHFFFAOYSA-N,Br.O=[N+]([O-])C1=CC(C(NCC2=CC=CC=C2)P(=O)(O)CC2=CC=CC=C2)=C2N=C(O)C(O)=NC2=C1,0.2047453904451708,0.1724903868568868,0.22269547
ZKPUWBASAVMSDI-UHFFFAOYSA-N,CCC1=C(C2=CC=CC=C2)OC(C2=CC=C(O)C=C2)=C1C1=CC=C(OCCN2CCCCC2)C=C1,0.4108126086371578,0.2390243588081119,0.20061703
UDBRLTKXJFXTTH-UHFFFAOYSA-N,COC1=CC2=NC=NC(OC3=CC=CC(NC(=O)NC4=NOC(C(C)(C)C)=C4)=C3)=C2C=C1OCCCN1CCOCC1.Cl,0.3105567985347358,0.1903625882152813,0.11430303
JEDDEMYHWQZSLN-UHFFFAOYSA-N,O=C(O)C(CC1=CC=CC=C1)NS(=O)(=O)C1=CC=C(Cl)C=C1,0.064837040693869,0.018440609402014,0.09087304
XXHXSMOZEJLAPV-UHFFFAOYSA-N,O=C(O)CC1=CN(C2=CC=CC=C2)N=C1C1=CC=C(C#CC2=CC=C(Cl)C=C2)C=C1,0.178375783627451,0.0530820113887034,0.15164202
FXBGWQBBFOHQAR-UHFFFAOYSA-N,CN(C)C1=NC=C2C(=N1)C1=CC=C(Cl)C=C1C(C1=CC=CC=C1F)=NC2,0.2818671579233581,0.1260616431053622,0.060554408
DGAUYWMGGCJBPK-UHFFFAOYSA-N,CCOC1=CC(CNC2=CC=CC=N2)=CC=C1OC1=CC=NC2=CC(Cl)=CC=C12,0.3792811024281413,0.4978542581516353,0.1272389
CFARINXNYHKOAS-UHFFFAOYSA-N,CC1=C(C(=O)N2CC(C3=NC4=CC=CC=C4N3)C2)SN=N1,0.1402149578932896,0.0696332073821863,0.0245923
UXOVJSZDEICRBM-ZOMYCCNSSA-N,CO[C@H]1/C=C\C=C(/C)C(=O)NC2=CC3=NC(/N=C(\N)N4CCC4)=NC3=C(C[C@@H](C)C[C@H](OC)[C@H](O)[C@@H](C)/C=C(\C)[C@@H]1OC(N)=O)C2=O,0.2505560571630204,0.1585400356719558,0.12702563
NZHCIBGJINLBQA-UHFFFAOYSA-N,CC1=CC=CC=C1OCC(=O)NC1=CC=CC2=NSN=C12,0.175486014422123,0.0394177976002964,0.05371057
GLUGUXLASIATPC-UHFFFAOYSA-N,CC1CCCC(N2CCN(S(=O)(=O)C3=CC=CC=C3)CC2)C1.O=C(O)C(=O)O,0.1348060835420015,0.019718609451386,0.089297235
SJGXIZJRNOMSAZ-RPBSMMDNSA-N,O=C1NC(=O)N([C@H]2C[C@H](O)[C@@H](CO)O2)C=C1CCCCC[18F],0.2506608384576417,0.0695861971231036,0.010016828
WODXCEOADJHAKH-UHFFFAOYSA-N,O=C1C=CC(C2=NN=C(C3CCN(CC4=CC=C(C5=NC6=C(C(=O)NC=C6)C=C5C5=CC=CC=C5)C=C4)CC3)N2)=CN1,0.4128826199815458,0.1658612562613857,0.32207072
YERHTZARWRDJEE-UHFFFAOYSA-N,COC1=CC(Cl)=CC=C1C1=CC=CC2=CC(S(=O)(=O)NC3=NN(CCN(C)C)C=C3)=CC=C12,0.2904732198608821,0.1110594615906331,0.18326832
GAKVIUPIYZMQBR-UHFFFAOYSA-N,BrC1=CC=C(CC2=NC3=CC=CC=C3O2)C=C1,0.2763687750554063,0.1036511353431651,0.14629853
HULIPYRTZHBHFC-UHFFFAOYSA-N,FC(F)(F)C1=CC=C(NC2=NC(NCC3=CC=CC=N3)=NC3=C2CCN(C2=NC=CC=C2C(F)(F)F)CC3)C=C1,0.3756550471885065,0.3489416196564071,0.26874465
VWLAXRKXUAJELW-UHFFFAOYSA-N,CC1=CC(C)=C(S(=O)(=O)NCC2CCC(C(=O)NCC3=CC=C4C(=C3)OCO4)CC2)C(C)=C1,0.1324305693641649,0.0785336083736466,0.13143884
FXWOMJWHQPKJAE-UHFFFAOYSA-N,CC1=CC=C(S(=O)(=O)N2C(=O)C(C3=CC=CC=C3)(C3=CC=CC=C3)C3=CC=CC=C23)C=C1,0.1195541608705295,0.0425838937267626,0.51292634
SQNBRMRPJYPSFQ-UHFFFAOYSA-N,NC1=NC=C2C(C3=CN(C4CCNCC4)N=C3)=COC2=C1OCC1=C(Cl)C=CC(F)=C1Cl,0.3866461030282414,0.2415538596058123,0.13820831
KLXLMLWCDCJXCC-UHFFFAOYSA-N,CC1CCN(C2=CC=C(NC3=NC=C4C5=CC=NC=C5N(C5CCCC5)C4=N3)N=N2)C1,0.3867656932258985,0.3625479788383366,0.110564366
VWPOSFSPZNDTMJ-YUELXQCFSA-N,CC(C)(C)NC[C@@H](O)COC1=CC=CC2=C1C[C@H](O)[C@H](O)C2,0.1442780557319432,0.156782808480366,0.011650705
MJNIDQNCVPHZNY-UHFFFAOYSA-N,CC(C)C1OC2=CC=CC=C2N(CC(=O)N(CC2=CC=NC=C2)CC2=CC=CO2)C1=O,0.2563810261526896,0.0794887734374194,0.08962424
GLTSCVBMRODKDO-BUHFOSPRSA-N,COC1=NC(NC(=O)C2(NC(=O)C3=CC=C4C(C5CCCC5)=C(C5=CC=C(F)C=N5)N(C)C4=C3)CCCC2)=CN=C1/C=C/C(=O)O,0.3855987696427347,0.081561472106148,0.13357939
USQYTSWMROVFKA-ZONNCAFXSA-N,CC1CCCCN1CCC/N=C1\C=C2N(C3=CC=C(Cl)C=C3)C3=CC=CC=C3N=C2C=C1NC1=CC=C(Cl)C=C1,0.4124348422087447,0.3492492407504852,0.15486495
RSGLHEXDNYTUAD-GMAHTHKFSA-N,C=CC[C@@]1(CC)C(=O)N(C(=O)NCC2=CC=CC=C2)[C@H]1OC1=CC=C(C(=O)O)C=C1,0.1319948614975526,0.0457909130032935,0.059065986
NNUTXINJOJHNTF-UHFFFAOYSA-N,CC1=NC2=C(C3=CC=CC=C3)C(C)=NN2C(NCCN2CCOCC2)=C1,0.2661851023925236,0.1598991859228206,0.08342844
