key,input,score,alea,epis
VFTICADFEWRDBW-UHFFFAOYSA-N,CC(=O)SCC(=O)CC1=CNC2=CC=CC=C12,0.2321115,0.16346836,0.014767421
GRVRTJPLKMLTIY-UHFFFAOYSA-N,COC1=CC=C(CSC2=NN=C(N)S2)C=C1F,0.3633315,0.2146179,0.016703831
ZYPSGDDIVJUEGK-UHFFFAOYSA-N,COC1=CC=C(CC2=C(C3=CC=CC(Br)=C3)N=C3C=CC(Br)=CN23)C(C)=C1,0.18010257,0.14078349,0.0068821586
JJGIOWNLYSRISR-UHFFFAOYSA-N,N=C(N)C1=CC=C(N2CCCCC2)N=C1,0.35163477,0.21633023,0.011657538
SLJYPZJZQIHNGU-UHFFFAOYSA-N,O=C1CCC(C2=CC=C(O)C=C2)CC1,0.11128898,0.09534742,0.0035562974
WCEUEJABIAOXII-UHFFFAOYSA-N,CCC1=CC=C(CNC2=CC=C(CO)C=N2)C=C1,0.12995134,0.10615376,0.0069102184
VBSIRPKETMNYPS-UHFFFAOYSA-N,ClC1=CC=C2C(=C1)N(CCCCN1CCC(N3CCCC3)CC1)C1=CC=CC=C1S2,0.40015122,0.2249879,0.015042347
LYHRRHUWVCLRBW-UHFFFAOYSA-N,O=C(C[N+]1=CN(C2=CC=C(C3=CC4=CC=CC=C4O3)C=C2)C=C1)C1=CC=C(F)C=C1,0.3211653,0.20767243,0.010345736
DMLKIPNNHZMBNE-QGFMHUBQSA-N,N[C@H]1C[C@@H](N)CN(C2=NC(NC3=CC=C(NC(=O)C4=CN=C5C=CC=CC5=C4O)C=C3)=NC(N3C[C@@H](N)C[C@@H](N)C3)=N2)C1,0.35419253,0.2143663,0.014373874
OPWTXLYFHOGKJO-UHFFFAOYSA-N,COC1=CC=C(C2=CC=C(C(N)=O)C=N2)C=C1OC1CCCC1,0.31844226,0.19809273,0.018944047
UEWRHTSERXIBRC-UHFFFAOYSA-N,COC1=CC2=NC=NC(NC3=CC=C(F)C(Cl)=C3)=C2C=C1OCCN1CCN(C)CC1,0.32724229,0.19987652,0.020278255
GRCJQHVRTCZRLP-DKYXIQLCSA-N,CSCC[C@H](NC=O)C(=O)N1CCC[C@@H]1C(=O)OCC1OC(N2C=C(F)C(=O)NC2=O)CC1O,0.3355563,0.20513956,0.017818691
MPOQKRRSVBEDRX-UHFFFAOYSA-N,COC1=CC=C(C[S+]([O-])C2=CC=C(N)C3=NON=C23)C=C1,0.20310894,0.14912754,0.01272815
JOIYVAOMEJSCBK-UHFFFAOYSA-N,CCC1=NNC2=C(Cl)C=CC(NC3=C(C4=NC=CC=N4)OC4=CN=CC=C34)=C12,0.07608712,0.061928157,0.008369713
HALVHRXAXSOEJW-UHFFFAOYSA-M,COC1=CC=C2C=C3[N+](=CC2=C1OCCN(CCN1C=NC([N+](=O)[O-])=C1)CC1=CC=C(Cl)C=C1)CCC1=CC2=C(C=C31)OCO2.[Cl-],0.44517925,0.22857271,0.018421946
OYDOPLZDDBTLCK-LJQANCHMSA-N,N=C(N)C1=CC=C(CNC(=O)C2(NC(=O)[C@@H](CC3CCCCC3)NCC(=O)O)CCCC2)C=N1,0.06662819,0.061554726,0.00063414325
QNCAXVKLUSQJPM-UHFFFAOYSA-N,CC1(C)N=C(N)N=C(N)N1OCCCOC1=CC(F)=C(F)C=C1F,0.048182566,0.04419397,0.0016670438
YVHXBAKYSIZEMK-UHFFFAOYSA-N,O=C(NNC1=C(Cl)C=CC=C1Cl)C1=C(F)C=CC=C1Cl,0.40975827,0.1925415,0.049314957
XSABXKPOGIXTLP-UHFFFAOYSA-N,CC(=O)NCC1(C)CC(=O)N(CC2=CC=CC=C2)C1=O,0.0904152,0.07987568,0.0023646168
SZRWYWZYJHGAFX-UHFFFAOYSA-N,CC1=CC(O)=C(SC2=CC=CC=C2)C(=O)O1,0.6860465,0.17808492,0.037301794
DAYGTXIWUJVABE-UHFFFAOYSA-N,NC1=C(NC2=CC=C(F)C(Cl)=C2)C2=CC=NC(C3=CC(F)=NC(F)=C3)=C2O1,0.4114779,0.22505504,0.017108798
XPGCATDCNBPISB-UHFFFAOYSA-N,CC(C)(C#N)C1=CC=C(OC2=CC(F)=C(S(=O)(=O)NC3=NN=CS3)C=C2Cl)C(C2=CC=NN=C2)=C1,0.24692091,0.17678298,0.009168055
KGKDQOLJMJPKKP-VGTSSDOASA-N,CN(C)C1=CC=C(/C=C/C(=N\NC(=O)NC2=CC=C(F)C=C2)C2=CC=C(O)C=C2O)C=C1,0.24207923,0.1735475,0.009929361
SNRFPPXPEBWCDV-UHFFFAOYSA-N,O=C1CCC2=CC=C(OCCCCN3CCN(C4=CC=C(F)C5=CC=CC=C45)CC3)N=C2N1,0.057893917,0.053450294,0.0010919181
DQSJVQNVTYFNFN-UHFFFAOYSA-N,CC1=CC=CC(N2C=NC3=CC=C(C4=CC=NC5=C4C=CN5)C=C23)=C1,0.34684032,0.20906411,0.017477969
XKDFZZUFCHOVRN-GOTSBHOMSA-N,CC1=NOC([C@H]2C[C@@H]2C(=O)NCC2=CC=C(C3=CC=CC(OC(F)(F)F)=C3)C3=C2CN(C(=O)NC(C)(C)C)CC3)=N1,0.17420223,0.14037141,0.003484414
AUFZJTVUOYEOQJ-UHFFFAOYSA-N,CCC(CC)C(=O)N(C)C1=C(C)N=C2C(OCC3=CC=CC=C3C(=O)OC)=CC=CN12,0.41434065,0.21473466,0.027927827
JNFLWFSFUTUMCR-QRDYFNKKSA-N,C[C@@H]1NC(=O)[C@H](CC(N)=O)NC(=O)C2=CC([N+](=O)[O-])=CC(I)=C2OCC[C@@H](C(=O)NC(CC(=O)O)C(N)=O)NC1=O,0.40975255,0.21644619,0.025409201
WROQCXULSBZMCN-UHFFFAOYSA-N,NC1CC(CF)CN(C2=CC=NC=C2NC(=O)C2=CSC(C3=C(F)C=CC=C3F)=N2)C1,0.40629512,0.22140427,0.019815136
ZLGSQILIYXYAOK-MHECFPHRSA-N,CC1=CN([C@H]2C=C[C@@H](COC(=O)CN3CCN(C4=CC5=C(C=C4F)C(=O)C(C(=O)O)=CN5C4CC4)CC3)O2)C(=O)NC1=O,0.17395729,0.13787688,0.0058192755
PWFIVVWXVGTAHD-UHFFFAOYSA-N,CN1C(C2=CC=C(Cl)C=C2)=NN=C1C1(C2=CC=C(Cl)C=C2)CCC1,0.22636151,0.16495256,0.010169442
VVSAXPQZSYGEFL-UHFFFAOYSA-N,N#CC1=C(N)OC2=C(C(=O)OC3=CC=CC=C23)C1C1=CC=C(Br)C=C1,0.2923896,0.19994923,0.0069486974
LSGZPGIITGBWCI-UHFFFAOYSA-N,CCCCCCCCCCCCOC(=O)CCCC(=O)OCCN1CCN(C2=CC(NC3=NC=C(C(=O)NC4=C(C)C=CC=C4Cl)S3)=NC(C)=N2)CC1,0.14366965,0.119779214,0.0032494888
WSCYUHHQTXEAFR-UHFFFAOYSA-N,CN1CCN(C2=CC=NC(NC3=CC=C4C(NC5=CN=CC=N5)=CC=NC4=C3)=N2)CC1,0.1896402,0.13877119,0.014905656
KBEZZFIQPRMPRG-UHFFFAOYSA-N,CCN(CC1=CC=CS1)C1=NC=NC2=CC=C(C3=CC=C4C(=C3)OCO4)C=C12,0.41765898,0.2204997,0.022720259
LUPZBZULIIFING-HNNXBMFYSA-N,COC1=CC=C2OC(C(=O)N3CCC4=C(C(=O)N(OC)C(N[C@@H](C)C5=CC=C(C(F)(F)F)C=C5)=N4)C3)=CC2=C1,0.42281568,0.21514966,0.02889293
WASQJNJVOQBCCU-BTFPBAQTSA-N,O=C(OC[C@H]1O[C@@H](N2C=C(F)C(=O)NC2=O)C[C@@H]1OC(=O)[C@@H]1CCCN1)[C@@H]1CCCN1,0.40390596,0.21266241,0.02810352
WAPJTWGSGSODNI-UHFFFAOYSA-N,CN1C(=O)C2=C(C3=CC=CC=C3)N3C(=C2N(C)C1=O)C(C1=NC=CS1)NCC3,0.41392326,0.21080658,0.03178423
LRKXGDGPEYXVHS-UHFFFAOYSA-N,CC1=CC(=O)OC2=CC=C3OC4=CC=CC=C4C3=C12,0.88765013,0.09483262,0.0048947306
OYWPKJMMVVHGCE-UHFFFAOYSA-N,CC(C)(C(=O)O)C1=CC=CC(C2=CC=C(C(CC3=CC=[N+]([O-])C=C3)C3=CC=C(OC(F)F)C(OC(F)F)=C3)C=C2)=C1,0.19963965,0.15333508,0.00644859
VRCMAKRPCCOWOA-IVPXSCQRSA-N,CCC(=O)N[C@@H]1CC[C@@H]2[C@@H](C1)C[C@H]1C(=O)O[C@H](C)[C@H]1[C@H]2/C=C/C1=CC=C(C2=CC=CC(F)=C2)C=N1,0.077571176,0.07096512,0.00058877363
JQRYJGJKLKQPGV-FAKWAEIUSA-N,CN(C)CCNC1=C(/C=C/C2=[N+](C)C3=CC=CC=C3C2(C)C)CCC/C1=C\C=C1\N(C)C2=CC=CC=C2C1(C)C.[I-],0.24127431,0.16842093,0.014640131
WLXGLRSPESJCTI-OVCLIPMQSA-N,CC1=CC=CC(/C=N/NC(=O)CN2N=C(C)C=C2C)=N1,0.25125724,0.17648584,0.011641164
SXSYRNDDERNWBB-UHFFFAOYSA-N,COC1=CC=C(C(C)C)C=C1C1=C(CN(CC2=CC(C(F)(F)F)=CC(C(F)(F)F)=C2)C2=NC=C(N3CCC(N)CC3)C=N2)CC(C)(C)CC1,0.05653887,0.052132558,0.0012096645
JBVYKHPDEPWWRE-UHFFFAOYSA-N,CN1CCN(C2=CC=C(NC3=NC=C4C(=N3)C3=C(C(C(N)=O)=CN3C)C(C)(C)C4)C=C2)CC1,0.11435273,0.09724043,0.0040357625
ULBIVVURQUFTNP-UHFFFAOYSA-N,NC1=NC=NC2=NC(C3=CC=CC(O)=C3)=C(C3=CC=CC(O)=C3)N=C12,0.310454,0.20436302,0.0097093005
LCSDNUGIEBQYTM-UHFFFAOYSA-N,COCCN1C(SCC(=O)NC2CCCC2)=NN=C1C(C)C,0.11146638,0.09437085,0.004670764
SSHUJNUARSWDGM-UHFFFAOYSA-N,COC1=CC(C(F)(F)F)=CC=C1C1=NC=NC2=C1CCN(S(=O)(=O)NC1=NC=CS1)C2,0.3925589,0.22723785,0.011218598
YYDNWQYQAUCOSM-CMDGGOBGSA-N,COC(=O)/C=C/C1=CC=C(CNC2=CC(=O)C3=CC=CN=C3C2=O)C=C1,0.34864673,0.20995317,0.01713901
SGFXIGDZMUKKKK-UHFFFAOYSA-N,C1=CC=C(C2=CC=C3N=CC=C(NC4=CC=C(N5CCOCC5)C=C4)C3=C2)C=C1,0.14848988,0.11955049,0.0068901647
JBYWTQVZDGPHNS-DQSJHHFOSA-N,CC/C(=C(\C1=CC=C(I)C=C1)C1=CC=C(OCCN(CC)CC)C=C1)C1=CC=CC=C1,0.6391838,0.20181657,0.028811324
RXVZMARDNUYHJH-UHFFFAOYSA-N,COC1=CC=CC(C(=O)OCC2=CC=CC(C)=C2)=C1,0.9498396,0.046962805,0.00068148616
HYXPKYAXIADQIJ-UHFFFAOYSA-M,CCN(CC)CCCNC1=C2C=CC=CC2=[N+](C)C2=C1OC1=CC=C(OCC3CC[N+](C)(C)CC3)C=C21.[I-].[I-],0.61663663,0.17120723,0.06518867
APRZSOBLBFMURG-GRGXKFILSA-N,CCOC1=CC(CN2CC3(CC([C@H]4CC[C@@H](C(=O)O)CC4)=NO3)C2)=CC(OCC)=C1C1=CC=C(F)C=C1,0.5657133,0.22000721,0.025674585
PULAKLDBZCKWIW-UHFFFAOYSA-N,COC1=CC=C(OC)C(NC(=O)CCNS(=O)(=O)C2=CC=C3C(=C2)CC(C)N3C(C)=O)=C1,0.1712374,0.13714261,0.0047725323
RBKKKJWFRWVLQY-SRZZPIQSSA-N,CC1=CC=C(/C=N/NC2=CC=NC3=CC(Cl)=CC=C23)C(C)=C1,0.06557569,0.06044564,0.0008298718
QSEJOZAGULTILJ-UHFFFAOYSA-N,CC(NC(=O)NC1=NC=CC=N1)(C(F)(F)F)C(F)(F)F,0.40956137,0.23024656,0.011574298
FRJNADGQNLMKMU-UHFFFAOYSA-N,CC1=CC=CC=C1C(=O)NC(NCC1CCCO1)C(Cl)(Cl)Cl,0.468138,0.22758429,0.021400545
SFRCPMXTOWXILH-UHFFFAOYSA-N,COC1=CC=C(OCCN2C=C(C=O)C3=CC=CC=C23)C=C1,0.11171997,0.097509034,0.0017296021
HIVFAGONXYMEDS-UHFFFAOYSA-N,CCN(CC)CCCNC1=NC2=CC=C(Cl)C=C2C(C)(C)C1,0.047372032,0.044380225,0.0007476964
GCPPVCWHGSQHNK-UHFFFAOYSA-N,COC1=CC=CC(CNC2=NC3=CC=C(OC4=CC=NC5=CC(OC)=C(OC)C=C45)C=C3S2)=C1,0.14963038,0.11916079,0.008080345
WLEPXFAEZWYFFN-UHFFFAOYSA-N,N#CC1=CC=CC(C2=CC=C3C(=C2)CCN(CC2=NC4=CC(Cl)=C(Cl)C=C4N2)C3C2CCN(CC3CC3)CC2)=C1,0.6776635,0.20295878,0.015476924
QWXMOZLDROFVJG-LVZFUZTISA-N,CCOC(=O)C1=C(N)N(C2=CC=CC=C2)/C(=C2\SC(=S)N(C3=CC=C(C)C=C3)C2=O)S1,0.29721197,0.19071881,0.018158186
QJQCNLRJDPNCKB-UHFFFAOYSA-N,CC1=CC(Cl)=CC2=C1NC(C1=CNN=C1C1=CC=C(Br)C=C1)NC2=O,0.29432443,0.19602497,0.011672602
PACRWHUPEPCFHX-UHFFFAOYSA-N,CC(=O)C1=C(C)C2=CN=C(NC3=CC=C(N4CCN(CC5=CN(CCOCCNC6=CC=CC7=C6C(=O)N(C6CCC(=O)NC6=O)C7=O)N=N5)CC4)C=N3)N=C2N(C2CCCC2)C1=O,0.29518172,0.19581749,0.012232008
XOCZGIFMFBFPGQ-UHFFFAOYSA-N,CC1=CC=CC=C1C(=O)NC(C1=CC=NC=C1)C(NC(=O)C1=CC=CC=C1C)C1=CC=NC=C1,0.34612212,0.20814414,0.018177425
JAAMOZDLMVJTNT-MKMNVTDBSA-N,O=C1C2=CC=CC=C2C(=O)C2=C1C=C(/C=N/O)O2,0.36366034,0.21405445,0.017357022
QYFPOUWRZVTOCE-YVMONPNESA-N,FC1=CC=C(/C=C\C2=CC3=CC=CC=C3N=C2Cl)C=C1,0.2534164,0.1844267,0.0047698724
LGIFDRMRYOXUCN-OMXGPXTPSA-N,O=C(CN1CC[C@@H](NS(=O)(=O)C2=CC=CC=C2)C1)NC1CCC2=CC(F)=CC=C2C1CC1=CC=CN=C1,0.27212757,0.18371257,0.014361591
ZDJKIXJFTBHEJK-UHFFFAOYSA-N,O=C1C(O)=C(NC2=CC(Cl)=C(OC3=CC=C(O)C(OC4=CC=CC=C4)=C3)C(Cl)=C2)C1=O,0.21643753,0.16101156,0.008580747
PKLNFRYDFDUUJP-UHFFFAOYSA-N,CO/N=C(\N)C1=CC=C(COC2=CC=C(/C(N)=N/OC)C=C2I)C=C1.Cl.Cl,0.6699402,0.2050377,0.016082672
VXRCHIBVBRJPHN-UHFFFAOYSA-N,CC1=CC=C(C2=CC(CN3CCN(C)CC3)=C(C)N2C2=CC=C(F)C=C2)C=C1,0.67639804,0.19974281,0.01914097
REXKYKQKJNSOLG-UHFFFAOYSA-N,C=C1NC(CO)CC2=CNC3=C(C(C4=CNC5=CC=CC=C45)C(O)CO)C=CC(=C23)N(C)C1C(C)C,0.02465714,0.0234363,0.0006128614
OEWNORSXNDWQFL-ZDUSSCGKSA-N,C[C@H]1CCN(S(=O)(=O)C2=CC(NC(=O)CN3N=NC4=C3CN(C)CC4)=CC=C2Br)C1,0.025095878,0.024016885,0.00044919178
BZDPFDTWYHBSHP-HNNXBMFYSA-N,C[C@H](NC1=NC=NC(N)=C1C#CC1=CC=CC=N1)C1=NC2=CC=CC(Cl)=C2C(=O)N1C1=CC(F)=CC(F)=C1,0.024533717,0.023483407,0.00044840362
ZPGAQFQDUHUCHB-UHFFFAOYSA-N,COC1=CC(C(N)=O)=CC(C2=CC=C3N=CN=C(NC4=CC=CC(C(=O)N5CCOCC5)=C4)C3=C2)=C1,0.35651642,0.22057196,0.008840483
DMKJLNPJLIDEIY-UHFFFAOYSA-N,FC1=CC=CN=C1N1CCC(NCC2=CC=CC3=C2NN=C3)C1,0.63791233,0.19564356,0.035336625
PIWKUUTZFWFIOL-RFHZMROGSA-N,CC(C)CC(C)(C)C[C@H]1N(C)[C@@H](C(=O)NCC[C@H](O)CO)[C@H](C2=CC=CC(Cl)=C2)[C@@]12C(=O)NC1=CC(Cl)=C(F)C=C21,0.10471462,0.08658708,0.007162398
DCRKSTFXDNYHDN-UHFFFAOYSA-N,O=C(C1CN(S(=O)(=O)C2=CC=CC(Cl)=C2Cl)C1)N1CCN(C2=CC=NC=C2)CC1,0.2349368,0.17722164,0.0025198734
CUEWOYAEVHHUTJ-XVNBXDOJSA-N,O=C(/C=C/C1=CC=C([N+](=O)[O-])C=C1)C1=CC=C(O)C(O)=C1,0.1664665,0.13612093,0.002634482
CJRHINFICMSRKT-UHFFFAOYSA-N,CC1(C(=O)NC2=NN=C(C(F)(F)C(F)(F)C(F)(F)C(F)(F)F)S2)CC1(Cl)Cl,0.45191088,0.2280139,0.019673536
IBBLFRRBQLNPHM-UHFFFAOYSA-N,O=C(C1=CC=C(F)C=C1)C1=CN=C(C2=CC=C(OCC3=CC=CC=C3)C=C2)N1S(=O)(=O)C1=CC=CC=C1,0.9990452,0.00095175736,2.066393e-06
SNSAQXZPGJSWDS-UHFFFAOYSA-N,FC(F)(F)C1=CC=C(CNCC2CCN(CC3=CC=C4C(=C3)OCO4)CC2)C=C1,0.5209425,0.23612124,0.01344019
UUFVAAYJGARGFX-UHFFFAOYSA-N,COC1=CC2=C(C(=O)OC(C3=CSC=C3)=C2C2=CC=C3C=CNC3=C2)C=C1OC,0.058114603,0.053805284,0.00093201257
AAGWGNWTWBWIPB-SGAXSIHGSA-N,C/C=C\C(O)(C(=O)OC1CN2CCC1CC2)C1CCCCC1,0.013783533,0.013105302,0.00048824385
NXEADJBLBYYPHZ-CDRSNLLMSA-N,O=C1NC(=O)N(C2O[C@H](CO[N+](=O)[O-])[C@@H](O)[C@H]2O)C=C1F,0.7263012,0.19045104,0.008336725
KOGYOPLNKQJQFM-PHDIDXHHSA-N,O=C1NC(=O)N([C@H]2CS[C@H](CO)O2)C=C1F,0.13231732,0.11018555,0.0046238853
WFJNHVWTKZUUTR-UHFFFAOYSA-N,CCC1CN2CCC1CC2C(O)C1=CC=NC2=CC=CC=C12,0.41779348,0.23288132,0.010360739
SPTDUYMUHLKWKH-UHFFFAOYSA-N,N#CC1=CC(C2=COC=C2)=C2C=CC(OCC3=CN=CC(C4(O)CCOCC4)=C3)=CC2=C1,0.4765721,0.2320186,0.017432543
ZGORXGRBHSPHOG-UHFFFAOYSA-N,O=C(C1=CC=C(OCCN2CCCCCC2)C=C1)C1=C(C2=CC=C(OCCN3CCCC3)C=C2)SC2=CC=CC=C12,0.47475412,0.23281263,0.01655
IASUXOASOPXRFL-PAMZHZACSA-N,CCCCCNC(=O)C(CC1=CC=C(OC(C(=O)O)C(=O)O)C=C1)NC(=O)[C@H]1CCCC[C@H]1C(=O)O,0.0969162,0.08483859,0.0026848637
REUVFOBMQUHYFX-UHFFFAOYSA-N,CC1=C(C2=NC(C3=CC=C(C#N)C=C3)=CS2)C(C2=CC=NC3=CC=CC=C23)NC(=O)N1,0.09607833,0.082832195,0.004015098
FCFIMGYJKSFKSJ-OKCVXOCRSA-N,CC1=CC=C(CN2C=C(/C=N/NC(=O)CC3=NN=C(NC(=O)C4=CC=C(C)C=C4)S3)C3=CC=CC=C23)C=C1,0.4142221,0.22667263,0.015969563
VDGWDOHSWJJKQV-UHFFFAOYSA-N,CC1=CC=C(CN(CC2=CC=CO2)C(S)=NCC(=O)NCC2=CC=CN=C2)C=C1,0.24850996,0.17436999,0.012382765
VTYYIGSBMPYSTJ-WUXMJOGZSA-N,CC1S/C(=N/N=C/C2=CC=CN=C2)NC1=O,0.1649137,0.12968545,0.008031735
JSBVZBNPPFFYSU-UHFFFAOYSA-N,CC1=CC(C)=CC(C(=O)OCCN2C([N+](=O)[O-])=CN=C2C)=C1,0.29504266,0.19643559,0.011556932
BLVTUXCPBJQIGY-UHFFFAOYSA-N,COC1=CC2=NC=NC(NC3=CC(NC(=O)C4=CC=CC(N5CCOCC5)=C4)=CC=C3C)=C2C=C1OC,0.21246968,0.1566764,0.01064991
HLAAZUZARIFGMJ-UHFFFAOYSA-N,CC1=CC=C2NN=CC2=C1N(CC1CCCCC1)C1=CC=NC(NC2=CC=C(OCC(O)CN3CC=CCC3)C=C2)=N1,0.3665071,0.21121475,0.020964883
DVDIKQQQXLCKGK-SFTDATJTSA-N,CCN1C[C@@H]2C[C@H]1CN2C1=CC(F)=C(C2=CC=NC3=C(C4=C5C(=CC=C4)NN=C5)C(C4=CC=NC=C4)=NN23)C(F)=C1,0.1205866,0.101420276,0.0046251933
WAAGETXJKVFISA-UHFFFAOYSA-N,CCCC(=O)NCC1=CC=C(F)C(OC)=C1,0.5827225,0.21635596,0.026801018
FUJMLRVGPZPFCD-QHCPKHFHSA-N,CN(C)CC[C@@H]1NC(=O)C2=COC(=N2)C2=COC(=N2)C2=CC(=CC=C2)C2=CC(=CC=C2)C2=NC(=CO2)C2=NC(=CO2)CNC1=O,0.40028575,0.22708908,0.0129680205
AQMNBSBCJPFTAD-ZAZKALAHSA-N,O=NN(CCCl)C(=O)N[C@@H]1CC(N2C=C(F)C(=O)NC2=O)O[C@@H]1CO,0.11737225,0.099166855,0.0044291415
YUFCNMYEHQBUMA-UHFFFAOYSA-N,CN(C)CC1=CC(NC2=CC=NC3=CC(Cl)=CC=C23)=CC(C2=CC=C(Cl)C=C2)=C1O,0.29238242,0.19054937,0.016345575
BXCVYLDOQZSVNT-UHFFFAOYSA-N,O=C(NC1=CC=C(Cl)C=C1)NC1=CC=CC(CNC2=NC3=CC=C(OCCN4CCOCC4)C=C3S2)=C1,0.3848647,0.20889369,0.027850172
OQBCLYYEIOWMNX-UHFFFAOYSA-N,O=C1NC(=O)C(=CNC2=CC=CC=C2S)C(=O)N1,0.11677484,0.09870834,0.0044301474
SJJWYVDGVRXTKZ-NDENLUEZSA-N,CCCC1=C(COC2=CC=C(/C=C3\SC(=S)NC3=O)C=C2)C=CC(C(C)=O)=C1OC,0.2891005,0.18284492,0.022676475
PXURFKCXRZBPBS-OVVQPSECSA-N,CC1=CC=C(NC(=O)CC/C(CC(=O)C2=CC=C(F)C=C2)=N\NC(=O)C(=O)NN)C=C1C,0.2635942,0.17326832,0.020843979
KDHWXYCRFWFNAS-UHFFFAOYSA-N,CC1=CC=CC=C1CN1CCC(CNC2=NC(C3=CC=C(Cl)C=C3)=C(C3=CC=C(Cl)C=C3)S2)CC1,0.14617537,0.12277735,0.0020307773
JQZORGJKJKJHPO-UHFFFAOYSA-N,COC1=CC=C2C=C3[N+](=CC2=C1OCCN(CCN1C=NC([N+](=O)[O-])=C1)CC1=CC=CC(Cl)=C1)CCC1=CC2=C(C=C31)OCO2,0.24627551,0.17771167,0.007912247
PQWIFCLBKGKDKN-UHFFFAOYSA-N,CC1CC2=NN(C)C(CC3=CC=CC=C3Cl)=C2C2=NC(NC3=CN(C4CCNCC4)N=C3)=NC=C12,0.24605177,0.17538728,0.010123029
JPSWRULQKIRWQG-XZSOOZFNSA-N,CCN1C(=O)/C(=C2\SC3=CC(OC)=CC=C3N2C)S/C1=C\C1=CC=CC=[N+]1CCCCCCNC(=O)CCCC[C@@H]1SC[C@@H]2NC(=O)N[C@H]12.[Cl-],0.24529223,0.1759432,0.009180766
UHTCYYZDKLDSFJ-DEOSSOPVSA-N,CCN(CC1=CC=CC=C1)C1=NC=CC(C2=C(C)N=C(NC(=O)N3CCC[C@@]3(C)C(N)=O)S2)=N1,0.11017277,0.0955039,0.0025308353
MLQFZVYOUUFHRI-RTWAWAEBSA-N,CN1C(=O)C2=C(N3CCCC3)N(CC3=CC=C(C4=CC=CC(F)=N4)C=C3)N=C2N2C1=N[C@@H]1CCC[C@H]21,0.8955111,0.09098776,0.002583123
BRVYETPRGCQZJA-JMGYQRAPSA-N,C[S@+]([O-])C1=CC=CC2=C1N(CC1=CC=C(Cl)C=C1)C1=C2CCC[C@@H]1CC(=O)O,0.88814265,0.087437354,0.011907909
ZATZPKWMHAVILZ-UHFFFAOYSA-N,O=C(C1CC2=CC=CC=C2CN1S(=O)(=O)C1=CC=C(F)C=C1)N1CCOCC1,0.85185605,0.11769583,0.008501473
JCBZBASAERQUKE-UHFFFAOYSA-N,CN(C)C1CCN(C2=NC=NC3=C2OC2=CC=C(Cl)C=C32)C1,0.8439609,0.12439656,0.0072943303
PAGNERNSMOUOJL-MRVPVSSYSA-N,COC1=C(N2CC[C@@H](N)C2)C(F)=CC2=C1N(C1CC1)C1=C(C2=O)C(=O)NS1,0.025427163,0.024309466,0.00047115152
GMMGPQYTVQPYNY-UHFFFAOYSA-N,CSC1=NC=C(Cl)C(C(=O)NC2=C(C(=O)NC3=CC=CC(Cl)=C3)OC3=CC=CC=C23)=N1,0.7896043,0.15817975,0.007949597
NSNBMHHTVLYYNO-ZHIQAQTNSA-N,O=C1N=C(N2CCC[C@H]2C(=O)NC2=CC=C3N=CN=C(NC4=CC=CC(Cl)=C4)C3=C2)S/C1=C/C1=CC=CC(Br)=C1,0.24782677,0.17009597,0.016312698
IHPIALVXPHPONZ-UKKRHICBSA-N,O=C(O[C@H]1C[C@H](N2C=C(F)C(=O)NC2=O)O[C@@H]1CO)[C@@H]1CCCN1,0.24521399,0.1695765,0.015507567
ACLAJGXZPMTKKQ-UHFFFAOYSA-N,CN1C=NC=C1C(OCC1=CN(CC2=CC=CC(F)=C2)C(=O)C=C1C1=CC=CC(Cl)=C1)C1=CC=C(C#N)C=C1,0.27953938,0.18272215,0.018674957
ZLOZRAAVRLVUTH-UHFFFAOYSA-N,CC1=CC(C)=CC(NC(=S)N2CCC(C(=O)C3=CC=C(F)C=C3)CC2)=C1,0.05650471,0.052512217,0.0007997164
RSQSXYQWUKFWHP-UHFFFAOYSA-N,CCCCCC1=CC=C(S(=O)(=O)NCCC2=C(C3=CC=CC=C3)NC3=CC=CC=C23)C=C1,0.39331117,0.21638112,0.02223637
PSOZCEKRBXNIJR-WMMXXEOUSA-N,COC1=CC=CC2=C(C3=CC=C4C(=C3O)[C@@H](C)N[C@H](C)C4)C=C(C3=C(C)C(C4=CC=C5C(=C4O)[C@@H](C)N[C@H](C)C5)=C4C=CC=C(OC)C4=C3O)C(O)=C12,0.40182397,0.21954776,0.020813694
CNEUJSQUCXSRDD-UHFFFAOYSA-N,CC1=NC2=CC=C(C3=CC=NC4=CC=CC=C34)C(C)=C2C(=O)N1,0.1251248,0.10552025,0.0039483323
NLLBBSDKZXVPRO-UHFFFAOYSA-N,COC1=CC=C2N=C3C=C(Cl)C=CC3=C(NCCCNCCCNC3=C4C(=NC5=CC(Cl)=CC=C35)C=CC(OC)=C4)C2=C1.Cl,0.21493952,0.15755066,0.011189863
CIXIDMRVXDGRJV-UHFFFAOYSA-N,COC1=CC=C(CN(CC2=CC=CC=C2)CC2=C(O)C=CC3=C2OC(C)=CC3=O)C=C1,0.76062256,0.16783407,0.0142418
FTZJPVACCUYPRH-UHFFFAOYSA-N,O=C1N=C2N(C3=CC=CC=C3F)C3=CC=CC(Cl)=C3C=C2C(=O)N1,0.04361756,0.041201685,0.0005133841
PEXVJRSYTQCVFU-UHFFFAOYSA-N,CC1=CC=CC=C1C(=O)NC1=CC=C(S(=O)(=O)NC2CCN(C(=O)CCCN3CCOCC3)CC2)C2=CC=CC=C12,0.8470277,0.11568555,0.0138862515
VXJDWXDHKHVKGE-UHFFFAOYSA-N,CC(C)CN1C(=O)C(=CC2=CC=CC=C2)C(=O)N(CC(C)C)C1=O,0.47189087,0.23624022,0.012969617
PZKKEOGCYNWGSA-UHFFFAOYSA-N,CC(OC1=CC(C2=CC(C3=CC=CS3)=CN=C2N)=CC=C1C(N)=O)C1=CC=CC=C1C(F)(F)F,0.46488297,0.234471,0.01429581
QMCFBRPLMVFDBX-CZWSTMTISA-N,C[C@@H]1CCCCO[C@H](CN(C)CC2=CC=C(C(F)(F)F)C=C2)[C@H](C)CN([C@H](C)CO)C(=O)C2=CC(NS(=O)(=O)C3=CC=C(Cl)C=C3)=CC=C2O1,0.46388927,0.22511914,0.023576874
JZPFDUSVFDKDJU-NYTNZEMMSA-N,C[C@H]1CN(C[C@@]2(O)CC[C@@]3(C)[C@@H](CC[C@H]4[C@@H]5CCC(=O)[C@@]5(C)CC[C@H]34)C2)[C@H](C)CN1CC1=CC(C(F)(F)F)=CC=C1C(F)(F)F,0.23124568,0.1723122,0.005458928
ZWSLETCZJJZPEH-UHFFFAOYSA-N,CNC(=O)C1=CN=C(OC2=CC(C(=O)NC3=CN=C(C)C=N3)=CC3=C2C=C(C)O3)C=N1,0.07356749,0.067046024,0.0011092932
LLKOIOPUDUDOFR-FJGPGAONSA-N,CS(=O)(=O)OC1=CC=C2C(=C1)O/C(=C\C=C\C1=CC=CC=C1)C2=O,0.351075,0.22045438,0.007366968
OCJCJHZUUXLOHA-UHFFFAOYSA-N,COC1=CC=C(Cl)C(NC2=NC=NC3=CC(OC)=CC(OC)=C23)=C1,0.37266284,0.22220048,0.0115847895
GDFHQFHLYUVXNW-LJQANCHMSA-N,CCC[C@@]1(C)N=C(C2=CC=CC=C2)C2=CC(Cl)=CC=C2NC1=S,0.3457526,0.21756881,0.00863892
WKQDFBKYIAEZEP-UHFFFAOYSA-N,COC(=O)C(=CC1=CC=C([N+](=O)[O-])C=C1)C(=O)OC,0.24771553,0.1774484,0.00890415
JUXGKFCANLESSD-UHFFFAOYSA-N,CCCCCCNC1=C(OC)C=CC2=C(CC3=CC=CC=C3)C3=[N+](C=C12)CCC1=CC2=C(C=C31)OCO2.[Br-],0.24675919,0.17696945,0.008899643
LWMHETDODOVEBY-UHFFFAOYSA-N,CCCCOC1CCC2=NC3=CC(Cl)=CC=C3C(NCCCCCCCCCNC3=C4C(=NC5=CC(Cl)=CC=C35)CCC(OCCCC)C4)=C2C1,0.21846877,0.16322637,0.0075138253
GUEJZPIBPZKHNG-UHFFFAOYSA-N,CCOC1=CC=CC2=C1N=C(N(CCN(C)C)C(=O)C1=CC=C3C(=C1)OCCO3)S2,0.1806477,0.13903274,0.008981402
HPXXKNABZRWSTG-LQKURTRISA-N,CN1C(C2=CC=CC=C2)=C(/C=N/NC2=CC=NC3=CC(Cl)=CC=C23)C2=CC=CC=C12,0.84211725,0.12280052,0.010155217
LFIYFGISUSRLNS-UHFFFAOYSA-N,COC1=CC=C(NC2=NC=NC3=CC=C(NC(=S)NC4=CC=CC(Cl)=C4)C=C23)C=C1,0.053027548,0.0493444,0.0008712301
PCCQQHMLBXTKGT-UHFFFAOYSA-N,CC1=CC=C2C(=C1)C1=CC=[N+]2CCCCC[N+]2=CC=C(C3=CC(C)=CC=C23)NCCCCCN1.O.O=C([O-])C(F)(F)F.O=C([O-])C(F)(F)F,0.22366513,0.16247922,0.01115981
FMVWNXJKPZQHCA-UHFFFAOYSA-N,CCOC(=O)C1=CN(CC2=C(F)C=CC=C2F)C2=NC(C3=CC=C(NC(=O)NCC4=CN(CCOCCOCCN=[N+]=[N-])N=N4)C=C3)=C(CN(C)CC3=CC=CC=C3)N2C1=O,0.1727752,0.13738877,0.0055351504
NYBXYMGDFWQVNQ-UHFFFAOYSA-N,CCOC(=O)C1=C(NC(=O)CSC2=CC=CC=[N+]2[O-])SC(C(=O)NC2=CC=CC=C2)=C1C,0.36360866,0.22322312,0.008174264
VZIXWFKNRFFMNN-UHFFFAOYSA-N,CC(C)CN(NC(=O)C1=C2C(=NO1)C=CC=C2)C1=NC(C#N)=NC=C1Br,0.2342078,0.16902485,0.010329647
BLFPUHXCVANUTH-UHFFFAOYSA-N,O=C(NCC1=CC=CN=C1)C1=CC=C(NS(=O)(=O)C2=CC=CC=C2)C=C1,0.3685626,0.20606299,0.026661206
PAGSICJZLWTLMM-UHFFFAOYSA-N,COC1=CC(OCC2=CC=CC(C3=CN=C(F)C(C)=C3)=C2)=C2C=C(C3=CN4N=C(OC)SC4=N3)OC2=C1,0.20186721,0.15245605,0.008660795
SYQYTRMQKJCPNR-YSJJMVFISA-N,O=C1NC(=O)N([C@H]2C[C@H](O)[C@@H](COP3(=O)OCC(O)CO3)O2)C=C1F,0.94795054,0.04662854,0.0027116076
HKJICRDKLNIKKW-UHFFFAOYSA-N,ClC1=CC=C2C(NCCCCNC3=NC=CC(NC4=CC=CC=C4)=N3)=CC=NC2=C1,0.55425465,0.22446807,0.022588376
PHNAXDMXCYGYGB-OOFFNIEVSA-N,COC(CC1OC(=O)CC(O)C/C=C\C(=O)C(C)C(OC)C2=COC(=N2)C2=COC(=N2)C2=COC(=N2)/C=C\CCC1C)C(C)CCC(=O)C(C)C(C/C=C/N(C)C=O)OC,0.3745884,0.22690216,0.007369799
YTQSVAKKJXBNDL-UHFFFAOYSA-N,CCC1=C(C)CC(C(=O)NCCC2=CC=C(S(=O)(=O)NC(=O)NC3CCC(C)CC3)C=C2)C1=O,0.04448289,0.0414655,0.0010386726
POMKNVSPIRVORC-UHFFFAOYSA-N,COC1=NN2C=C(C3=C(F)C=CC=C3F)C(C3=CC=C(CN4CC(C5=NNC(C6=CC=CC=N6)=N5)C4)C=C3)=NC2=C1CO,0.25848836,0.18631466,0.005357475
CNKULZYKNGMIIR-BJKOFHAPSA-N,COC1=CC=C(C2=NN(C(C)C)C(=O)[C@@H]3CC=CC[C@H]23)C=C1C#CC(=O)NCC1=CC=CC=C1,0.07156253,0.06449753,0.0019438
CUKQYCYJOFKYAJ-UHFFFAOYSA-N,CC1=CC=C(S(=O)(=O)N2CCN(C(C3=CC=CC=C3)C3=CC=CC=C3)CC2)C=C1,0.16018417,0.13015977,0.004365437
OMKNOZUOHMDXNP-PXDAIIFMSA-N,C[C@H](O)[C@@H]1CN2CCC3=C(NC4=CC=CC=C34)[C@@H]2C[C@@H]1N(C)C(=O)NC1=CC=C(Br)C=C1,0.3545676,0.21459824,0.014251163
UGCNRXUEBLUACM-UHFFFAOYSA-N,CC(C)(C)C1=NC(C2=CC=NC=C2)=C2C(N)=C(C#N)C(N)=NC2=N1,0.85144407,0.11984448,0.0066425665
KVFWUGVRWUWBNZ-NSHDSACASA-N,C[C@@H](CO)OC1=NC=CC=C1C1=CC=C(C2=CN=C(N)C=N2)C(F)=C1,0.16912372,0.12876248,0.011758415
FVXGZVWGOFVUIM-FIRIVFDPSA-N,O=C1N(CC2=CC=C(CO)C=C2)[C@H](CC2=CC=CC=C2)[C@H](O)CN(CC2=COC=C2)N1CC1=CC=C(CO)C=C1,0.17321603,0.13111117,0.012101052
IGKRBWTWRQNUEN-UHFFFAOYSA-N,CC1=CC(=O)OC2=CC(NC(S)=NCC3=CC=CC=N3)=CC=C12,0.099026226,0.086658336,0.0025616928
XMVDRTLPWWRNNW-UHFFFAOYSA-N,CC(=O)OCC(COC(C)=O)(CN1C(=O)C2=CC=CC=C2C1=O)CN1C(=O)C2=CC=CC=C2C1=O,0.027393349,0.026019745,0.0006232155
OSOVTHSUTDEIKI-IRLDBZIGSA-N,CC1=CC=CC(CCC(=O)N2CCN(C(=O)N3C(=O)[C@H](CC4CCNCC4)[C@H]3C(=O)O)CC2)=C1,0.6208283,0.217615,0.017785572
DVIQWYZZFHGVAM-UHFFFAOYSA-N,CN(C)CCC1=C(C(=O)NCC2=CC=CC=C2)NC2=CC=C(CCN3C(=O)NC(C)(C4=CC=CC=C4)C3=O)C=C12,0.5678316,0.23121098,0.014187909
NSMPJAYXYKAEJY-UHFFFAOYSA-N,NC1=NC(O)=C2NC(CC3=CSC=C3)=NC2=N1,0.18553354,0.14398724,0.0071235704
FXLFNEVHWHPROF-UHFFFAOYSA-N,N=C(N)C1=CC=C2NC(C3=CC(C(CC(=O)O)C(=O)O)=CC(C4=CC=CC=C4)=C3O)=NC2=C1,0.083959796,0.07111559,0.0057949554
IQCOWROPCJZUPP-KKUMJFAQSA-N,N#C[C@@H]1CCCN1C(=O)[C@@H]1C[C@H](C(=O)N2CCCCCC2)CN1,0.69791716,0.19798559,0.012843189
MSRQQNCNMZZRMW-UHFFFAOYSA-N,COC1=CC(OCC2=CSC(C3(C4=CC=C(Cl)C=C4)CCOC3)=N2)=C2C=C(C3=CN4N=C(OC)SC4=N3)OC2=C1,0.08501925,0.07576798,0.002022995
WWYFVFJZLKWRGV-VZGYSGOJSA-N,CC1=CC(C2=CN=C(C(C)NC3=NC=CC(N4C(=O)OC[C@@H]4[C@@H](C)C(F)F)=N3)N=C2)=CC=C1F,0.3763995,0.21935755,0.015365342
QCDDZWGONJIQDE-UHFFFAOYSA-N,CNC1CCCN(C2=CC=C(NC3=C4C(=NC=C3C(=O)C3CC3)C=CC(C3=CC(Cl)=C(O)C(Cl)=C3)=C4)C=N2)C1,0.0161752,0.015508253,0.00040530757
VZHBXAGJFBJPAA-UHFFFAOYSA-M,COC1=CC=C2C=C3[N+](=CC2=C1OCCCOC1=CC=C(C2=NC4=CC=CC=C4S2)C=C1)CCC1=CC2=C(C=C31)OCO2.[Br-],0.6006335,0.20884542,0.031027464
AGADFQNWGUDFRP-UHFFFAOYSA-N,OC1=CC=C2C(=C1)CCN(C1=CC=CC=C1)C2C1=CC=C(F)C=C1,0.22297944,0.16315566,0.010103971
GXJIMXZNGIRFKA-UHFFFAOYSA-N,CC1=CC=[N+](CC(=O)CCC2=CC=C(C(=O)C[N+]3=CC=C(C)C=C3)C=C2)C=C1,0.01889899,0.018341238,0.00020058385
IJUYMMANCPKLLM-UHFFFAOYSA-N,CCOC1=NC2=NC(C)=C(C(=O)O)C=C2C(C2=CC=CC=C2)=C1C#N,0.23530652,0.164331,0.015606368
CXNZLOIPQFMHLT-UHFFFAOYSA-N,O=C(C1=CC=C(OCCN2CCCCC2)C=C1)C1=C(C2=CC=C(Cl)C=C2)SC2=CC(O)=CC=C12,0.5498652,0.23397923,0.013534218
CSCFEDOGGKUFCG-UHFFFAOYSA-N,CC1CC2=CC=CC=C2CN1CC1=CC=CC=C1,0.11572013,0.09979283,0.0025361555
VFWDGPGEEXHKEO-XZMKWJKUSA-N,COC(=O)[C@]12CCC(C)(C)C[C@H]1C1=CC[C@@H]3[C@@]4(C)C[C@@H]5C(=NN[C@H]5C5=CC=CC=C5)C(C)(C)[C@@H]4CC[C@@]3(C)[C@]1(C)CC2,0.18746567,0.14687486,0.005447419
MSXLHWBXRFPWGL-UHFFFAOYSA-N,BrC1=CC=C2C(=C1)C1=NN=C(C3=CC=C(CN4CCC(C5=NN=C(C6=CC=CC=N6)N5)CC4)C=C3)N1C1=CC=CN=C1N2,0.20581356,0.1516245,0.011829859
QRCRFTCFYITDSV-UHFFFAOYSA-N,NC(=O)C1=CC=C(C2=C(C(=O)C3=CC=C(OCCN4CCCCC4)C=C3)C3=CC=C(O)C=C3S2)C=C1,0.4721022,0.22813693,0.021084763
OOZBGNAEKJAEMB-AJBULDERSA-N,CCCCC1CC2=CC(OC)=CC=C2C2=C(/C=N/CC3=CC=CC=C3)C3=CC=C(OC)C=C3N12,0.17612329,0.13645521,0.008648659
BHHOHHJQIWOOLY-KCFYYHDHSA-N,FC1=CC=C(NC2=CC3=NC4=CC=CC=C4N(C4=CC=C(F)C=C4)C3=C/C2=N/CCCCC23CCCCN2CCCC3)C=C1,0.25251457,0.16711798,0.021632979
HVYGXVLRTTXUEL-LBPRGKRZSA-N,CSCC[C@H](NC(C)=O)C(=O)NCCN1C=CN=C1C,0.44237784,0.22212227,0.024557428
BHJPNHPIGQEPCN-UHFFFAOYSA-N,CCOC(=O)C1CCCN(CC2=CC=C(O)C(OC)=C2)C1,0.14683007,0.122711286,0.002559698
DMTWTSCIJIGXEM-OIJZNPKMSA-N,CC[C@H](C)[C@H](NC(=O)C[C@H](O)[C@H](CC(C)C)NC(=O)[C@H](CC1N=CC=N1)NC(=O)[C@H](CC1=CC=CC=C1)NC(=O)OC(C)(C)C)C(=O)NCC1=CC=CC=N1,0.43593305,0.22932597,0.016569475
WEALPBWASYLNRI-GIJQJNRQSA-N,CC1=CC(=O)OC2=CC(/N=C/C3=CC=C(O)C=C3O)=CC=C12,0.3733184,0.21457776,0.019374013
NHUICIYKHRDWEK-UHFFFAOYSA-N,CC1=CC=CC(CNC2=NC=NC3=C(C(N)=O)C=CC=C23)=C1,0.5126494,0.23950772,0.010332284
OSXKPNSQFLCKBF-UHFFFAOYSA-N,CC1=CC=C(C)C(N2CCN(C(=O)CCC(=O)N3CCOC4=CC=C(Cl)C=C34)CC2)=C1,0.13575174,0.11167851,0.005644709
BQCYIIVLNTWNSU-UHFFFAOYSA-N,COC1=CC2=C(NC3=CC=C(Cl)C(Cl)=C3)N=CN=C2C=C1OCC1=CSC(C2CCCCN2C)=N1,0.39461336,0.20914556,0.029748108
IQBXYHKRGWPSAY-CNORLSDQSA-N,C=CC1=C[N+]2=C(C(O)=C1C[C@H]1C3=C(C4=CC=CC=C4N3)CCN1C)C1=C(C3=CC=C(O)C([C@H]4CCCN4C)=C3N1)CC2.[Cl-],0.4341806,0.23255964,0.0131081855
CDGXTJIQOFQZAW-UHFFFAOYSA-N,CC1=CC=C(C2=C(C3=NN=C(C(F)(F)F)O3)C(=O)NC(C3=CC=C(OCCCC(F)(F)F)C=C3)(C(F)(F)F)C2)C=C1,0.41324016,0.22397594,0.018496802
NWNWOSZIYTYPLI-UHFFFAOYSA-N,CC(=O)NC1=CC=CN=C1NC1=NC=NC2=CC=C(C3=CC=CC(N4CCOCC4)=C3)C=C12,0.42311415,0.2282343,0.015854253
FKRUTODYQQBSGD-UHFFFAOYSA-N,COC1=CC=CC(C2=C3N(N=C2C2=CC=NC=C2)C(C2=CC=C(N4CC5CCC(C4)N5C)C=C2)=CC=N3)=C1,0.4986907,0.21677381,0.03322446
BTQRGQYBCTZVTK-UBMCIHALSA-N,CC(C)=C[C@H](O)C[C@@H](C)[C@H]1CC[C@@]2(C)[C@@H]3CC[C@H]4[C@](C)(CO)[C@@H](OS(=O)(=O)O)CC[C@@]45C[C@@]35CC[C@]12C,0.18150894,0.13688675,0.0116767045
HKJSWMNQUSNTTP-DSITVLBTSA-N,CCCCCC[C@H]1C(=O)N[C@H](C(=O)NCCCN2C=CN=C2)CC2=CC=C(C=C2)OCCC[C@@H]1C(=O)NO,0.4893069,0.20990108,0.039984595
ZIFFNGCWCJSQNG-JFLMPSFJSA-N,COC1=CC=C(CN2C=C(CO/N=C/C3=C(C4=CC=CC=C4)N=C4C(C)=CC=CN34)N=N2)C=C1,0.25054917,0.17036197,0.017412288
DHOHJHINZMGEQL-ZEQRLZLVSA-N,CN1C[C@@H]2CC[C@H]1CN2C1=CC=C(C2=CC=NC3=C(C4=C5C(=CC=C4)NN=C5)C(C4=CC=NC=C4)=NN23)C=C1,0.23070335,0.16754137,0.009937975
PTGQMXBBAJPDIZ-PKAIDYEGSA-N,CC[C@H](C)[C@H](NC(=O)[C@H](CC(C)C)NC(=O)[C@H](CCCNC(=N)N)NC(=O)C1=CC=C(N2CCNCC2)C=C1)C(=O)N[C@@H](CC1=CC=CC=C1)C(=O)O,0.086630024,0.07732279,0.0018024716
GSILVIRHZQJUGG-UHFFFAOYSA-N,C1=CC=C(OCCCCNC2=CC=NC3=CC=CC=C23)C(NC2=C3C(=NC4=CC=CC=C24)C=CC=C3)=C1,0.99255306,0.0073139793,7.761231e-05
PNIPGJJCIHPIOP-RQZCQDPDSA-N,O=C(O)C1CCCN(CCO/N=C/C2=CC=C(Br)C=N2)C1,0.07138166,0.06508901,0.0011973116
PXFMHNKGUWXYLT-UHFFFAOYSA-N,ClC1=CC(Cl)=CC(NC2=NC(NCC3=CC=CO3)=C3C=CC=CC3=N2)=C1,0.30376804,0.20133191,0.010161111
OOVDEPZODSXAMU-UHFFFAOYSA-N,COC(=O)C(C)(N)CC1=CC=C(O)C=C1.Cl,0.26820943,0.18594794,0.01032518
DKFSLQBZVWOHFK-UHFFFAOYSA-N,COC1=CC=C(CC(C)(OC2=CC=C(C(C)C)C=C2)C(=O)O)C=C1,0.21305951,0.15932903,0.008336124
MGGAVHMSVGABJH-NDVSTMMLSA-N,C[C@H]1CN([C@@H]2CC[C@@]3(CCO[C@H]3OCC3=CC(F)=CC(C(F)(F)F)=C3)C2)CC[C@@]12C=CC1=CC=CC=C21,0.18209344,0.14557716,0.0033582663
YOBHJWOWMBSVMO-QZCRLSDHSA-N,CC1=CC(CC2=C(C3=CC=C(OCCN4CCCC4)C=C3)SC3=CC(O)=CC=C23)=CC=C1O[C@@H]1CCCC[C@H]1N1CCCC1,0.18997656,0.14920579,0.0046796626
QPTSDXGLCQPVCW-UHFFFAOYSA-N,COC1=CC2=C[N+](CCC3=CC=C(F)C=C3)=CC=C2C=C1O.[Cl-],0.015224099,0.0148955565,9.676819e-05
VDIZGBPQRHNXNZ-UHFFFAOYSA-N,CC1=CC(NCC2=CC=C(F)C=C2)=NC(N2CCCCC2)=N1,0.8578654,0.11493455,0.0069977166
CYHPCJAQNAXMNQ-UHFFFAOYSA-N,O=S(=O)(NC1=CC=CN=C1)C1=CC=C(Br)C=C1OC(F)(F)F,0.41772038,0.22783282,0.01539721
YYOQJBGOHXSFPI-UHFFFAOYSA-N,COC1=CC(CNC2=CC=C(NC3=C4C(=NC5=CC=CC=C35)CCCC4)C=C2)=CC=C1O,0.18185215,0.14252082,0.0062611448
IFLIQOSTGMUKGK-BJMVGYQFSA-N,CCC(/C=N/NC(=O)C(N)=O)CC,0.2321724,0.16854614,0.009722261
QQCDQPNSLRTTDZ-UHFFFAOYSA-N,ClC1=CC=CC(NC2=NC=NC3=CC=C(NCC4=CC=CC=C4Br)C=C23)=C1,0.026862787,0.025821565,0.00031961806
GBGQWWXXTJGABQ-UHFFFAOYSA-N,O=C(O)C1=CC=C(Cl)C(S(=O)(=O)NC2=CC=C3NC(O)=NC3=C2)=C1,0.18742809,0.14391397,0.008384842
ALRFTBXFWLXUKF-IGSQEJEMSA-N,C/C=C/[C@H]1[C@H](C(=O)C2=C(O)C(C3=CC=C(OC(=O)/C=C/C4=CSC=C4)C=C3)=CNC2=O)C=C(C)[C@H]2CC[C@H](C)C[C@H]12,0.016881237,0.01639335,0.00020290929
MXOYAJBTEOPWLQ-KLCVKJMQSA-N,N#C/C(=C\C1=CC=CC=C1Cl)C(=O)NCCCNC(=O)/C(C#N)=C/C1=CC=CC=C1Cl,0.027049208,0.025941504,0.0003760349
XACFMCPSHAGRDW-OVDNTTTISA-N,N=C1/C(=C\C2=COC3=CC=CC=C3C2=O)C(=O)N=C2SC(C3=CC=NC=C3)=NN12,0.03149113,0.02978147,0.0007179739
GDLXJLSRWACTFX-IQJOONFLSA-N,CC1=CN([C@H]2C[C@H](O)[C@@H](OC(C)(C)C)O2)C(=O)NC1=O,0.05063845,0.04755308,0.00052111986
HRCPSKADZFSMPG-UHFFFAOYSA-N,O=C(NC1=NC(C2=CC=CC(C(F)(F)F)=C2F)=CS1)C1=CN=C(N2CCC(C(=O)O)CC2)C(Cl)=C1,0.0050378023,0.0049715233,4.089962e-05
CWDSRCRXEIVDFU-WUFINQPMSA-N,CC1=CC=C(S(=O)(=O)N[C@@H](CC2=CC=CC=C2)[C@H](O)CN2CCN(CC3=CC=C([N+](=O)[O-])C=C3)CC2)C=C1,0.20336558,0.15791784,0.004090173
APCPYOFTCBTKPW-UHFFFAOYSA-N,CCC1=CC=C(N2N=C(CO)C(C(=O)NCCCC3=CC=CC=C3)=N2)C=C1,0.09683052,0.086304955,0.0011494278
BJYWPFAOIYUNMB-UHFFFAOYSA-N,COC1=CC=C(C2=C(C3=CC=C(C(N)=O)C=C3C)N(C3=CC=C(S(N)(=O)=O)C=C3)C=C2)C=C1,0.37351674,0.21948856,0.014513462
SXAMRBCEMSYDQB-UHFFFAOYSA-N,CN1C(=O)N(C2=CC=CC(C(F)(F)F)=C2)C2=C(C(=O)CCC2)C1C1=CC=C(C#N)C=C1C1=CCOCC1,0.064495884,0.05826182,0.0020743527
TVKGONBRXLKFQC-UHFFFAOYSA-N,OCC1=CSC(C2=CC=C(CO)S2)=C1,0.49218097,0.23798826,0.011950563
CUQPTMGVVQNXDH-UHFFFAOYSA-N,CC(C)(C)C1=NN(C2=CC=C(OCCN3CCOCC3)C=C2)C(NC(=O)NC2=CC=C(OC3=CC=NC(NC4=CC=C5C(=C4)C=NN5CCN4CCOCC4)=N3)C3=CC=CC=C23)=C1,0.44545773,0.23906279,0.007962363
KULZHONWEGEVFY-UHFFFAOYSA-N,CC1=CC=CC(N(CC2=CC3=CC=CC=C3N=C2O)C(=O)C2=CC=CS2)=C1,0.591812,0.22884257,0.012727951
QESCCBUZTGYBRY-UHFFFAOYSA-N,CC1=CC=C(N2N=C(C(C)(C)C)C=C2NC(=O)C2=NNC3=CC=CC=C23)C=C1,0.27185446,0.19043383,0.007515771
WHZWXPNEFSVGAQ-UHFFFAOYSA-N,COC1=CC2=C(C=C1OC)CN(CCC1=CC=C(NC3=NC(C4=CC=C(Cl)C=C4)=NC4=CC=CC=C34)C=C1)CC2,0.051927146,0.04842127,0.00080945116
QOQGMXBUBIXOLQ-RMKNXTFCSA-N,CCCN1C(=O)NC2=C(N=C(C3=CC=C(/C=C/C(=O)OC)C=C3)N2)C1=O,0.34130174,0.20761932,0.017195504
LWKFROGLOGOBFK-LPYMAVHISA-N,COC1=CC(/C=N/NC(=O)CN2CCN(C3=CC=C(F)C=C3)CC2)=CC=C1O,0.058348663,0.05364602,0.0012980824
BAOHRPVXMAWUPP-MDZDMXLPSA-N,COC1=CC=C(C(=O)/C=C/NC2=CC=CC(O)=C2)C=C1,0.17328164,0.13201663,0.011238477
MYMAEUCHDVJVIA-BWAHOGKJSA-N,CN1CCN(C2=CC=C3C(=C2)/C(=C/NC2=CC=C(CN4CCCCC4)C=C2)C(=O)NC3=O)CC1,0.28377792,0.1921143,0.011133754
PPECDCCGUVMBME-UHFFFAOYSA-N,CC1=CN=C(N2CCC(C3=CC=CC=C3)CC2)N=C1C1=CC=NN1C,0.04906466,0.044058546,0.0025987579
BQROMVZIEGHMFK-FWJDJVLASA-N,O=C(CBr)NC1=CC=C(CN2C3=C(C4=CC=CC=C24)C[C@@]2(O)C4CC5=CC=C(O)C6=C5C2(CCN4CC2CC2)[C@H]3O6)C=C1,0.19773929,0.1469752,0.011663274
HOBOYZBYNYELPC-UHFFFAOYSA-N,O=C(C1=CC(C2=CC=CO2)=NC2=CC=CC=C12)N(CC1=NN=C(C2=CC=C(Cl)C=C2)O1)C1CC1,0.6210318,0.21190996,0.023441315
PICJYOMBEAAUFN-ROUUACIJSA-N,CO[C@H]1CN(C2=CC(C3=NNC4=CC=C(C5=CN(C)N=C5)C=C34)=NC=N2)C[C@@H]1O,0.368289,0.21084784,0.021804394
TWWDQMZTYKXKKW-SVBPBHIXSA-N,COC1=CC2=C3C4=C1OC1=CC5=C(C=C1O4)[C@H](CC1=CC=C(C=C1)OC1=CC(=CC=C1O)C[C@@H]3N(C)CC2)N(C)CC5,0.054571394,0.05014051,0.0014528454
KGRAYEYPXMVIHX-IYJUZEOBSA-N,O=C(CCCC(=O)N/N=C/C1=CC(O)=C(O)C(O)=C1)N/N=C/C1=CC(O)=C(O)C(O)=C1,0.2196309,0.16432834,0.007064828
BJHAOCFXUQZNAX-UHFFFAOYSA-N,C1=CC=C(C2=CC=CC(C3=C(C4=CC=CC(C5=CC=CC=C5)=C4)SC(CNCC4CCNCC4)=C3)=C2)C=C1,0.22008546,0.16342849,0.00821936
WVHXTTNAWLOLHX-UHFFFAOYSA-N,CCCCC1=CC=C(C2=CC=C3C(=N2)C(=O)N(C2=CC=C(OCCN4CCCC4)C(OC)=C2)C3)C=C1,0.5836176,0.21145216,0.031555958
XEJJMDUMLSMFRE-QJNUVBDFSA-N,CC(CCC[C@@H](C)[C@H]1CC[C@H]2[C@@H]3CC=C4C[C@H](OS(=O)(=O)O)[C@@H](OS(=O)(=O)O)C[C@]4(C)[C@H]3CC[C@]12C)COS(=O)(=O)O,0.58328325,0.21126963,0.031794216
FMJPKFAJUQLTTM-VCDODJMISA-N,C[C@]12CC[C@H]3[C@@H](CC[C@H]4C[C@]5(CC[C@]34C)CN(CC3=CC=C(OCC4=CC=CC=C4)C=C3)CC(=O)O5)[C@@H]1CCC2=O,0.100813255,0.08580064,0.0048493114
KMLPTINWHYAWNI-UHFFFAOYSA-N,CCOCC1CN(C2=CC=NC=N2)CC2=C1N(CC1CC1)N=C2,0.11980231,0.100326926,0.0051228013
QQZFPVUEXCTKSA-UHFFFAOYSA-N,CCN(CC)C1=CC=C(NC2=NC(NC3=CC=CC=C3)=C3C=CC=CC3=N2)C=C1,0.020382673,0.019793741,0.00017347604
QHUOZEAYYKLKIY-UHFFFAOYSA-N,N/C(=N/C1=CC=C(O)C=C1)NO,0.8544008,0.1156575,0.00874253
KTDHBIYFIPOXLO-VIFPVBQESA-N,O=C(O)C1=CC2=CC(S(F)(F)(F)(F)F)=CC(Br)=C2O[C@@H]1C(F)(F)F,0.12037819,0.103792764,0.0020945345
MFLQOQCFTFKHBW-UHFFFAOYSA-N,CCC1=NC(N)=NC(N)=C1C#CCC1=CC(OC)=CC(C2=CC=[N+]([O-])C=C2)=C1,0.08131585,0.07011391,0.0045896745
VTXJOFUNBAYMEZ-MKMNVTDBSA-N,CCOC(=O)N/N=C/C1=COC2=CC(O)=CC=C2C1=O,0.07934868,0.06967757,0.003374898
GOWJRPARMDUOAE-CUPIEXAXSA-N,COC(=O)N[C@H](C(=O)N1CCC[C@H]1C1=NC=C(C#CC2=CC=C(C3=CC=C4N=C([C@@H]5CCCN5C(=O)[C@@H](NC(=O)OC)C(C)C)NC4=C3)C=C2)N1)C(C)C,0.66260374,0.20134312,0.022216888
VPGSSTHQMHDQAV-MLWJBJAVSA-M,C[N+]1=CC=C(C(O)C2=CC=CC(/C(C#N)=C(\N)SC3=CC=CC=C3N)=C2)C=C1.[I-],0.11726685,0.08996832,0.013547012
MFVWETVYCQYWBB-PXLXIMEGSA-N,NC(N)=N/N=C1\C2=CC(Cl)=CC=C2CC1SC1=NC2=CC=CC=C2S1,0.575433,0.22295627,0.021353569
GJPQKIQISJHKEA-QPPQHZFASA-N,C[C@H]1O[C@@H](N2C=C(F)C(=O)NC2=O)C[C@H]1O,0.054399364,0.050235216,0.0012048477
AVLLGHFOBOLCPF-MRXNPFEDSA-N,CN1C=C(C2=CN3C(=NN=C3SC3=CC=C4N=CC5=C(C4=C3)OC[C@H]3CCCN53)C(F)=C2)C=N1,0.37261668,0.22173946,0.012034053
LQHGLEHALIXLBR-UHFFFAOYSA-N,FC1=CC=C(NC(=S)NC2=CC=C3N=CN=C(NC4=CC=CC(Br)=C4)C3=C2)C=C1Cl,0.19005626,0.14296481,0.010970068
LPYBZGHTHOZEDU-OUKQBFOZSA-N,CC1(C)CC(/C=C/C2=CC=CC=C2)=NC2=CC=CC=C2N1,0.31943625,0.1800439,0.037352867
UZKBWRBVKSQYQO-UHFFFAOYSA-N,O=[N+]([O-])C1=CC=CC(C2=CC=C3C=C(Cl)C=CC3=N2)=C1,0.31897467,0.20833711,0.008892734
PZLJCNIYDRNXTI-UHFFFAOYSA-N,CCN(CC)CC(=O)NN1C(=O)C2=C3C(=CC=C2)C=CC=C3C1=O,0.7074548,0.18926145,0.017701022
VLLFJTFIMFAMHU-UHFFFAOYSA-N,COC1=CC(NC2=NC=NC3=C2SC2=NC=CC=C32)=CC(OC)=C1,0.10663764,0.092614524,0.0026515336
CYOARVZSCJFENO-UHFFFAOYSA-N,COC1=CC2=NC=NC(NC3=CC=C(F)C(Cl)=C3)=C2C=C1OCCCNCCN,0.24670313,0.17871027,0.007130386
WVLGOQBSBKHESG-UHFFFAOYSA-N,COC1=CC=C(C(O)(C2=CC=C3N=C(Cl)C(CC4=CC=CC=C4)=C(Cl)C3=C2)C2=CN=CS2)C=N1,0.00046389486,0.0004634665,2.1312347e-07
OBELLHFPXNJUHS-UHFFFAOYSA-N,FC1=CC=C(C2=CN(C3=CC=NC4=CC(Cl)=CC=C34)N=N2)C=C1,0.45333958,0.23343007,0.0143927
DUYOPZTUPRZUMW-UHFFFAOYSA-N,CN1C=CC=C1C(=O)N1CCCCC1C1=C(S(C)(=O)=O)C=NN1,0.4528918,0.23053508,0.017245736
SQEKKPLUIMZWKA-UHFFFAOYSA-N,CN(C)C1=CC=C(C#CC2=NC=NC(NCCC3=CNC4=CC=CC=C34)=C2C2=CC=C(Cl)C=C2)C=C1,0.040035687,0.037652917,0.0007799187
CLHBEWRWUDPVGT-UHFFFAOYSA-N,O=C1C=C(CN2C=C(COC3=CC=C(Br)C=C3)N=N2)C2=C(C=CC3=CC=CC=C23)O1,0.14053446,0.11812251,0.0026620207
RUTMUDMVOYTQJI-SKCDSABHSA-N,CCCS(=O)(=O)C1=CC(C2CC[C@@H](C3=CC(OC)=C(OC)C(OC)=C3)O2)=CC(OC)=C1OCCSC1=CC=C(C(N)=O)C=C1,0.22493382,0.16548656,0.008852065
MXLXDMHTXNZALQ-UHFFFAOYSA-N,C1=CC=C2C(NCCN3CCOCC3)=NC(C3=COC=C3)=NC2=C1,0.13202591,0.111187525,0.0034075412
PPYYOIXOWFPLCL-UHFFFAOYSA-N,CCC(C)NC(=O)CSC1=NC2=C(SC=C2)C(=O)N1NC(=O)C1=CC=CC=C1,0.3953188,0.21608339,0.02295843
KMMJBTPFPQGXOL-UHFFFAOYSA-N,COC(=O)N(NC(=O)C1=C(OC)C(C2=CC=CC=C2)=NC2=C(C#N)C=CC=C12)C1=CC=CC=C1,0.39926386,0.2150931,0.024759151
GYWHJPVBMDREOD-UHFFFAOYSA-N,O=C(C(=O)N1CCN(C(=O)C2=CC=CC=C2)CC1)C1=CNC2=CC(Cl)=C(Cl)C=C12,0.29292428,0.19419833,0.012921344
LUJDHAGJNKEFEN-UHFFFAOYSA-N,CSC1=C(N)C(=O)C2=C(C(CO)=CN2)C1=N,0.09247795,0.0803,0.003625793
IHGCTMSNXMOASS-UHFFFAOYSA-N,N=C(N)C(=N)NCCC(=O)O,0.099359326,0.086048454,0.0034386131
QQXKBDCCRRDXTJ-HSZRJFAPSA-N,CS(=O)(=O)N1CCC2=C(C(C3=CC=C(C(F)(F)F)C(SCCN4CCC(F)CC4)=C3)=NN2C[C@H](O)CN2CCCCC2)C1,0.17212844,0.13708095,0.0054192846
NQBLEXBWNWWHJE-CYBMUJFWSA-N,N#CN1CC[C@@H](NC(=O)C2=CN=C3C=C(N4CCOCC4)C=CN23)C1,0.2378138,0.16723292,0.014025513
WZZIDCZORGVJEP-SDNWHVSQSA-N,O=C1C(/C=C/C(O)C2=CC=C(Cl)C=C2)=COC2=CC=CC(OCC3CCCCC3)=C12,0.11896251,0.10033055,0.0044798898
BLBCKIXYPSMVJM-UHFFFAOYSA-N,CC1=CC2CC3=NC4=CC(Cl)=CC=C4C(NCCCCCCCNC4=C5C(=NC6=CC(Cl)=CC=C46)CCCC5)=C3C(C1)C2.Cl.Cl.Cl.Cl,0.13005929,0.10753896,0.005604909
SLSMYFRHDVRAMZ-LVZFUZTISA-N,CC(C)=CCC/C(C)=C/C1=CC=CC=C1OCCCN(C)C(C)C,0.1247542,0.1047806,0.004409971
WKTZAGLAZDOZBH-UHFFFAOYSA-N,C[S+]([O-])C1=CC=CC(C2=C(C3=CC=NC=C3)N(CCCN3CCOCC3)C=N2)=C1,0.70644784,0.19179004,0.015589211
AGOMZXFWATVFOH-UHFFFAOYSA-N,COC1=CC=C(C2C3=CC=C4C=CC=NC4=C3OC3NC(=S)NC(=S)C23)C=C1,0.060029402,0.054522943,0.0019029272
OGRQQJOARNZDSY-UHFFFAOYSA-N,CCN1C(=O)C2=C(N(CC3=CC=C(F)C(F)=C3)C(C3=CC=C(C4=CC=CC=C4OC)N=C3)=N2)N2CC(C)(C)N=C12,0.24753554,0.17754005,0.008721639
CXAHQPWLJGSFEG-UHFFFAOYSA-N,O=C1C2=CC=C(Cl)C(Cl)=C2C(=O)N1CCCCN1C=CN=C1,0.6839035,0.18843216,0.027747357
NVQXQRJMWPIZFM-UHFFFAOYSA-N,CC(=O)NC1=CC=C2C(=NC3=CC=C(CCC(=O)O)C=C3)C3=CC=CC=C3NC2=C1,0.29435652,0.19700868,0.010702064
NJBPPYDUSPXTIO-RNHIQORTSA-N,O=C(NCCCCCCOCCCC[C@H]1CCC[C@@H](CN2C=C([C@@H]3CCC[C@H](CCCCOCC4=CC=CC=C4)O3)N=N2)O1)C1=CC=CN1,0.619875,0.2235074,0.012122554
IEJRWSFAVHTXKX-UHFFFAOYSA-N,COC1=CC=C(NC(=O)C2=C(NC(=O)CC3=CC=CS3)C3=CC=CC=C3O2)C=C1,0.34323204,0.21301791,0.012405896
WEWWZHAIYCPZHL-UHFFFAOYSA-N,CC1=CC2=C(OC(=O)C(C(=O)N3CCCCC3)=C2)C2=CC=CC=C12,0.4086073,0.22680216,0.014845226
RMXPANLFBPCCIX-UHFFFAOYSA-N,COC1=CC=CC(C23CCN(C)C(CC(=O)C2)C3)=C1,0.19338983,0.14991555,0.0060746474
HYJVYOWKYPNSTK-UONOGXRCSA-N,O=C(N[C@@H](C1=CC=CC=C1)[C@@H](O)C(=O)O)C1=CC=CC=C1,0.07559735,0.06807585,0.0018065408
BLFKXASHTQLBGP-UHFFFAOYSA-N,N#CC1=CC(N2CCN(C(=N)N)CC2)=CC(C2=CC=C(OC3=CC=C(F)C=C3)C=C2)=N1,0.06739422,0.061827313,0.0010249234
GGTJYGSVSIHWGN-UHFFFAOYSA-N,NC1=NC=CC2=C1C(C1=CC=C(NC(=O)C3=CC=CC=C3)C=C1)=CS2,0.7078673,0.1914046,0.0153865665
ZSQRVWASEJFTEP-UHFFFAOYSA-N,CC1(CCC(=O)N2CCCC(N3CCN(C4=CC=C(F)C=C4)CC3)C2)CC1,0.05867271,0.05398824,0.0012419852
SXRPINFLPQMOJG-LBPRGKRZSA-N,CNCCCOC1=CC(F)=C(C2=C(Cl)N=C(C3=CC=CC=N3)N=C2N[C@@H](C)C(F)(F)F)C(F)=C1,0.8438107,0.11447404,0.017320177
QIUALWFJLIHJCZ-UHFFFAOYSA-N,CCC1=NC2=C(C)C=C(C3=CC=CC=N3)C=C2N1CC1=CC=C2C(=C1)C=CN2C1=CC=CC=C1C(=O)O,0.35606813,0.21106437,0.01821922
WKWZFIXERCCQLF-WQRHYEAKSA-N,CC(=O)NC1=CC=C(C(=O)N2N=C(C)/C(=C/C3=CC=C(O)C=C3)C2=O)C=C1,0.675266,0.20204686,0.017234962
DIWBFIPASCHOPF-IRXDYDNUSA-N,CN1C[C@@H]2C[C@H]1CN2C1=C(F)C(F)=C(C2=CC=NC3=C(C4=C5C(=CC=C4)NN=C5)C(C4=CC=NC=C4)=NN23)C(F)=C1F,0.087850094,0.07752826,0.0026041912
BEPHODDETAPPJF-UHFFFAOYSA-N,O=[N+]([O-])C1=CC(C(F)(F)F)=CC=C1SC1=NN=C(C2=CC(Cl)=CC(Cl)=C2)N1,0.86102355,0.10583658,0.013825443
YUXTWNOTAQMGDN-UHFFFAOYSA-N,FC1=CC=C(CN2C(N3CCN(C4=CC=NC5=CC(Cl)=CC=C45)CC3)=NC3=CC=CC=C23)C=C1,0.6397561,0.21419093,0.016277375
GTXARQJHRIQJRP-UHFFFAOYSA-M,COC1=CC=C2C=C3[N+](=CC2=C1OCCN(CCN1C=NC=C1[N+](=O)[O-])CC1=CC=C(Cl)C(Cl)=C1)CCC1=CC2=C(C=C31)OCO2.[Cl-],0.48975423,0.2154779,0.034417145
DLDJTHHLHVBYOQ-UHFFFAOYSA-N,ClC1=CC=CC=C1CN1CCC(CNCC2=CC=CC=C2)CC1,0.2936119,0.19759718,0.009806781
NONKHARSCKKOKP-UHAXWWKNSA-N,C=CCO/N=C1/C=C2C3=CC[C@H]([C@@]4(C)OC(C)(C)O[C@@H]4CCC(C)(C)O)[C@@]3(C)CC[C@@H]2[C@@]2(C)C[C@@H]3OC(C)(C)O[C@@H]3C[C@@H]12,0.16356125,0.13354267,0.0032663366
RROKRDUARFDCDH-UHFFFAOYSA-N,COC1=CC=C(C2=CC(=O)C3=C(O)C=C(OC)C(C4=CC(C5=CC(=O)C6=C(O)C=C(O)C=C6O5)=CC=C4OC)=C3O2)C=C1,0.11349857,0.09830674,0.0023099007
SDKLULIHLKAKSJ-UHFFFAOYSA-N,O=C1C=C(C2=CC=CC=C2)OC2=CC(OCCOCC3=CN(CCOCCOC4=CC=CC(C5=C(OCC6=CC=CC=C6)C(=O)C6=CC=CC=C6O5)=C4)N=N3)=CC=C12,0.20941968,0.15771662,0.007846458
RWPYPIHGTGMDON-OEXHGEGMSA-N,FC1=CC=C(NC2=CC3=NC4=CC=CC=C4N(C4=CC=C(F)C=C4)C3=C/C2=N/CCCCCCC23CCCCN2CCCC3)C=C1,0.2568907,0.1741335,0.016764384
JLKITJMRRRZCIH-UILWBTOOSA-N,N#CC1=CC=C2C(=C1)CN(CC[C@H]1CC[C@H](NC(=O)C3=CC=NC4=CC=CC=C34)CC1)C2,0.26997724,0.18189043,0.015199067
QQOFQSAXDAKMPY-LHRUSGROSA-N,COC1=CC(/C=N/NC(=O)NC2=CC3=C(NC4=CC=C(F)C(Cl)=C4)N=CN=C3C=C2O[C@H]2CCOC2)=CC(OC)=C1OC,0.22989398,0.17227054,0.004772216
PLTNUHRNSXAFAG-UHFFFAOYSA-N,O=C1C=CC(C2=CC=CC=C2)=C(Cl)O1,0.24771282,0.18243708,0.0039141076
OHSHVNCARFVERY-QFIPXVFZSA-N,CC[C@@]1(O)C(=O)OCC2=C1C=C1N(C2=O)CC2=C1N=C1C=CC=CC1=C2C(C)=O,0.7063646,0.18822041,0.01919329
MSGROYGVIQQFGI-UHFFFAOYSA-N,CC1=NC(O)=C2C(SC3=CC=NC=C3)=C(O)C=CC2=N1,0.71339446,0.18802325,0.016439505
CXNFFFGNHMIMLT-UHFFFAOYSA-N,O=C1C2=C(F)C=C(C3CC3)C=C2C=CN1C1=CC=CC(C2=NC=NC3=C2C=C(C2=CC=C(CN4CCOCC4)C=C2)N3)=C1CO,0.9238223,0.06591605,0.0044586016
GWULXZDUQGZXSI-UHFFFAOYSA-N,O=C(O)CCNC(=O)C1=CC=C(C(OC2=CC=C(N3C=C(C(F)(F)F)C=N3)C=C2)C2CCCC2)C=C1,0.1354483,0.1121593,0.004942764
GPBSAHMUBFEMIK-OEAKJJBVSA-N,C/C(=N\NC(=O)C(C)OC1=CC=C2C=CC=CC2=C1)C1=CC=C(Br)C=C1,0.15134808,0.121853724,0.006588117
XFPJUNXTKPPRQV-UHFFFAOYSA-N,COC(=O)C1=C(S(=O)(=O)N2CCN(C3=CC=C(C(C)=O)C=C3)CC2)C2=CC=CC=C2S1,0.32229325,0.19982523,0.018595092
VEOLTPKYWXFAGA-VDQVFBMKSA-N,COC1=CC(/C=C2\CCC/C(=C\C3=C(F)C=CC=C3F)C2=O)=CC=C1O,0.19234249,0.14966924,0.0056776153
SLEWUPBUEBQZJK-UHFFFAOYSA-N,COC(=O)C1=CC=CC(C2CN(C3CCCCC3)C(=O)N2C2CCN(C(C)CCNC(=O)C3=C(C)N=CN=C3C)CC2)=C1,0.26117742,0.16203284,0.030930918
FFLLIFIHCHVZJY-UHFFFAOYSA-N,CC(C)C(O)CNC(=O)CCCC1=CC=CC=N1,0.9318113,0.061458673,0.002080411
UIQMPVFCYITWMX-UHFFFAOYSA-N,C=CCN1C(C)=CC(C(=O)COC2=CC=C(C)N=C2[N+](=O)[O-])=C1C,0.8021439,0.14438102,0.014328092
QTOAETOUDNETJU-CPNJWEJPSA-N,CCCCC(OC(=O)CN1CCN(CCOC2=CC=C(C3=CC(=S)SS3)C=C2)CC1)C1=CC=CC=C1C(=O)OC1=CC=C(/C=C/C(=O)OCCCCO[N+](=O)[O-])C=C1OC,0.12204959,0.104329534,0.0028239628
WWHYUUPJFNLXRS-SANMLTNESA-N,CSC1=CC=C(OP(=O)(OC2=CC=C(SC)C=C2)[C@@H](CC(C)C)NC(=O)OCC2=CC=CC=C2)C=C1,0.31071243,0.2011043,0.013065938
YFWVAYGDSFKIJW-UHFFFAOYSA-N,CC(=O)N1CCN(C2=NC=C3C=C(C4=CC=CC=C4)C(C4=CC=C(CN5CCC(C6=NN=C(C7=CC=CC=N7)N6)CC5)C=C4)=NC3=N2)CC1,0.24802455,0.17698714,0.009521251
WTKPIKFFNARXBW-UHFFFAOYSA-N,NC1=NC(N2CCC(Br)CC2)=C2C(=N1)NC1=CC=C(O)C=C21,0.19419424,0.14509585,0.011386992
RLAMGSGBMOXEQV-UHFFFAOYSA-N,COC1=CC(N2CC3=CC=C(C4=CC=CC(Cl)=C4)N=C3C2=O)=CC=C1OCCN1CCCC1,0.63814986,0.20404783,0.026866801
QKQITTYGLPXNKK-CHWSQXEVSA-N,CC1=CC=NC=C1N1N=CC2=C1N=C([C@@H]1CC[C@H]1C1=NC=CC=N1)NC2=O,0.17844555,0.13764001,0.008962732
UTHAEXNJCQPSLG-UHFFFAOYSA-N,OC1=CC=C2OC3=NC=C(OCC4=CC=C(Cl)C=C4)C(C4=CC=C(Cl)C=C4)=C3C2=C1,0.24410844,0.17724639,0.007273099
YRAWGFMGIZRYGV-UHFFFAOYSA-N,C1=CC=C2SC(C3=CSC(NC4=CC=NC=C4)=N3)=NC2=C1,0.33912018,0.21349469,0.010622978
XIIIQMWMUNCLMZ-UHFFFAOYSA-N,CC1=NN2C(=C(CC(=O)O)C=C2C2=CC=C(C(F)(F)F)C=C2CC2=C(C3CC3)ON=C2C)C=C1,0.11653962,0.097596444,0.005361696
CAMJXJIQLUUNJS-UHFFFAOYSA-N,CC1=CSC(CN(C)CCOC2=CC=CC=C2)=N1,0.18157847,0.14465757,0.0039501702
YQPMOXSWJBWGTI-UHFFFAOYSA-N,COC1=CC(C2=CC=C3N=CN=C(NC4=CC=C(C)C(O)=C4)C3=C2)=CC=C1O,0.14106797,0.10985681,0.011310976
DPXBWCMINVFLHU-UFPOUHGLSA-N,COC1=CC=C2C(OCC[C@@H]3NC(=O)N(C)CCCC/C=C\[C@@H]4C[C@@]4(C(=O)NS(=O)(=O)C4(C)CC4)NC3=O)=CC(C3=NC(C(C)C)=CS3)=NC2=C1Cl,0.1392023,0.10878671,0.0110383155
YNUOKJQLMFJASA-UHFFFAOYSA-N,COC1=CC(C2=CC=C3N=CN=C(NC4=CC=C(Cl)C=C4F)C3=C2)=CC=C1O,0.103782654,0.0914588,0.0015530271
PLGMZOTUYREITK-CAOOACKPSA-N,O=C(O)C1=CC=C(/C=N/OC2=CC(F)=CC(F)=C2)C=C1,0.42332384,0.21960878,0.024511985
DJVHDNQFYKNAOE-UHFFFAOYSA-N,OCCCCN1C(CN2C3=C(C4=CC=CC=C24)CCNC3)=NC2=CC=CC=C12,0.8822882,0.092307545,0.01154818
MHPVLVBFRYEPNX-UHFFFAOYSA-N,COC1=NC2=CC=C(Br)C=C2C2=C1C(C)(OCC(O)CN1C=CC(C3=CC=C(C)C(C)=C3)=N1)C1=CC=CC=C21,0.5574263,0.21384525,0.032856952
BBLJOUQSLOHUGG-QBFSEMIESA-N,CC/C(=C/C1=[N+](CCCS(=O)(=O)[O-])C2=CC(C)=CC=C2S1)SC,0.15763523,0.12476885,0.008017501
JJQQOJRGUHNREK-PWNYCUMCSA-N,O=C(NO)[C@H](O)[C@H](O)COP(=O)(O)O,0.18734212,0.14365414,0.008590927
WQOUNYVRWYXXHY-GDLZYMKVSA-N,C#CCN(C)[C@H](C)CC1=CC=C(OCCCCCCCCCCNC2=C3C(=NC4=CC=CC=C24)CCCC3)C=C1,0.36092198,0.2184186,0.012238724
FNCPPQSDJAVTHV-UHFFFAOYSA-N,CCNC(=O)C1CCN(C(=O)CSC2=NN=C(N)S2)C1,0.3637425,0.2162301,0.015203824
RXYVZXJSTKOGOM-NTISSMGPSA-N,CC(=O)O.CC(C)CCC(=O)N1CCC[C@H]1C(=O)NCC1=CC=C(C(=N)N)C=C1,0.6340377,0.18454489,0.04748898
MGRJCCWBLNKZOA-UONOGXRCSA-N,CC(C)=C[C@H]1[C@@H](COC(=O)C2=CC=CC=C2Cl)C1(C)C,0.26290095,0.18391939,0.00986466
WSNOTOOAAHPYDR-UHFFFAOYSA-N,CNC1=C([N+](=O)[O-])C(C2=CC=C(N3CCN(C4=CC=NC5=CC(Cl)=CC=C45)CC3)C=C2)C2=C(C=O)C(C)=CC(Cl)=C2O1,0.72082484,0.19049743,0.010738995
BIYYFMFQCADOGW-UHFFFAOYSA-N,CC1=CC=C2C(=O)C(C(=O)NC3CCCCC3)=CN(CC3=CC=C(F)C=C3)C2=N1,0.08474383,0.076232925,0.001329387
RCLMMZLOWGATLM-WPIFCNJOSA-N,C=C(C)C(O)CC/C(C)=C/CC1=C(O)C=CC2=C1O[C@H](C1=CC=C(O)C=C1)CC2=O,0.26390812,0.18682078,0.0074398294
ZRXCMNYOWWCGIL-UHFFFAOYSA-N,O=C(NC1=CC=C2N=C(SCC3=CC=C(Cl)C=C3)SC2=C1)C1=CC=CC=C1C(=O)N1CCCC1,0.024879403,0.023713445,0.0005469711
HFMIHUXQMATZBT-UHFFFAOYSA-N,CN(CCC1CCOCC1)C(=O)C1=CC2=CC(NC3=NC=CC(C4=CC=CC=N4)=N3)=CC=C2N1,0.1676869,0.1298957,0.009672306
CHFBDRLIFKQVCM-UHFFFAOYSA-N,FC(F)(F)C1=CC=C(OC2=CC=C3N=C(C4=CC=C(OCCCN5CCCCC5)C=C4)OC3=C2)C=C1,0.17891008,0.14072616,0.006175099
VMMYOXWMJSIMQE-RZQQEMMASA-N,CC1=CSC2=C(N3N=C(NC4=CC=C(N5CCN([C@@H]6C[C@H]7CC[C@@H]6C7)CC5)C(Cl)=C4)N=C3N)N=C(Cl)N=C12,0.6259989,0.21678562,0.01733861
IYLBPELTTFJGJQ-LJAQVGFWSA-N,OC1=CC=C2C(=C1)O[C@@H](C1=CC=CC(OCCN3CCSCC3)=C1)C1=C2CCOC2=CC(O)=CC=C12,0.6963033,0.19177458,0.019690411
SVVUPQGHOYWEIT-RXFWQSSRSA-N,C[C@H](O)CNC(C)(C)C(=O)N[C@@H]1CCC2=CC=CC=C2N(CC2=CC=C(C3=CC=CC=C3C3=NNN=N3)C=C2)C1=O,0.6893241,0.19018261,0.023973793
RZUKFYARUVPKQC-UHFFFAOYSA-N,C1=CN=C(OC2=CC=C(NC3=NC4=CC=CC=C4S3)C=C2)C(C2=CC=NC3=CC=CC=C23)=C1,0.20806193,0.15704277,0.007729369
GESMKOBFFPRXSF-UHFFFAOYSA-N,CSC1=CC=C(O)C(C(=O)NC2=NNN=N2)=C1,0.6807178,0.20551412,0.011826978
STQGDTJVPDFSBX-UHFFFAOYSA-N,CN1CCN(CC2=CC=CC(C3=CC(NCCCN4C=CN=C4)=C4C=CC=CC4=N3)=C2)CC1,0.06758239,0.06216123,0.00085377943
IFLRTIBATNZOEH-UHFFFAOYSA-N,CC1=CC=C(N2N=C(C3(C)CC3)C=C2NC(=O)NC2=CC=C(OC3=CC=NC4=C3N=CC(=O)N4)C3=CC=CC=C23)C=C1,0.22714068,0.16507931,0.010468499
GGFZPVUMYNJORJ-RMKNXTFCSA-N,C=CCOC1=CC=C(C(=O)/C=C/C2=CC(OC)=C(OC)C(OC)=C2)C(O)=C1,0.15274556,0.121450014,0.007964347
BANDIVBQLBQKTO-OOJXKGFFSA-N,CSC1=NC2=C(SN=C2)N1[C@@H]1O[C@H](CO)[C@@H](O)[C@@H]1O,0.32882404,0.20862459,0.012074219
KNKHANHDPGAJSA-UHFFFAOYSA-N,CC1=NN(C)C2=C1N=C(C)N1C=C(CC3=CC=CC=C3)N=C21,0.32405612,0.20731872,0.011725049
DJZFPJUVKBHFEB-UHFFFAOYSA-N,CC1=CC=C2N=C(NC(=O)CCCCN3CCN(C4=CC=C(Cl)C=C4)CC3)SC2=C1,0.3146407,0.20101403,0.01462794
LWHIOWBZHDFICQ-JVCXMKTPSA-N,O=C1/C(=C\C2=CC=CN2CCCCCCN2C3=CC=CC=C3C(=O)C3=CC=CC=C23)C2=CC=CC=C2N1C1=C(Cl)C=CC=C1Cl,0.105631605,0.09282717,0.0016464037
ZDKMGEAVPHLHAU-UHFFFAOYSA-N,CCCCCCCCCCCCCCCCCCNC(=O)OCC(COC(=O)N(CC1CCC[N+]1(C)CC)C(C)=O)OC.[I-],0.050358854,0.04437186,0.0034509797
FMZRVAWPQMDTNK-UHFFFAOYSA-N,OC1=CC=C(C2=CC=C(F)C=C2F)C=C1C1=NNC(=S)N1C1=CC=CC=C1,0.28145468,0.19505492,0.007183039
MYHADYIDHTWANE-UHFFFAOYSA-N,COC1CCC2(CC1)CC1=CC=C(C3=CC=CC(C#N)=C3)C=C1C21N=C(N)N(C)O1,0.3191246,0.20531733,0.011966774
GMJUGPZVHVVVCG-UHFFFAOYSA-N,CC(=O)N(O)C1=CC=CC=C1,0.20466071,0.15579486,0.006979828
SNQHXUXSDXWQKG-UHFFFAOYSA-N,CCCC(C)NC1=NC=C(C#CC2=CC=C(CC(C)NC(C)=O)C=C2)C=N1,0.059992824,0.055497807,0.0008958828
UCEMIGLIQIYVAH-JEEWRSNPSA-N,COC1=CC=CC2=C1C(=O)C1=C(O)C3=C(C(O)=C1C2=O)C[C@@](O)(C(C)=O)C[C@@H]3OC1CC(NC(C)=O)C(O)C(C)O1,0.22537757,0.16433562,0.010246887
GTNKWTDFCSUTHM-UHFFFAOYSA-N,N=C(N)C1=CC=CC(COC2=CC=CC(C(=N)N)=C2)=C1,0.23430115,0.17143162,0.007972495
NFJNDYWXSUDTHS-ROCBYOHGSA-N,CCN(C1=CC=CC=C1)S(=O)(=O)[C@H]1C[C@H]2O[C@@H]1C(C1=CC=C(OCCN3CCCCC3)C=C1)=C2C1=CC=C(O)C=C1,0.18795365,0.14437127,0.008255805
LOVPMHIHFWTOMF-MFDNGWNGSA-N,CC(=O)N[C@@H](CC1=CC=C2C=CC=CC2=C1)C(=O)N(C)[C@@H](CC1=CC=CC=C1)C(=O)N(C)[C@@H](CC1=CC=CC=C1)C(=O)N(C)[C@@H](CC1=CC=CC=C1)C(N)=O,0.1486449,0.123227544,0.003322044
AQGQIEMZZCPJGG-QZXDNJHYSA-N,CCC(=O)O[C@H]1CC[C@H]2[C@@H]3CCC4=CC(=O)CC[C@]4(C)[C@H]3CC[C@]12C.CCC1(C2=CC=C(N)C=C2)CCC(=O)NC1=O,0.21676077,0.15888277,0.010892802
VVHQMLWERNTLCL-UHFFFAOYSA-N,COC1=CC=C(N2CCCC2)C(NC(=O)COC2=CC=CC=C2Cl)=C1,0.043194097,0.039724894,0.0016034766
WGIVTUOTGVLTQN-JTQLQIEISA-N,COC[C@@H]1CCCN1CC1=C(C(F)(F)F)N=C(NC2=C(Cl)C=C(Cl)C=C2Cl)S1,0.72735745,0.17993288,0.01837575
KMBJZFPFFKGGEU-UHFFFAOYSA-N,OC1=CC=C2N=CC=C(NC3=CC=C(OCC4=CC=CC=C4)C=C3)C2=C1,0.11490607,0.095514946,0.0061877077
ONBNRNAPWUOESH-UHFFFAOYSA-N,OC1=NC2=CC=C(N3C=CN=C3)N=C2N=C1O,0.06485788,0.059054635,0.0015966886
IHEDUOBWVMZMIY-VZKILSJISA-N,C[C@@H]1NC(=O)[C@H](C)NC(=O)[C@@H](C)N(C)C(=O)[C@H](C)NC(=O)[C@H](C)N(C)C(=O)[C@H](C)NC1=O,0.34128395,0.20200275,0.022806449
WSFYPJICJPIWOT-UHFFFAOYSA-N,CCC(NC1=NC=NC2=C1N=CN2)C1=NC2=CC=CC(C)=C2C(=O)N1C1=CC(F)=CC(F)=C1,0.33857048,0.19804107,0.025899475
RYTDHVYYTOBADZ-OAHLLOKOSA-N,COC1=CC=C(C2=CC3=NC=CC=C3C(OC[C@H]3CNC(=O)C3(C)C)=N2)C=C1OC,0.20522262,0.15375201,0.0093542645
MVAYPHGEGDDSJN-UHFFFAOYSA-N,COC1=CC2=C(OC3=CC=C(NC(=O)C4=CN(C5=CC=CC=C5Cl)N=N4)C=C3F)C=CN=C2C=C1OCCCN1CCCCC1,0.19118637,0.14740524,0.007228873
XLCHKSGXVNHTKZ-UHFFFAOYSA-N,O=C1NC(=O)C2=C1C(C1=C(Cl)C=CC=C1Cl)=CC1=C2C2=CC(O)=CC=C2N1CCCC(=O)N1C=CN=C1,0.4474073,0.22258694,0.024647085
MGOFOQNKYHFDSR-UHFFFAOYSA-M,CCN1C(/C=C/C=C2/C3=CC=CC4=CC=CC(=C34)N2C)=[N+](CC)C2=CC3=CC=CC=C3C=C12.[Cl-],0.9521426,0.044277314,0.0012898704
FCUKYLPPXZWKMS-UHFFFAOYSA-N,O=C1NC2=CC=CC=C2C1(C1=CNC2=CC=C(Br)C=C12)C1=CNC2=CC=C(Br)C=C12,0.29453164,0.19218034,0.015602399
QYJVJXAEEROTDH-UHFFFAOYSA-N,C1=CC=C2C(=C1)N=NN2CN1C=[N+](CN2N=NC3=CC=CC=C23)C2=CC=CC=C12,0.07907369,0.06902469,0.0037963463
NXGCDOOPOMZLGO-UHFFFAOYSA-N,CC(C)NC(=O)C(=O)NNC(=O)C12CC3CC(CC(C3)C1)C2,0.21695344,0.1628035,0.0070811287
IOJHRAOPMRKJKK-UHFFFAOYSA-N,CCCCC(=O)NC1=CC=C2C(=C1)N=C(CCN1CCOCC1)N2C,0.5254215,0.22984843,0.019505274
XUQQXOZTTUIURE-OYBAPSEUSA-N,C/C(=N\N=C1\SCC(=O)N1C1=CC=CC=C1)C1=CC=C(Cl)C(Cl)=C1,0.29427812,0.20137239,0.006306141
HZRJARBNGRXUJE-UHFFFAOYSA-N,COC1=CC(CNCCCN2CCN(CC(C3=CC=CC=C3)C3=CC=CC=C3)CC2)=CC(OC)=C1OC,0.007927527,0.007723923,0.00014075791
KFRBDJQRBDMBMK-ZPKFVELUSA-N,C[C@@H]1CC[C@H]2[C@@H](C)[C@H](NC(=O)CCC(=O)OCC3=CC=C4N=CN=C(NC5=CC=C(F)C(Cl)=C5)C4=C3)O[C@@H]3O[C@@]4(C)CC[C@@H]1[C@@]23OO4,0.25047135,0.1790417,0.008693766
MEVILRZVFPPRAZ-UHFFFAOYSA-N,CC1=CC=CC2=C1NC(C1=CC=CC(C3=CC=CC(CNCCN4CCNCC4)=C3)=C1)=N2,0.25634852,0.18036,0.010273925
SRAAXKYMNRBGKA-UHFFFAOYSA-N,O=[N+]([O-])C1=CC=C2NN=C(C3=CC=CC(C(F)(F)F)=C3)C2=C1,0.1489871,0.12150863,0.005281324
OTHIKKZLZJYTPI-UHFFFAOYSA-N,C1=CC=C2OC(C3=CC=C(OCCCN4CCN(C5=NSC6=CC=CC=C56)CC4)C=C3)=NC2=C1,0.5700649,0.22706361,0.0180273
NRMOSMIHDJDDLR-YMBRHYMPSA-N,CN1CCN(C2=CC=C(C3=CC4=C(C(=O)N(C)C=N4)C(NC4CCCC[C@@H]4CO)=N3)C=C2)CC1,0.5736867,0.22651109,0.018059133
NBGMIOBNSRVIGS-UHFFFAOYSA-N,O=C1C2=CC(O)=CC=C2C=C(C2=CC=C(O)C=C2)N1C1=CC=C(OCCN2CCCCC2)C=C1,0.5700437,0.22474359,0.020350283
CSHSNUPIDIUETJ-UHFFFAOYSA-N,O=C(C1=CC=CC(C(F)(F)F)=C1)C1CCCN(C(=O)CN2C=NC=N2)C1,0.07279483,0.0638084,0.0036873468
YUOAZNVYAFPIDP-UHFFFAOYSA-N,CCOC1=C(N2CCN(CCCCNC(=O)C3=CC=C(NC(=O)C4=CC=C(Cl)C=C4)C=C3)CC2)C=CC2=CC=CC=C12.Cl,0.08315771,0.07415091,0.0020916155
UVJYAKBJSGRTHA-CUZKYEQNSA-N,C=C1C(=O)O[C@H]2[C@H]1CC[C@]1(C)O[C@@]13CC=C(C)[C@H]23,0.19218683,0.1236938,0.03155725
UVEQLXUXABFFME-UHFFFAOYSA-N,CN(C)CC1=CC=CC=C1N/C(=N\C#N)N1CCN(C(=O)NC2=CC=C(Cl)C=C2)C(C2=CC=CC=C2)C1,0.05607752,0.051900975,0.0010318573
AFIUKPIKKLBRLF-UHFFFAOYSA-N,O=C(NC1=NN=C(SCC(=O)N2CCCC3=CC=CC=C23)S1)C1=CC=CC=C1,0.03496766,0.032985646,0.00075927714
FTLDCSOQTAHNBM-UHFFFAOYSA-N,CC1=NOC(CN2C(=O)C3=CC=CC=C3N(CC(=O)NC3=CC=C(C(C)C)C=C3)C2=O)=N1,0.28013736,0.19510384,0.0065565715
MZZZNHQEMKZNJS-IKYDMHQPSA-N,COC1=CC=CC=C1NC1=NC=NC2=C1N=CN2C1O[C@H](CO)[C@@H](O)[C@H]1O,0.7712624,0.16762353,0.008793189
NCWXRZLEODZYTE-YKILCQELSA-N,CCCC[C@@H](C[C@@H](CCC1=CC=C(C2=CC=C(C3=CC=CC=C3)C=C2)C=C1)C(=O)N[C@H](C(=O)NC)C(C)(C)C)C(=O)O,0.77336377,0.16466959,0.010602742
AKCJHCAIFNIUKD-UHFFFAOYSA-N,CCC1=NN=C(NC(=O)CSC2=NC3=C(C)C=CC=C3N2)S1,0.7801971,0.16217253,0.009317107
WRCHTDQYXSMUBK-UHFFFAOYSA-N,COC1=CC(OC)=NC(NC(=S)NC(=O)C2=CC=CC=C2)=N1,0.3121504,0.18674943,0.027963115
UWMYWRABQSOMCF-UHFFFAOYSA-N,CC1=CC2=CC(NC(=O)C3=CC=CC(S(=O)(=O)O)=C3)=CC=C2N1,0.64161247,0.200889,0.029056907
BJOSXRHCJGGFNY-DHNIJCFSSA-N,O=C1N=C(N2CCC[C@H]2C(=O)NC2=CC=C3N=CN=C(NC4=CC=CC(Cl)=C4)C3=C2)S/C1=C/C1=CC=CS1,0.034950636,0.033375148,0.00035394166
AONJQUAWYALAIL-UHFFFAOYSA-N,CC(C)(C)C1=CC=CC=C1NC1=C2C(=NC3=CC=CC=C13)C=CC=C2,0.38411203,0.20337428,0.033195738
GPGUNVYMPJAUNT-NSHDSACASA-N,CCN1C(=O)C2=CC=CC3=C(S(=O)(=O)N4CC[C@H](N)C4)C=CC1=C23,0.2771873,0.18294404,0.017410448
CYXPHNZJEDAZDD-UHFFFAOYSA-N,C1=CC=C(CCNC2=NC=NC3=C2C(C2=CC=CC=C2)=C(C2=CC=C(OCCN4CCCC4)C=C2)O3)C=C1,0.27984223,0.19195947,0.009571051
OMAWGNJHHJSGDZ-LXYHUSIVSA-N,C[C@H]1OC(=O)/C=C/C(=O)[C@@H](OC(=O)CCC(=O)O)CCCCCCCC[C@@H]1O,0.22277074,0.16705316,0.0060907775
ODUBEYQKYAQFNS-UHFFFAOYSA-N,CC(O)CNC(=O)C1=CC=CC=C1SSC1=CC=CC=C1C(=O)NCC(C)O,0.22819647,0.17005046,0.006072385
MSSVRMZTTHGMIT-NRFANRHFSA-N,COC1=CC=C(C2=NC(C(=O)N[C@@H](CC(C)C)C(=O)O)=CN2C2=CC=NC3=CC(Cl)=CC=C23)C(OC)=C1,0.09676039,0.08527479,0.0021230304
OGYJLIKSIYHXOE-UHFFFAOYSA-N,COC1=CC2=C(OC3=CC=C(NC(=O)C4=CC5=CC=CN=C5N(C5=CC=C(C(F)(F)F)C=C5Cl)C4=O)C=C3F)C=CN=C2C=C1OCCCN1CCCCC1,0.66154087,0.20636463,0.017539907
WZZWPEJHQNCXFH-RDCVRMOHSA-N,C[C@@H]1CC[C@H]2[C@@H](C)[C@@H](OCCOC3=CC=CC(C(=O)/C=C/C4=CC=C(O)C=C4)=C3)O[C@@H]3O[C@@]4(C)CC[C@@H]1[C@@]23OO4,0.2205843,0.15933879,0.012588066
HPYIZQVYHGPMDT-UHFFFAOYSA-N,CN1CCN(CC2=CC=C(C3=CC4=C(C5=CC=CC(N6N=CC7=CC(C8CC8)=CC=C7C6=O)=C5CO)N=CN=C4N3)C=C2)CC1,0.16790348,0.13332596,0.0063859415
