key,input,solubility
VFTICADFEWRDBW-UHFFFAOYSA-N,CC(=O)SCC(=O)CC1=CNC2=CC=CC=C12,-3.316
GRVRTJPLKMLTIY-UHFFFAOYSA-N,COC1=CC=C(CSC2=NN=C(N)S2)C=C1F,-4.351
ZYPSGDDIVJUEGK-UHFFFAOYSA-N,COC1=CC=C(CC2=C(C3=CC=CC(Br)=C3)N=C3C=CC(Br)=CN23)C(C)=C1,-8.343
JJGIOWNLYSRISR-UHFFFAOYSA-N,N=C(N)C1=CC=C(N2CCCCC2)N=C1,-1.544
SLJYPZJZQIHNGU-UHFFFAOYSA-N,O=C1CCC(C2=CC=C(O)C=C2)CC1,-2.49
WCEUEJABIAOXII-UHFFFAOYSA-N,CCC1=CC=C(CNC2=CC=C(CO)C=N2)C=C1,-2.588
VBSIRPKETMNYPS-UHFFFAOYSA-N,ClC1=CC=C2C(=C1)N(CCCCN1CCC(N3CCCC3)CC1)C1=CC=CC=C1S2,-4.873
LYHRRHUWVCLRBW-UHFFFAOYSA-N,O=C(C[N+]1=CN(C2=CC=C(C3=CC4=CC=CC=C4O3)C=C2)C=C1)C1=CC=C(F)C=C1,-4.921
DMLKIPNNHZMBNE-QGFMHUBQSA-N,N[C@H]1C[C@@H](N)CN(C2=NC(NC3=CC=C(NC(=O)C4=CN=C5C=CC=CC5=C4O)C=C3)=NC(N3C[C@@H](N)C[C@@H](N)C3)=N2)C1,-3.821
OPWTXLYFHOGKJO-UHFFFAOYSA-N,COC1=CC=C(C2=CC=C(C(N)=O)C=N2)C=C1OC1CCCC1,-4.308
UEWRHTSERXIBRC-UHFFFAOYSA-N,COC1=CC2=NC=NC(NC3=CC=C(F)C(Cl)=C3)=C2C=C1OCCN1CCN(C)CC1,-3.714
GRCJQHVRTCZRLP-DKYXIQLCSA-N,CSCC[C@H](NC=O)C(=O)N1CCC[C@@H]1C(=O)OCC1OC(N2C=C(F)C(=O)NC2=O)CC1O,-2.633
MPOQKRRSVBEDRX-UHFFFAOYSA-N,COC1=CC=C(C[S+]([O-])C2=CC=C(N)C3=NON=C23)C=C1,-2.324
JOIYVAOMEJSCBK-UHFFFAOYSA-N,CCC1=NNC2=C(Cl)C=CC(NC3=C(C4=NC=CC=N4)OC4=CN=CC=C34)=C12,-6.076
HALVHRXAXSOEJW-UHFFFAOYSA-M,COC1=CC=C2C=C3[N+](=CC2=C1OCCN(CCN1C=NC([N+](=O)[O-])=C1)CC1=CC=C(Cl)C=C1)CCC1=CC2=C(C=C31)OCO2.[Cl-],-5.455
OYDOPLZDDBTLCK-LJQANCHMSA-N,N=C(N)C1=CC=C(CNC(=O)C2(NC(=O)[C@@H](CC3CCCCC3)NCC(=O)O)CCCC2)C=N1,-3.032
QNCAXVKLUSQJPM-UHFFFAOYSA-N,CC1(C)N=C(N)N=C(N)N1OCCCOC1=CC(F)=C(F)C=C1F,-4.255
YVHXBAKYSIZEMK-UHFFFAOYSA-N,O=C(NNC1=C(Cl)C=CC=C1Cl)C1=C(F)C=CC=C1Cl,-6.649
XSABXKPOGIXTLP-UHFFFAOYSA-N,CC(=O)NCC1(C)CC(=O)N(CC2=CC=CC=C2)C1=O,-2.517
SZRWYWZYJHGAFX-UHFFFAOYSA-N,CC1=CC(O)=C(SC2=CC=CC=C2)C(=O)O1,-3.519
DAYGTXIWUJVABE-UHFFFAOYSA-N,NC1=C(NC2=CC=C(F)C(Cl)=C2)C2=CC=NC(C3=CC(F)=NC(F)=C3)=C2O1,-6.966
XPGCATDCNBPISB-UHFFFAOYSA-N,CC(C)(C#N)C1=CC=C(OC2=CC(F)=C(S(=O)(=O)NC3=NN=CS3)C=C2Cl)C(C2=CC=NN=C2)=C1,-7.499
KGKDQOLJMJPKKP-VGTSSDOASA-N,CN(C)C1=CC=C(/C=C/C(=N\NC(=O)NC2=CC=C(F)C=C2)C2=CC=C(O)C=C2O)C=C1,-6.217
SNRFPPXPEBWCDV-UHFFFAOYSA-N,O=C1CCC2=CC=C(OCCCCN3CCN(C4=CC=C(F)C5=CC=CC=C45)CC3)N=C2N1,-5.239
DQSJVQNVTYFNFN-UHFFFAOYSA-N,CC1=CC=CC(N2C=NC3=CC=C(C4=CC=NC5=C4C=CN5)C=C23)=C1,-6.247
XKDFZZUFCHOVRN-GOTSBHOMSA-N,CC1=NOC([C@H]2C[C@@H]2C(=O)NCC2=CC=C(C3=CC=CC(OC(F)(F)F)=C3)C3=C2CN(C(=O)NC(C)(C)C)CC3)=N1,-6.613
AUFZJTVUOYEOQJ-UHFFFAOYSA-N,CCC(CC)C(=O)N(C)C1=C(C)N=C2C(OCC3=CC=CC=C3C(=O)OC)=CC=CN12,-5.929
JNFLWFSFUTUMCR-QRDYFNKKSA-N,C[C@@H]1NC(=O)[C@H](CC(N)=O)NC(=O)C2=CC([N+](=O)[O-])=CC(I)=C2OCC[C@@H](C(=O)NC(CC(=O)O)C(N)=O)NC1=O,-3.376
WROQCXULSBZMCN-UHFFFAOYSA-N,NC1CC(CF)CN(C2=CC=NC=C2NC(=O)C2=CSC(C3=C(F)C=CC=C3F)=N2)C1,-5.396
ZLGSQILIYXYAOK-MHECFPHRSA-N,CC1=CN([C@H]2C=C[C@@H](COC(=O)CN3CCN(C4=CC5=C(C=C4F)C(=O)C(C(=O)O)=CN5C4CC4)CC3)O2)C(=O)NC1=O,-4.273
PWFIVVWXVGTAHD-UHFFFAOYSA-N,CN1C(C2=CC=C(Cl)C=C2)=NN=C1C1(C2=CC=C(Cl)C=C2)CCC1,-6.598
VVSAXPQZSYGEFL-UHFFFAOYSA-N,N#CC1=C(N)OC2=C(C(=O)OC3=CC=CC=C23)C1C1=CC=C(Br)C=C1,-6.613
LSGZPGIITGBWCI-UHFFFAOYSA-N,CCCCCCCCCCCCOC(=O)CCCC(=O)OCCN1CCN(C2=CC(NC3=NC=C(C(=O)NC4=C(C)C=CC=C4Cl)S3)=NC(C)=N2)CC1,-7.684
WSCYUHHQTXEAFR-UHFFFAOYSA-N,CN1CCN(C2=CC=NC(NC3=CC=C4C(NC5=CN=CC=N5)=CC=NC4=C3)=N2)CC1,-3.568
KBEZZFIQPRMPRG-UHFFFAOYSA-N,CCN(CC1=CC=CS1)C1=NC=NC2=CC=C(C3=CC=C4C(=C3)OCO4)C=C12,-6.56
LUPZBZULIIFING-HNNXBMFYSA-N,COC1=CC=C2OC(C(=O)N3CCC4=C(C(=O)N(OC)C(N[C@@H](C)C5=CC=C(C(F)(F)F)C=C5)=N4)C3)=CC2=C1,-7.396
WASQJNJVOQBCCU-BTFPBAQTSA-N,O=C(OC[C@H]1O[C@@H](N2C=C(F)C(=O)NC2=O)C[C@@H]1OC(=O)[C@@H]1CCCN1)[C@@H]1CCCN1,-2.431
WAPJTWGSGSODNI-UHFFFAOYSA-N,CN1C(=O)C2=C(C3=CC=CC=C3)N3C(=C2N(C)C1=O)C(C1=NC=CS1)NCC3,-3.912
LRKXGDGPEYXVHS-UHFFFAOYSA-N,CC1=CC(=O)OC2=CC=C3OC4=CC=CC=C4C3=C12,-5.27
OYWPKJMMVVHGCE-UHFFFAOYSA-N,CC(C)(C(=O)O)C1=CC=CC(C2=CC=C(C(CC3=CC=[N+]([O-])C=C3)C3=CC=C(OC(F)F)C(OC(F)F)=C3)C=C2)=C1,-5.829
VRCMAKRPCCOWOA-IVPXSCQRSA-N,CCC(=O)N[C@@H]1CC[C@@H]2[C@@H](C1)C[C@H]1C(=O)O[C@H](C)[C@H]1[C@H]2/C=C/C1=CC=C(C2=CC=CC(F)=C2)C=N1,-7.029
JQRYJGJKLKQPGV-FAKWAEIUSA-N,CN(C)CCNC1=C(/C=C/C2=[N+](C)C3=CC=CC=C3C2(C)C)CCC/C1=C\C=C1\N(C)C2=CC=CC=C2C1(C)C.[I-],-2.013
WLXGLRSPESJCTI-OVCLIPMQSA-N,CC1=CC=CC(/C=N/NC(=O)CN2N=C(C)C=C2C)=N1,-3.227
SXSYRNDDERNWBB-UHFFFAOYSA-N,COC1=CC=C(C(C)C)C=C1C1=C(CN(CC2=CC(C(F)(F)F)=CC(C(F)(F)F)=C2)C2=NC=C(N3CCC(N)CC3)C=N2)CC(C)(C)CC1,-7.625
JBVYKHPDEPWWRE-UHFFFAOYSA-N,CN1CCN(C2=CC=C(NC3=NC=C4C(=N3)C3=C(C(C(N)=O)=CN3C)C(C)(C)C4)C=C2)CC1,-4.029
ULBIVVURQUFTNP-UHFFFAOYSA-N,NC1=NC=NC2=NC(C3=CC=CC(O)=C3)=C(C3=CC=CC(O)=C3)N=C12,-4.813
LCSDNUGIEBQYTM-UHFFFAOYSA-N,COCCN1C(SCC(=O)NC2CCCC2)=NN=C1C(C)C,-3.18
SSHUJNUARSWDGM-UHFFFAOYSA-N,COC1=CC(C(F)(F)F)=CC=C1C1=NC=NC2=C1CCN(S(=O)(=O)NC1=NC=CS1)C2,-5.908
YYDNWQYQAUCOSM-CMDGGOBGSA-N,COC(=O)/C=C/C1=CC=C(CNC2=CC(=O)C3=CC=CN=C3C2=O)C=C1,-4.793
SGFXIGDZMUKKKK-UHFFFAOYSA-N,C1=CC=C(C2=CC=C3N=CC=C(NC4=CC=C(N5CCOCC5)C=C4)C3=C2)C=C1,-5.583
JBYWTQVZDGPHNS-DQSJHHFOSA-N,CC/C(=C(\C1=CC=C(I)C=C1)C1=CC=C(OCCN(CC)CC)C=C1)C1=CC=CC=C1,-6.623
RXVZMARDNUYHJH-UHFFFAOYSA-N,COC1=CC=CC(C(=O)OCC2=CC=CC(C)=C2)=C1,-4.304
HYXPKYAXIADQIJ-UHFFFAOYSA-M,CCN(CC)CCCNC1=C2C=CC=CC2=[N+](C)C2=C1OC1=CC=C(OCC3CC[N+](C)(C)CC3)C=C21.[I-].[I-],-1.127
APRZSOBLBFMURG-GRGXKFILSA-N,CCOC1=CC(CN2CC3(CC([C@H]4CC[C@@H](C(=O)O)CC4)=NO3)C2)=CC(OCC)=C1C1=CC=C(F)C=C1,-5.878
PULAKLDBZCKWIW-UHFFFAOYSA-N,COC1=CC=C(OC)C(NC(=O)CCNS(=O)(=O)C2=CC=C3C(=C2)CC(C)N3C(C)=O)=C1,-4.679
RBKKKJWFRWVLQY-SRZZPIQSSA-N,CC1=CC=C(/C=N/NC2=CC=NC3=CC(Cl)=CC=C23)C(C)=C1,-5.989
QSEJOZAGULTILJ-UHFFFAOYSA-N,CC(NC(=O)NC1=NC=CC=N1)(C(F)(F)F)C(F)(F)F,-3.154
FRJNADGQNLMKMU-UHFFFAOYSA-N,CC1=CC=CC=C1C(=O)NC(NCC1CCCO1)C(Cl)(Cl)Cl,-2.968
SFRCPMXTOWXILH-UHFFFAOYSA-N,COC1=CC=C(OCCN2C=C(C=O)C3=CC=CC=C23)C=C1,-4.132
HIVFAGONXYMEDS-UHFFFAOYSA-N,CCN(CC)CCCNC1=NC2=CC=C(Cl)C=C2C(C)(C)C1,-3.384
GCPPVCWHGSQHNK-UHFFFAOYSA-N,COC1=CC=CC(CNC2=NC3=CC=C(OC4=CC=NC5=CC(OC)=C(OC)C=C45)C=C3S2)=C1,-8.268
WLEPXFAEZWYFFN-UHFFFAOYSA-N,N#CC1=CC=CC(C2=CC=C3C(=C2)CCN(CC2=NC4=CC(Cl)=C(Cl)C=C4N2)C3C2CCN(CC3CC3)CC2)=C1,-7.027
QWXMOZLDROFVJG-LVZFUZTISA-N,CCOC(=O)C1=C(N)N(C2=CC=CC=C2)/C(=C2\SC(=S)N(C3=CC=C(C)C=C3)C2=O)S1,-7.351
QJQCNLRJDPNCKB-UHFFFAOYSA-N,CC1=CC(Cl)=CC2=C1NC(C1=CNN=C1C1=CC=C(Br)C=C1)NC2=O,-6.138
PACRWHUPEPCFHX-UHFFFAOYSA-N,CC(=O)C1=C(C)C2=CN=C(NC3=CC=C(N4CCN(CC5=CN(CCOCCNC6=CC=CC7=C6C(=O)N(C6CCC(=O)NC6=O)C7=O)N=N5)CC4)C=N3)N=C2N(C2CCCC2)C1=O,-6.707
XOCZGIFMFBFPGQ-UHFFFAOYSA-N,CC1=CC=CC=C1C(=O)NC(C1=CC=NC=C1)C(NC(=O)C1=CC=CC=C1C)C1=CC=NC=C1,-5.508
JAAMOZDLMVJTNT-MKMNVTDBSA-N,O=C1C2=CC=CC=C2C(=O)C2=C1C=C(/C=N/O)O2,-3.709
QYFPOUWRZVTOCE-YVMONPNESA-N,FC1=CC=C(/C=C\C2=CC3=CC=CC=C3N=C2Cl)C=C1,-6.301
LGIFDRMRYOXUCN-OMXGPXTPSA-N,O=C(CN1CC[C@@H](NS(=O)(=O)C2=CC=CC=C2)C1)NC1CCC2=CC(F)=CC=C2C1CC1=CC=CN=C1,-5.519
ZDJKIXJFTBHEJK-UHFFFAOYSA-N,O=C1C(O)=C(NC2=CC(Cl)=C(OC3=CC=C(O)C(OC4=CC=CC=C4)=C3)C(Cl)=C2)C1=O,-8.391
PKLNFRYDFDUUJP-UHFFFAOYSA-N,CO/N=C(\N)C1=CC=C(COC2=CC=C(/C(N)=N/OC)C=C2I)C=C1.Cl.Cl,-3.345
VXRCHIBVBRJPHN-UHFFFAOYSA-N,CC1=CC=C(C2=CC(CN3CCN(C)CC3)=C(C)N2C2=CC=C(F)C=C2)C=C1,-4.227
REXKYKQKJNSOLG-UHFFFAOYSA-N,C=C1NC(CO)CC2=CNC3=C(C(C4=CNC5=CC=CC=C45)C(O)CO)C=CC(=C23)N(C)C1C(C)C,-3.079
OEWNORSXNDWQFL-ZDUSSCGKSA-N,C[C@H]1CCN(S(=O)(=O)C2=CC(NC(=O)CN3N=NC4=C3CN(C)CC4)=CC=C2Br)C1,-4.391
BZDPFDTWYHBSHP-HNNXBMFYSA-N,C[C@H](NC1=NC=NC(N)=C1C#CC1=CC=CC=N1)C1=NC2=CC=CC(Cl)=C2C(=O)N1C1=CC(F)=CC(F)=C1,-8.181
ZPGAQFQDUHUCHB-UHFFFAOYSA-N,COC1=CC(C(N)=O)=CC(C2=CC=C3N=CN=C(NC4=CC=CC(C(=O)N5CCOCC5)=C4)C3=C2)=C1,-5.567
DMKJLNPJLIDEIY-UHFFFAOYSA-N,FC1=CC=CN=C1N1CCC(NCC2=CC=CC3=C2NN=C3)C1,-3.039
PIWKUUTZFWFIOL-RFHZMROGSA-N,CC(C)CC(C)(C)C[C@H]1N(C)[C@@H](C(=O)NCC[C@H](O)CO)[C@H](C2=CC=CC(Cl)=C2)[C@@]12C(=O)NC1=CC(Cl)=C(F)C=C21,-4.892
DCRKSTFXDNYHDN-UHFFFAOYSA-N,O=C(C1CN(S(=O)(=O)C2=CC=CC(Cl)=C2Cl)C1)N1CCN(C2=CC=NC=C2)CC1,-4.85
CUEWOYAEVHHUTJ-XVNBXDOJSA-N,O=C(/C=C/C1=CC=C([N+](=O)[O-])C=C1)C1=CC=C(O)C(O)=C1,-4.141
CJRHINFICMSRKT-UHFFFAOYSA-N,CC1(C(=O)NC2=NN=C(C(F)(F)C(F)(F)C(F)(F)C(F)(F)F)S2)CC1(Cl)Cl,-7.09
IBBLFRRBQLNPHM-UHFFFAOYSA-N,O=C(C1=CC=C(F)C=C1)C1=CN=C(C2=CC=C(OCC3=CC=CC=C3)C=C2)N1S(=O)(=O)C1=CC=CC=C1,-7.767
SNSAQXZPGJSWDS-UHFFFAOYSA-N,FC(F)(F)C1=CC=C(CNCC2CCN(CC3=CC=C4C(=C3)OCO4)CC2)C=C1,-3.679
UUFVAAYJGARGFX-UHFFFAOYSA-N,COC1=CC2=C(C(=O)OC(C3=CSC=C3)=C2C2=CC=C3C=CNC3=C2)C=C1OC,-8.247
AAGWGNWTWBWIPB-SGAXSIHGSA-N,C/C=C\C(O)(C(=O)OC1CN2CCC1CC2)C1CCCCC1,-2.892
NXEADJBLBYYPHZ-CDRSNLLMSA-N,O=C1NC(=O)N(C2O[C@H](CO[N+](=O)[O-])[C@@H](O)[C@H]2O)C=C1F,-2.007
KOGYOPLNKQJQFM-PHDIDXHHSA-N,O=C1NC(=O)N([C@H]2CS[C@H](CO)O2)C=C1F,-1.669
WFJNHVWTKZUUTR-UHFFFAOYSA-N,CCC1CN2CCC1CC2C(O)C1=CC=NC2=CC=CC=C12,-2.799
SPTDUYMUHLKWKH-UHFFFAOYSA-N,N#CC1=CC(C2=COC=C2)=C2C=CC(OCC3=CN=CC(C4(O)CCOCC4)=C3)=CC2=C1,-5.821
ZGORXGRBHSPHOG-UHFFFAOYSA-N,O=C(C1=CC=C(OCCN2CCCCCC2)C=C1)C1=C(C2=CC=C(OCCN3CCCC3)C=C2)SC2=CC=CC=C12,-6.643
IASUXOASOPXRFL-PAMZHZACSA-N,CCCCCNC(=O)C(CC1=CC=C(OC(C(=O)O)C(=O)O)C=C1)NC(=O)[C@H]1CCCC[C@H]1C(=O)O,-3.483
REUVFOBMQUHYFX-UHFFFAOYSA-N,CC1=C(C2=NC(C3=CC=C(C#N)C=C3)=CS2)C(C2=CC=NC3=CC=CC=C23)NC(=O)N1,-7.672
FCFIMGYJKSFKSJ-OKCVXOCRSA-N,CC1=CC=C(CN2C=C(/C=N/NC(=O)CC3=NN=C(NC(=O)C4=CC=C(C)C=C4)S3)C3=CC=CC=C23)C=C1,-8.091
VDGWDOHSWJJKQV-UHFFFAOYSA-N,CC1=CC=C(CN(CC2=CC=CO2)C(S)=NCC(=O)NCC2=CC=CN=C2)C=C1,-4.912
VTYYIGSBMPYSTJ-WUXMJOGZSA-N,CC1S/C(=N/N=C/C2=CC=CN=C2)NC1=O,-2.461
JSBVZBNPPFFYSU-UHFFFAOYSA-N,CC1=CC(C)=CC(C(=O)OCCN2C([N+](=O)[O-])=CN=C2C)=C1,-4.423
BLVTUXCPBJQIGY-UHFFFAOYSA-N,COC1=CC2=NC=NC(NC3=CC(NC(=O)C4=CC=CC(N5CCOCC5)=C4)=CC=C3C)=C2C=C1OC,-6.176
HLAAZUZARIFGMJ-UHFFFAOYSA-N,CC1=CC=C2NN=CC2=C1N(CC1CCCCC1)C1=CC=NC(NC2=CC=C(OCC(O)CN3CC=CCC3)C=C2)=N1,-5.78
DVDIKQQQXLCKGK-SFTDATJTSA-N,CCN1C[C@@H]2C[C@H]1CN2C1=CC(F)=C(C2=CC=NC3=C(C4=C5C(=CC=C4)NN=C5)C(C4=CC=NC=C4)=NN23)C(F)=C1,-6.713
WAAGETXJKVFISA-UHFFFAOYSA-N,CCCC(=O)NCC1=CC=C(F)C(OC)=C1,-2.887
FUJMLRVGPZPFCD-QHCPKHFHSA-N,CN(C)CC[C@@H]1NC(=O)C2=COC(=N2)C2=COC(=N2)C2=CC(=CC=C2)C2=CC(=CC=C2)C2=NC(=CO2)C2=NC(=CO2)CNC1=O,-6.106
AQMNBSBCJPFTAD-ZAZKALAHSA-N,O=NN(CCCl)C(=O)N[C@@H]1CC(N2C=C(F)C(=O)NC2=O)O[C@@H]1CO,-2.502
YUFCNMYEHQBUMA-UHFFFAOYSA-N,CN(C)CC1=CC(NC2=CC=NC3=CC(Cl)=CC=C23)=CC(C2=CC=C(Cl)C=C2)=C1O,-6.05
BXCVYLDOQZSVNT-UHFFFAOYSA-N,O=C(NC1=CC=C(Cl)C=C1)NC1=CC=CC(CNC2=NC3=CC=C(OCCN4CCOCC4)C=C3S2)=C1,-6.941
OQBCLYYEIOWMNX-UHFFFAOYSA-N,O=C1NC(=O)C(=CNC2=CC=CC=C2S)C(=O)N1,-3.317
SJJWYVDGVRXTKZ-NDENLUEZSA-N,CCCC1=C(COC2=CC=C(/C=C3\SC(=S)NC3=O)C=C2)C=CC(C(C)=O)=C1OC,-8.007
PXURFKCXRZBPBS-OVVQPSECSA-N,CC1=CC=C(NC(=O)CC/C(CC(=O)C2=CC=C(F)C=C2)=N\NC(=O)C(=O)NN)C=C1C,-5.034
KDHWXYCRFWFNAS-UHFFFAOYSA-N,CC1=CC=CC=C1CN1CCC(CNC2=NC(C3=CC=C(Cl)C=C3)=C(C3=CC=C(Cl)C=C3)S2)CC1,-7.772
JQZORGJKJKJHPO-UHFFFAOYSA-N,COC1=CC=C2C=C3[N+](=CC2=C1OCCN(CCN1C=NC([N+](=O)[O-])=C1)CC1=CC=CC(Cl)=C1)CCC1=CC2=C(C=C31)OCO2,-5.927
PQWIFCLBKGKDKN-UHFFFAOYSA-N,CC1CC2=NN(C)C(CC3=CC=CC=C3Cl)=C2C2=NC(NC3=CN(C4CCNCC4)N=C3)=NC=C12,-5.71
JPSWRULQKIRWQG-XZSOOZFNSA-N,CCN1C(=O)/C(=C2\SC3=CC(OC)=CC=C3N2C)S/C1=C\C1=CC=CC=[N+]1CCCCCCNC(=O)CCCC[C@@H]1SC[C@@H]2NC(=O)N[C@H]12.[Cl-],-2.06
UHTCYYZDKLDSFJ-DEOSSOPVSA-N,CCN(CC1=CC=CC=C1)C1=NC=CC(C2=C(C)N=C(NC(=O)N3CCC[C@@]3(C)C(N)=O)S2)=N1,-5.413
MLQFZVYOUUFHRI-RTWAWAEBSA-N,CN1C(=O)C2=C(N3CCCC3)N(CC3=CC=C(C4=CC=CC(F)=N4)C=C3)N=C2N2C1=N[C@@H]1CCC[C@H]21,-6.302
BRVYETPRGCQZJA-JMGYQRAPSA-N,C[S@+]([O-])C1=CC=CC2=C1N(CC1=CC=C(Cl)C=C1)C1=C2CCC[C@@H]1CC(=O)O,-5.314
ZATZPKWMHAVILZ-UHFFFAOYSA-N,O=C(C1CC2=CC=CC=C2CN1S(=O)(=O)C1=CC=C(F)C=C1)N1CCOCC1,-4.326
JCBZBASAERQUKE-UHFFFAOYSA-N,CN(C)C1CCN(C2=NC=NC3=C2OC2=CC=C(Cl)C=C32)C1,-3.222
PAGNERNSMOUOJL-MRVPVSSYSA-N,COC1=C(N2CC[C@@H](N)C2)C(F)=CC2=C1N(C1CC1)C1=C(C2=O)C(=O)NS1,-4.318
GMMGPQYTVQPYNY-UHFFFAOYSA-N,CSC1=NC=C(Cl)C(C(=O)NC2=C(C(=O)NC3=CC=CC(Cl)=C3)OC3=CC=CC=C23)=N1,-8.252
NSNBMHHTVLYYNO-ZHIQAQTNSA-N,O=C1N=C(N2CCC[C@H]2C(=O)NC2=CC=C3N=CN=C(NC4=CC=CC(Cl)=C4)C3=C2)S/C1=C/C1=CC=CC(Br)=C1,-8.28
IHPIALVXPHPONZ-UKKRHICBSA-N,O=C(O[C@H]1C[C@H](N2C=C(F)C(=O)NC2=O)O[C@@H]1CO)[C@@H]1CCCN1,-1.875
ACLAJGXZPMTKKQ-UHFFFAOYSA-N,CN1C=NC=C1C(OCC1=CN(CC2=CC=CC(F)=C2)C(=O)C=C1C1=CC=CC(Cl)=C1)C1=CC=C(C#N)C=C1,-7.943
ZLOZRAAVRLVUTH-UHFFFAOYSA-N,CC1=CC(C)=CC(NC(=S)N2CCC(C(=O)C3=CC=C(F)C=C3)CC2)=C1,-6.523
RSQSXYQWUKFWHP-UHFFFAOYSA-N,CCCCCC1=CC=C(S(=O)(=O)NCCC2=C(C3=CC=CC=C3)NC3=CC=CC=C23)C=C1,-6.548
PSOZCEKRBXNIJR-WMMXXEOUSA-N,COC1=CC=CC2=C(C3=CC=C4C(=C3O)[C@@H](C)N[C@H](C)C4)C=C(C3=C(C)C(C4=CC=C5C(=C4O)[C@@H](C)N[C@H](C)C5)=C4C=CC=C(OC)C4=C3O)C(O)=C12,-7.2
CNEUJSQUCXSRDD-UHFFFAOYSA-N,CC1=NC2=CC=C(C3=CC=NC4=CC=CC=C34)C(C)=C2C(=O)N1,-6.108
NLLBBSDKZXVPRO-UHFFFAOYSA-N,COC1=CC=C2N=C3C=C(Cl)C=CC3=C(NCCCNCCCNC3=C4C(=NC5=CC(Cl)=CC=C35)C=CC(OC)=C4)C2=C1.Cl,-5.467
CIXIDMRVXDGRJV-UHFFFAOYSA-N,COC1=CC=C(CN(CC2=CC=CC=C2)CC2=C(O)C=CC3=C2OC(C)=CC3=O)C=C1,-5.463
FTZJPVACCUYPRH-UHFFFAOYSA-N,O=C1N=C2N(C3=CC=CC=C3F)C3=CC=CC(Cl)=C3C=C2C(=O)N1,-7.043
PEXVJRSYTQCVFU-UHFFFAOYSA-N,CC1=CC=CC=C1C(=O)NC1=CC=C(S(=O)(=O)NC2CCN(C(=O)CCCN3CCOCC3)CC2)C2=CC=CC=C12,-5.065
VXJDWXDHKHVKGE-UHFFFAOYSA-N,CC(C)CN1C(=O)C(=CC2=CC=CC=C2)C(=O)N(CC(C)C)C1=O,-4.07
PZKKEOGCYNWGSA-UHFFFAOYSA-N,CC(OC1=CC(C2=CC(C3=CC=CS3)=CN=C2N)=CC=C1C(N)=O)C1=CC=CC=C1C(F)(F)F,-7.581
QMCFBRPLMVFDBX-CZWSTMTISA-N,C[C@@H]1CCCCO[C@H](CN(C)CC2=CC=C(C(F)(F)F)C=C2)[C@H](C)CN([C@H](C)CO)C(=O)C2=CC(NS(=O)(=O)C3=CC=C(Cl)C=C3)=CC=C2O1,-6.292
JZPFDUSVFDKDJU-NYTNZEMMSA-N,C[C@H]1CN(C[C@@]2(O)CC[C@@]3(C)[C@@H](CC[C@H]4[C@@H]5CCC(=O)[C@@]5(C)CC[C@H]34)C2)[C@H](C)CN1CC1=CC(C(F)(F)F)=CC=C1C(F)(F)F,-6.046
ZWSLETCZJJZPEH-UHFFFAOYSA-N,CNC(=O)C1=CN=C(OC2=CC(C(=O)NC3=CN=C(C)C=N3)=CC3=C2C=C(C)O3)C=N1,-5.759
LLKOIOPUDUDOFR-FJGPGAONSA-N,CS(=O)(=O)OC1=CC=C2C(=C1)O/C(=C\C=C\C1=CC=CC=C1)C2=O,-5.119
OCJCJHZUUXLOHA-UHFFFAOYSA-N,COC1=CC=C(Cl)C(NC2=NC=NC3=CC(OC)=CC(OC)=C23)=C1,-5.337
GDFHQFHLYUVXNW-LJQANCHMSA-N,CCC[C@@]1(C)N=C(C2=CC=CC=C2)C2=CC(Cl)=CC=C2NC1=S,-7.207
WKQDFBKYIAEZEP-UHFFFAOYSA-N,COC(=O)C(=CC1=CC=C([N+](=O)[O-])C=C1)C(=O)OC,-3.579
JUXGKFCANLESSD-UHFFFAOYSA-N,CCCCCCNC1=C(OC)C=CC2=C(CC3=CC=CC=C3)C3=[N+](C=C12)CCC1=CC2=C(C=C31)OCO2.[Br-],-2.828
LWMHETDODOVEBY-UHFFFAOYSA-N,CCCCOC1CCC2=NC3=CC(Cl)=CC=C3C(NCCCCCCCCCNC3=C4C(=NC5=CC(Cl)=CC=C35)CCC(OCCCC)C4)=C2C1,-7.847
GUEJZPIBPZKHNG-UHFFFAOYSA-N,CCOC1=CC=CC2=C1N=C(N(CCN(C)C)C(=O)C1=CC=C3C(=C1)OCCO3)S2,-4.562
HPXXKNABZRWSTG-LQKURTRISA-N,CN1C(C2=CC=CC=C2)=C(/C=N/NC2=CC=NC3=CC(Cl)=CC=C23)C2=CC=CC=C12,-7.976
LFIYFGISUSRLNS-UHFFFAOYSA-N,COC1=CC=C(NC2=NC=NC3=CC=C(NC(=S)NC4=CC=CC(Cl)=C4)C=C23)C=C1,-8.358
PCCQQHMLBXTKGT-UHFFFAOYSA-N,CC1=CC=C2C(=C1)C1=CC=[N+]2CCCCC[N+]2=CC=C(C3=CC(C)=CC=C23)NCCCCCN1.O.O=C([O-])C(F)(F)F.O=C([O-])C(F)(F)F,-3.531
FMVWNXJKPZQHCA-UHFFFAOYSA-N,CCOC(=O)C1=CN(CC2=C(F)C=CC=C2F)C2=NC(C3=CC=C(NC(=O)NCC4=CN(CCOCCOCCN=[N+]=[N-])N=N4)C=C3)=C(CN(C)CC3=CC=CC=C3)N2C1=O,-4.885
NYBXYMGDFWQVNQ-UHFFFAOYSA-N,CCOC(=O)C1=C(NC(=O)CSC2=CC=CC=[N+]2[O-])SC(C(=O)NC2=CC=CC=C2)=C1C,-4.484
VZIXWFKNRFFMNN-UHFFFAOYSA-N,CC(C)CN(NC(=O)C1=C2C(=NO1)C=CC=C2)C1=NC(C#N)=NC=C1Br,-5.414
BLFPUHXCVANUTH-UHFFFAOYSA-N,O=C(NCC1=CC=CN=C1)C1=CC=C(NS(=O)(=O)C2=CC=CC=C2)C=C1,-5.047
PAGSICJZLWTLMM-UHFFFAOYSA-N,COC1=CC(OCC2=CC=CC(C3=CN=C(F)C(C)=C3)=C2)=C2C=C(C3=CN4N=C(OC)SC4=N3)OC2=C1,-8.672
SYQYTRMQKJCPNR-YSJJMVFISA-N,O=C1NC(=O)N([C@H]2C[C@H](O)[C@@H](COP3(=O)OCC(O)CO3)O2)C=C1F,-1.596
HKJICRDKLNIKKW-UHFFFAOYSA-N,ClC1=CC=C2C(NCCCCNC3=NC=CC(NC4=CC=CC=C4)=N3)=CC=NC2=C1,-6.821
PHNAXDMXCYGYGB-OOFFNIEVSA-N,COC(CC1OC(=O)CC(O)C/C=C\C(=O)C(C)C(OC)C2=COC(=N2)C2=COC(=N2)C2=COC(=N2)/C=C\CCC1C)C(C)CCC(=O)C(C)C(C/C=C/N(C)C=O)OC,-5.597
YTQSVAKKJXBNDL-UHFFFAOYSA-N,CCC1=C(C)CC(C(=O)NCCC2=CC=C(S(=O)(=O)NC(=O)NC3CCC(C)CC3)C=C2)C1=O,-4.683
POMKNVSPIRVORC-UHFFFAOYSA-N,COC1=NN2C=C(C3=C(F)C=CC=C3F)C(C3=CC=C(CN4CC(C5=NNC(C6=CC=CC=N6)=N5)C4)C=C3)=NC2=C1CO,-6.349
CNKULZYKNGMIIR-BJKOFHAPSA-N,COC1=CC=C(C2=NN(C(C)C)C(=O)[C@@H]3CC=CC[C@H]23)C=C1C#CC(=O)NCC1=CC=CC=C1,-6.316
CUKQYCYJOFKYAJ-UHFFFAOYSA-N,CC1=CC=C(S(=O)(=O)N2CCN(C(C3=CC=CC=C3)C3=CC=CC=C3)CC2)C=C1,-4.791
OMKNOZUOHMDXNP-PXDAIIFMSA-N,C[C@H](O)[C@@H]1CN2CCC3=C(NC4=CC=CC=C34)[C@@H]2C[C@@H]1N(C)C(=O)NC1=CC=C(Br)C=C1,-4.553
UGCNRXUEBLUACM-UHFFFAOYSA-N,CC(C)(C)C1=NC(C2=CC=NC=C2)=C2C(N)=C(C#N)C(N)=NC2=N1,-4.789
KVFWUGVRWUWBNZ-NSHDSACASA-N,C[C@@H](CO)OC1=NC=CC=C1C1=CC=C(C2=CN=C(N)C=N2)C(F)=C1,-3.848
FVXGZVWGOFVUIM-FIRIVFDPSA-N,O=C1N(CC2=CC=C(CO)C=C2)[C@H](CC2=CC=CC=C2)[C@H](O)CN(CC2=COC=C2)N1CC1=CC=C(CO)C=C1,-4.097
IGKRBWTWRQNUEN-UHFFFAOYSA-N,CC1=CC(=O)OC2=CC(NC(S)=NCC3=CC=CC=N3)=CC=C12,-5.356
XMVDRTLPWWRNNW-UHFFFAOYSA-N,CC(=O)OCC(COC(C)=O)(CN1C(=O)C2=CC=CC=C2C1=O)CN1C(=O)C2=CC=CC=C2C1=O,-5.034
OSOVTHSUTDEIKI-IRLDBZIGSA-N,CC1=CC=CC(CCC(=O)N2CCN(C(=O)N3C(=O)[C@H](CC4CCNCC4)[C@H]3C(=O)O)CC2)=C1,-2.908
DVIQWYZZFHGVAM-UHFFFAOYSA-N,CN(C)CCC1=C(C(=O)NCC2=CC=CC=C2)NC2=CC=C(CCN3C(=O)NC(C)(C4=CC=CC=C4)C3=O)C=C12,-5.726
NSMPJAYXYKAEJY-UHFFFAOYSA-N,NC1=NC(O)=C2NC(CC3=CSC=C3)=NC2=N1,-3.257
FXLFNEVHWHPROF-UHFFFAOYSA-N,N=C(N)C1=CC=C2NC(C3=CC(C(CC(=O)O)C(=O)O)=CC(C4=CC=CC=C4)=C3O)=NC2=C1,-4.628
IQCOWROPCJZUPP-KKUMJFAQSA-N,N#C[C@@H]1CCCN1C(=O)[C@@H]1C[C@H](C(=O)N2CCCCCC2)CN1,-1.889
MSRQQNCNMZZRMW-UHFFFAOYSA-N,COC1=CC(OCC2=CSC(C3(C4=CC=C(Cl)C=C4)CCOC3)=N2)=C2C=C(C3=CN4N=C(OC)SC4=N3)OC2=C1,-8.515
WWYFVFJZLKWRGV-VZGYSGOJSA-N,CC1=CC(C2=CN=C(C(C)NC3=NC=CC(N4C(=O)OC[C@@H]4[C@@H](C)C(F)F)=N3)N=C2)=CC=C1F,-6.231
QCDDZWGONJIQDE-UHFFFAOYSA-N,CNC1CCCN(C2=CC=C(NC3=C4C(=NC=C3C(=O)C3CC3)C=CC(C3=CC(Cl)=C(O)C(Cl)=C3)=C4)C=N2)C1,-6.888
VZHBXAGJFBJPAA-UHFFFAOYSA-M,COC1=CC=C2C=C3[N+](=CC2=C1OCCCOC1=CC=C(C2=NC4=CC=CC=C4S2)C=C1)CCC1=CC2=C(C=C31)OCO2.[Br-],-2.745
AGADFQNWGUDFRP-UHFFFAOYSA-N,OC1=CC=C2C(=C1)CCN(C1=CC=CC=C1)C2C1=CC=C(F)C=C1,-5.574
GXJIMXZNGIRFKA-UHFFFAOYSA-N,CC1=CC=[N+](CC(=O)CCC2=CC=C(C(=O)C[N+]3=CC=C(C)C=C3)C=C2)C=C1,-2.435
IJUYMMANCPKLLM-UHFFFAOYSA-N,CCOC1=NC2=NC(C)=C(C(=O)O)C=C2C(C2=CC=CC=C2)=C1C#N,-5.424
CXNZLOIPQFMHLT-UHFFFAOYSA-N,O=C(C1=CC=C(OCCN2CCCCC2)C=C1)C1=C(C2=CC=C(Cl)C=C2)SC2=CC(O)=CC=C12,-7.198
CSCFEDOGGKUFCG-UHFFFAOYSA-N,CC1CC2=CC=CC=C2CN1CC1=CC=CC=C1,-3.268
VFWDGPGEEXHKEO-XZMKWJKUSA-N,COC(=O)[C@]12CCC(C)(C)C[C@H]1C1=CC[C@@H]3[C@@]4(C)C[C@@H]5C(=NN[C@H]5C5=CC=CC=C5)C(C)(C)[C@@H]4CC[C@@]3(C)[C@]1(C)CC2,-7.167
MSXLHWBXRFPWGL-UHFFFAOYSA-N,BrC1=CC=C2C(=C1)C1=NN=C(C3=CC=C(CN4CCC(C5=NN=C(C6=CC=CC=N6)N5)CC4)C=C3)N1C1=CC=CN=C1N2,-7.739
QRCRFTCFYITDSV-UHFFFAOYSA-N,NC(=O)C1=CC=C(C2=C(C(=O)C3=CC=C(OCCN4CCCCC4)C=C3)C3=CC=C(O)C=C3S2)C=C1,-6.277
OOZBGNAEKJAEMB-AJBULDERSA-N,CCCCC1CC2=CC(OC)=CC=C2C2=C(/C=N/CC3=CC=CC=C3)C3=CC=C(OC)C=C3N12,-7.609
BHHOHHJQIWOOLY-KCFYYHDHSA-N,FC1=CC=C(NC2=CC3=NC4=CC=CC=C4N(C4=CC=C(F)C=C4)C3=C/C2=N/CCCCC23CCCCN2CCCC3)C=C1,-8.387
HVYGXVLRTTXUEL-LBPRGKRZSA-N,CSCC[C@H](NC(C)=O)C(=O)NCCN1C=CN=C1C,-1.77
BHJPNHPIGQEPCN-UHFFFAOYSA-N,CCOC(=O)C1CCCN(CC2=CC=C(O)C(OC)=C2)C1,-2.452
DMTWTSCIJIGXEM-OIJZNPKMSA-N,CC[C@H](C)[C@H](NC(=O)C[C@H](O)[C@H](CC(C)C)NC(=O)[C@H](CC1N=CC=N1)NC(=O)[C@H](CC1=CC=CC=C1)NC(=O)OC(C)(C)C)C(=O)NCC1=CC=CC=N1,-4.136
WEALPBWASYLNRI-GIJQJNRQSA-N,CC1=CC(=O)OC2=CC(/N=C/C3=CC=C(O)C=C3O)=CC=C12,-5.149
NHUICIYKHRDWEK-UHFFFAOYSA-N,CC1=CC=CC(CNC2=NC=NC3=C(C(N)=O)C=CC=C23)=C1,-4.01
OSXKPNSQFLCKBF-UHFFFAOYSA-N,CC1=CC=C(C)C(N2CCN(C(=O)CCC(=O)N3CCOC4=CC=C(Cl)C=C34)CC2)=C1,-5.041
BQCYIIVLNTWNSU-UHFFFAOYSA-N,COC1=CC2=C(NC3=CC=C(Cl)C(Cl)=C3)N=CN=C2C=C1OCC1=CSC(C2CCCCN2C)=N1,-7.517
IQBXYHKRGWPSAY-CNORLSDQSA-N,C=CC1=C[N+]2=C(C(O)=C1C[C@H]1C3=C(C4=CC=CC=C4N3)CCN1C)C1=C(C3=CC=C(O)C([C@H]4CCCN4C)=C3N1)CC2.[Cl-],-2.117
CDGXTJIQOFQZAW-UHFFFAOYSA-N,CC1=CC=C(C2=C(C3=NN=C(C(F)(F)F)O3)C(=O)NC(C3=CC=C(OCCCC(F)(F)F)C=C3)(C(F)(F)F)C2)C=C1,-8.154
NWNWOSZIYTYPLI-UHFFFAOYSA-N,CC(=O)NC1=CC=CN=C1NC1=NC=NC2=CC=C(C3=CC=CC(N4CCOCC4)=C3)C=C12,-5.672
FKRUTODYQQBSGD-UHFFFAOYSA-N,COC1=CC=CC(C2=C3N(N=C2C2=CC=NC=C2)C(C2=CC=C(N4CC5CCC(C4)N5C)C=C2)=CC=N3)=C1,-6.138
BTQRGQYBCTZVTK-UBMCIHALSA-N,CC(C)=C[C@H](O)C[C@@H](C)[C@H]1CC[C@@]2(C)[C@@H]3CC[C@H]4[C@](C)(CO)[C@@H](OS(=O)(=O)O)CC[C@@]45C[C@@]35CC[C@]12C,-4.319
HKJSWMNQUSNTTP-DSITVLBTSA-N,CCCCCC[C@H]1C(=O)N[C@H](C(=O)NCCCN2C=CN=C2)CC2=CC=C(C=C2)OCCC[C@@H]1C(=O)NO,-3.915
ZIFFNGCWCJSQNG-JFLMPSFJSA-N,COC1=CC=C(CN2C=C(CO/N=C/C3=C(C4=CC=CC=C4)N=C4C(C)=CC=CN34)N=N2)C=C1,-7.132
DHOHJHINZMGEQL-ZEQRLZLVSA-N,CN1C[C@@H]2CC[C@H]1CN2C1=CC=C(C2=CC=NC3=C(C4=C5C(=CC=C4)NN=C5)C(C4=CC=NC=C4)=NN23)C=C1,-6.233
PTGQMXBBAJPDIZ-PKAIDYEGSA-N,CC[C@H](C)[C@H](NC(=O)[C@H](CC(C)C)NC(=O)[C@H](CCCNC(=N)N)NC(=O)C1=CC=C(N2CCNCC2)C=C1)C(=O)N[C@@H](CC1=CC=CC=C1)C(=O)O,-3.894
GSILVIRHZQJUGG-UHFFFAOYSA-N,C1=CC=C(OCCCCNC2=CC=NC3=CC=CC=C23)C(NC2=C3C(=NC4=CC=CC=C24)C=CC=C3)=C1,-7.954
PNIPGJJCIHPIOP-RQZCQDPDSA-N,O=C(O)C1CCCN(CCO/N=C/C2=CC=C(Br)C=N2)C1,-2.431
PXFMHNKGUWXYLT-UHFFFAOYSA-N,ClC1=CC(Cl)=CC(NC2=NC(NCC3=CC=CO3)=C3C=CC=CC3=N2)=C1,-7.288
OOVDEPZODSXAMU-UHFFFAOYSA-N,COC(=O)C(C)(N)CC1=CC=C(O)C=C1.Cl,-1.58
DKFSLQBZVWOHFK-UHFFFAOYSA-N,COC1=CC=C(CC(C)(OC2=CC=C(C(C)C)C=C2)C(=O)O)C=C1,-5.07
MGGAVHMSVGABJH-NDVSTMMLSA-N,C[C@H]1CN([C@@H]2CC[C@@]3(CCO[C@H]3OCC3=CC(F)=CC(C(F)(F)F)=C3)C2)CC[C@@]12C=CC1=CC=CC=C21,-6.414
YOBHJWOWMBSVMO-QZCRLSDHSA-N,CC1=CC(CC2=C(C3=CC=C(OCCN4CCCC4)C=C3)SC3=CC(O)=CC=C23)=CC=C1O[C@@H]1CCCC[C@H]1N1CCCC1,-7.034
QPTSDXGLCQPVCW-UHFFFAOYSA-N,COC1=CC2=C[N+](CCC3=CC=C(F)C=C3)=CC=C2C=C1O.[Cl-],-1.071
VDIZGBPQRHNXNZ-UHFFFAOYSA-N,CC1=CC(NCC2=CC=C(F)C=C2)=NC(N2CCCCC2)=N1,-4.471
CYHPCJAQNAXMNQ-UHFFFAOYSA-N,O=S(=O)(NC1=CC=CN=C1)C1=CC=C(Br)C=C1OC(F)(F)F,-5.595
YYOQJBGOHXSFPI-UHFFFAOYSA-N,COC1=CC(CNC2=CC=C(NC3=C4C(=NC5=CC=CC=C35)CCCC4)C=C2)=CC=C1O,-7.234
IFLIQOSTGMUKGK-BJMVGYQFSA-N,CCC(/C=N/NC(=O)C(N)=O)CC,-1.088
QQCDQPNSLRTTDZ-UHFFFAOYSA-N,ClC1=CC=CC(NC2=NC=NC3=CC=C(NCC4=CC=CC=C4Br)C=C23)=C1,-7.183
GBGQWWXXTJGABQ-UHFFFAOYSA-N,O=C(O)C1=CC=C(Cl)C(S(=O)(=O)NC2=CC=C3NC(O)=NC3=C2)=C1,-4.36
ALRFTBXFWLXUKF-IGSQEJEMSA-N,C/C=C/[C@H]1[C@H](C(=O)C2=C(O)C(C3=CC=C(OC(=O)/C=C/C4=CSC=C4)C=C3)=CNC2=O)C=C(C)[C@H]2CC[C@H](C)C[C@H]12,-7.958
MXOYAJBTEOPWLQ-KLCVKJMQSA-N,N#C/C(=C\C1=CC=CC=C1Cl)C(=O)NCCCNC(=O)/C(C#N)=C/C1=CC=CC=C1Cl,-5.129
XACFMCPSHAGRDW-OVDNTTTISA-N,N=C1/C(=C\C2=COC3=CC=CC=C3C2=O)C(=O)N=C2SC(C3=CC=NC=C3)=NN12,-5.807
GDLXJLSRWACTFX-IQJOONFLSA-N,CC1=CN([C@H]2C[C@H](O)[C@@H](OC(C)(C)C)O2)C(=O)NC1=O,-2.029
HRCPSKADZFSMPG-UHFFFAOYSA-N,O=C(NC1=NC(C2=CC=CC(C(F)(F)F)=C2F)=CS1)C1=CN=C(N2CCC(C(=O)O)CC2)C(Cl)=C1,-7.126
CWDSRCRXEIVDFU-WUFINQPMSA-N,CC1=CC=C(S(=O)(=O)N[C@@H](CC2=CC=CC=C2)[C@H](O)CN2CCN(CC3=CC=C([N+](=O)[O-])C=C3)CC2)C=C1,-3.604
APCPYOFTCBTKPW-UHFFFAOYSA-N,CCC1=CC=C(N2N=C(CO)C(C(=O)NCCCC3=CC=CC=C3)=N2)C=C1,-3.845
BJYWPFAOIYUNMB-UHFFFAOYSA-N,COC1=CC=C(C2=C(C3=CC=C(C(N)=O)C=C3C)N(C3=CC=C(S(N)(=O)=O)C=C3)C=C2)C=C1,-5.193
SXAMRBCEMSYDQB-UHFFFAOYSA-N,CN1C(=O)N(C2=CC=CC(C(F)(F)F)=C2)C2=C(C(=O)CCC2)C1C1=CC=C(C#N)C=C1C1=CCOCC1,-7.179
TVKGONBRXLKFQC-UHFFFAOYSA-N,OCC1=CSC(C2=CC=C(CO)S2)=C1,-2.033
CUQPTMGVVQNXDH-UHFFFAOYSA-N,CC(C)(C)C1=NN(C2=CC=C(OCCN3CCOCC3)C=C2)C(NC(=O)NC2=CC=C(OC3=CC=NC(NC4=CC=C5C(=C4)C=NN5CCN4CCOCC4)=N3)C3=CC=CC=C23)=C1,-6.867
KULZHONWEGEVFY-UHFFFAOYSA-N,CC1=CC=CC(N(CC2=CC3=CC=CC=C3N=C2O)C(=O)C2=CC=CS2)=C1,-6.805
QESCCBUZTGYBRY-UHFFFAOYSA-N,CC1=CC=C(N2N=C(C(C)(C)C)C=C2NC(=O)C2=NNC3=CC=CC=C23)C=C1,-6.62
WHZWXPNEFSVGAQ-UHFFFAOYSA-N,COC1=CC2=C(C=C1OC)CN(CCC1=CC=C(NC3=NC(C4=CC=C(Cl)C=C4)=NC4=CC=CC=C34)C=C1)CC2,-7.629
QOQGMXBUBIXOLQ-RMKNXTFCSA-N,CCCN1C(=O)NC2=C(N=C(C3=CC=C(/C=C/C(=O)OC)C=C3)N2)C1=O,-4.9
LWKFROGLOGOBFK-LPYMAVHISA-N,COC1=CC(/C=N/NC(=O)CN2CCN(C3=CC=C(F)C=C3)CC2)=CC=C1O,-3.24
BAOHRPVXMAWUPP-MDZDMXLPSA-N,COC1=CC=C(C(=O)/C=C/NC2=CC=CC(O)=C2)C=C1,-4.227
MYMAEUCHDVJVIA-BWAHOGKJSA-N,CN1CCN(C2=CC=C3C(=C2)/C(=C/NC2=CC=C(CN4CCCCC4)C=C2)C(=O)NC3=O)CC1,-3.815
PPECDCCGUVMBME-UHFFFAOYSA-N,CC1=CN=C(N2CCC(C3=CC=CC=C3)CC2)N=C1C1=CC=NN1C,-4.359
BQROMVZIEGHMFK-FWJDJVLASA-N,O=C(CBr)NC1=CC=C(CN2C3=C(C4=CC=CC=C24)C[C@@]2(O)C4CC5=CC=C(O)C6=C5C2(CCN4CC2CC2)[C@H]3O6)C=C1,-6.664
HOBOYZBYNYELPC-UHFFFAOYSA-N,O=C(C1=CC(C2=CC=CO2)=NC2=CC=CC=C12)N(CC1=NN=C(C2=CC=C(Cl)C=C2)O1)C1CC1,-7.487
PICJYOMBEAAUFN-ROUUACIJSA-N,CO[C@H]1CN(C2=CC(C3=NNC4=CC=C(C5=CN(C)N=C5)C=C34)=NC=N2)C[C@@H]1O,-3.584
TWWDQMZTYKXKKW-SVBPBHIXSA-N,COC1=CC2=C3C4=C1OC1=CC5=C(C=C1O4)[C@H](CC1=CC=C(C=C1)OC1=CC(=CC=C1O)C[C@@H]3N(C)CC2)N(C)CC5,-6.162
KGRAYEYPXMVIHX-IYJUZEOBSA-N,O=C(CCCC(=O)N/N=C/C1=CC(O)=C(O)C(O)=C1)N/N=C/C1=CC(O)=C(O)C(O)=C1,-3.757
BJHAOCFXUQZNAX-UHFFFAOYSA-N,C1=CC=C(C2=CC=CC(C3=C(C4=CC=CC(C5=CC=CC=C5)=C4)SC(CNCC4CCNCC4)=C3)=C2)C=C1,-6.415
WVHXTTNAWLOLHX-UHFFFAOYSA-N,CCCCC1=CC=C(C2=CC=C3C(=N2)C(=O)N(C2=CC=C(OCCN4CCCC4)C(OC)=C2)C3)C=C1,-6.18
XEJJMDUMLSMFRE-QJNUVBDFSA-N,CC(CCC[C@@H](C)[C@H]1CC[C@H]2[C@@H]3CC=C4C[C@H](OS(=O)(=O)O)[C@@H](OS(=O)(=O)O)C[C@]4(C)[C@H]3CC[C@]12C)COS(=O)(=O)O,-2.979
FMJPKFAJUQLTTM-VCDODJMISA-N,C[C@]12CC[C@H]3[C@@H](CC[C@H]4C[C@]5(CC[C@]34C)CN(CC3=CC=C(OCC4=CC=CC=C4)C=C3)CC(=O)O5)[C@@H]1CCC2=O,-6.996
KMLPTINWHYAWNI-UHFFFAOYSA-N,CCOCC1CN(C2=CC=NC=N2)CC2=C1N(CC1CC1)N=C2,-3.016
QQZFPVUEXCTKSA-UHFFFAOYSA-N,CCN(CC)C1=CC=C(NC2=NC(NC3=CC=CC=C3)=C3C=CC=CC3=N2)C=C1,-7.029
QHUOZEAYYKLKIY-UHFFFAOYSA-N,N/C(=N/C1=CC=C(O)C=C1)NO,-1.069
KTDHBIYFIPOXLO-VIFPVBQESA-N,O=C(O)C1=CC2=CC(S(F)(F)(F)(F)F)=CC(Br)=C2O[C@@H]1C(F)(F)F,-6.225
MFLQOQCFTFKHBW-UHFFFAOYSA-N,CCC1=NC(N)=NC(N)=C1C#CCC1=CC(OC)=CC(C2=CC=[N+]([O-])C=C2)=C1,-3.868
VTXJOFUNBAYMEZ-MKMNVTDBSA-N,CCOC(=O)N/N=C/C1=COC2=CC(O)=CC=C2C1=O,-3.331
GOWJRPARMDUOAE-CUPIEXAXSA-N,COC(=O)N[C@H](C(=O)N1CCC[C@H]1C1=NC=C(C#CC2=CC=C(C3=CC=C4N=C([C@@H]5CCCN5C(=O)[C@@H](NC(=O)OC)C(C)C)NC4=C3)C=C2)N1)C(C)C,-6.131
VPGSSTHQMHDQAV-MLWJBJAVSA-M,C[N+]1=CC=C(C(O)C2=CC=CC(/C(C#N)=C(\N)SC3=CC=CC=C3N)=C2)C=C1.[I-],-1.742
MFVWETVYCQYWBB-PXLXIMEGSA-N,NC(N)=N/N=C1\C2=CC(Cl)=CC=C2CC1SC1=NC2=CC=CC=C2S1,-5.662
GJPQKIQISJHKEA-QPPQHZFASA-N,C[C@H]1O[C@@H](N2C=C(F)C(=O)NC2=O)C[C@H]1O,-1.471
AVLLGHFOBOLCPF-MRXNPFEDSA-N,CN1C=C(C2=CN3C(=NN=C3SC3=CC=C4N=CC5=C(C4=C3)OC[C@H]3CCCN53)C(F)=C2)C=N1,-6.393
LQHGLEHALIXLBR-UHFFFAOYSA-N,FC1=CC=C(NC(=S)NC2=CC=C3N=CN=C(NC4=CC=CC(Br)=C4)C3=C2)C=C1Cl,-8.543
LPYBZGHTHOZEDU-OUKQBFOZSA-N,CC1(C)CC(/C=C/C2=CC=CC=C2)=NC2=CC=CC=C2N1,-4.98
UZKBWRBVKSQYQO-UHFFFAOYSA-N,O=[N+]([O-])C1=CC=CC(C2=CC=C3C=C(Cl)C=CC3=N2)=C1,-6.163
PZLJCNIYDRNXTI-UHFFFAOYSA-N,CCN(CC)CC(=O)NN1C(=O)C2=C3C(=CC=C2)C=CC=C3C1=O,-3.303
VLLFJTFIMFAMHU-UHFFFAOYSA-N,COC1=CC(NC2=NC=NC3=C2SC2=NC=CC=C32)=CC(OC)=C1,-6.202
CYOARVZSCJFENO-UHFFFAOYSA-N,COC1=CC2=NC=NC(NC3=CC=C(F)C(Cl)=C3)=C2C=C1OCCCNCCN,-3.401
WVLGOQBSBKHESG-UHFFFAOYSA-N,COC1=CC=C(C(O)(C2=CC=C3N=C(Cl)C(CC4=CC=CC=C4)=C(Cl)C3=C2)C2=CN=CS2)C=N1,-7.402
OBELLHFPXNJUHS-UHFFFAOYSA-N,FC1=CC=C(C2=CN(C3=CC=NC4=CC(Cl)=CC=C34)N=N2)C=C1,-6.32
DUYOPZTUPRZUMW-UHFFFAOYSA-N,CN1C=CC=C1C(=O)N1CCCCC1C1=C(S(C)(=O)=O)C=NN1,-2.76
SQEKKPLUIMZWKA-UHFFFAOYSA-N,CN(C)C1=CC=C(C#CC2=NC=NC(NCCC3=CNC4=CC=CC=C34)=C2C2=CC=C(Cl)C=C2)C=C1,-6.527
CLHBEWRWUDPVGT-UHFFFAOYSA-N,O=C1C=C(CN2C=C(COC3=CC=C(Br)C=C3)N=N2)C2=C(C=CC3=CC=CC=C23)O1,-7.876
RUTMUDMVOYTQJI-SKCDSABHSA-N,CCCS(=O)(=O)C1=CC(C2CC[C@@H](C3=CC(OC)=C(OC)C(OC)=C3)O2)=CC(OC)=C1OCCSC1=CC=C(C(N)=O)C=C1,-7.247
MXLXDMHTXNZALQ-UHFFFAOYSA-N,C1=CC=C2C(NCCN3CCOCC3)=NC(C3=COC=C3)=NC2=C1,-2.506
PPYYOIXOWFPLCL-UHFFFAOYSA-N,CCC(C)NC(=O)CSC1=NC2=C(SC=C2)C(=O)N1NC(=O)C1=CC=CC=C1,-5.305
KMMJBTPFPQGXOL-UHFFFAOYSA-N,COC(=O)N(NC(=O)C1=C(OC)C(C2=CC=CC=C2)=NC2=C(C#N)C=CC=C12)C1=CC=CC=C1,-7.918
GYWHJPVBMDREOD-UHFFFAOYSA-N,O=C(C(=O)N1CCN(C(=O)C2=CC=CC=C2)CC1)C1=CNC2=CC(Cl)=C(Cl)C=C12,-5.004
LUJDHAGJNKEFEN-UHFFFAOYSA-N,CSC1=C(N)C(=O)C2=C(C(CO)=CN2)C1=N,-1.849
IHGCTMSNXMOASS-UHFFFAOYSA-N,N=C(N)C(=N)NCCC(=O)O,-0.119
QQXKBDCCRRDXTJ-HSZRJFAPSA-N,CS(=O)(=O)N1CCC2=C(C(C3=CC=C(C(F)(F)F)C(SCCN4CCC(F)CC4)=C3)=NN2C[C@H](O)CN2CCCCC2)C1,-4.598
NQBLEXBWNWWHJE-CYBMUJFWSA-N,N#CN1CC[C@@H](NC(=O)C2=CN=C3C=C(N4CCOCC4)C=CN23)C1,-2.437
WZZIDCZORGVJEP-SDNWHVSQSA-N,O=C1C(/C=C/C(O)C2=CC=C(Cl)C=C2)=COC2=CC=CC(OCC3CCCCC3)=C12,-6.637
BLBCKIXYPSMVJM-UHFFFAOYSA-N,CC1=CC2CC3=NC4=CC(Cl)=CC=C4C(NCCCCCCCNC4=C5C(=NC6=CC(Cl)=CC=C46)CCCC5)=C3C(C1)C2.Cl.Cl.Cl.Cl,-6.766
SLSMYFRHDVRAMZ-LVZFUZTISA-N,CC(C)=CCC/C(C)=C/C1=CC=CC=C1OCCCN(C)C(C)C,-4.966
WKTZAGLAZDOZBH-UHFFFAOYSA-N,C[S+]([O-])C1=CC=CC(C2=C(C3=CC=NC=C3)N(CCCN3CCOCC3)C=N2)=C1,-1.448
AGOMZXFWATVFOH-UHFFFAOYSA-N,COC1=CC=C(C2C3=CC=C4C=CC=NC4=C3OC3NC(=S)NC(=S)C23)C=C1,-7.511
OGRQQJOARNZDSY-UHFFFAOYSA-N,CCN1C(=O)C2=C(N(CC3=CC=C(F)C(F)=C3)C(C3=CC=C(C4=CC=CC=C4OC)N=C3)=N2)N2CC(C)(C)N=C12,-7.986
CXAHQPWLJGSFEG-UHFFFAOYSA-N,O=C1C2=CC=C(Cl)C(Cl)=C2C(=O)N1CCCCN1C=CN=C1,-3.888
NVQXQRJMWPIZFM-UHFFFAOYSA-N,CC(=O)NC1=CC=C2C(=NC3=CC=C(CCC(=O)O)C=C3)C3=CC=CC=C3NC2=C1,-6.745
NJBPPYDUSPXTIO-RNHIQORTSA-N,O=C(NCCCCCCOCCCC[C@H]1CCC[C@@H](CN2C=C([C@@H]3CCC[C@H](CCCCOCC4=CC=CC=C4)O3)N=N2)O1)C1=CC=CN1,-5.499
IEJRWSFAVHTXKX-UHFFFAOYSA-N,COC1=CC=C(NC(=O)C2=C(NC(=O)CC3=CC=CS3)C3=CC=CC=C3O2)C=C1,-7.604
WEWWZHAIYCPZHL-UHFFFAOYSA-N,CC1=CC2=C(OC(=O)C(C(=O)N3CCCCC3)=C2)C2=CC=CC=C12,-5.07
RMXPANLFBPCCIX-UHFFFAOYSA-N,COC1=CC=CC(C23CCN(C)C(CC(=O)C2)C3)=C1,-2.59
HYJVYOWKYPNSTK-UONOGXRCSA-N,O=C(N[C@@H](C1=CC=CC=C1)[C@@H](O)C(=O)O)C1=CC=CC=C1,-2.359
BLFKXASHTQLBGP-UHFFFAOYSA-N,N#CC1=CC(N2CCN(C(=N)N)CC2)=CC(C2=CC=C(OC3=CC=C(F)C=C3)C=C2)=N1,-5.542
GGTJYGSVSIHWGN-UHFFFAOYSA-N,NC1=NC=CC2=C1C(C1=CC=C(NC(=O)C3=CC=CC=C3)C=C1)=CS2,-6.821
ZSQRVWASEJFTEP-UHFFFAOYSA-N,CC1(CCC(=O)N2CCCC(N3CCN(C4=CC=C(F)C=C4)CC3)C2)CC1,-3.086
SXRPINFLPQMOJG-LBPRGKRZSA-N,CNCCCOC1=CC(F)=C(C2=C(Cl)N=C(C3=CC=CC=N3)N=C2N[C@@H](C)C(F)(F)F)C(F)=C1,-5.771
QIUALWFJLIHJCZ-UHFFFAOYSA-N,CCC1=NC2=C(C)C=C(C3=CC=CC=N3)C=C2N1CC1=CC=C2C(=C1)C=CN2C1=CC=CC=C1C(=O)O,-7.683
WKWZFIXERCCQLF-WQRHYEAKSA-N,CC(=O)NC1=CC=C(C(=O)N2N=C(C)/C(=C/C3=CC=C(O)C=C3)C2=O)C=C1,-5.229
DIWBFIPASCHOPF-IRXDYDNUSA-N,CN1C[C@@H]2C[C@H]1CN2C1=C(F)C(F)=C(C2=CC=NC3=C(C4=C5C(=CC=C4)NN=C5)C(C4=CC=NC=C4)=NN23)C(F)=C1F,-7.041
BEPHODDETAPPJF-UHFFFAOYSA-N,O=[N+]([O-])C1=CC(C(F)(F)F)=CC=C1SC1=NN=C(C2=CC(Cl)=CC(Cl)=C2)N1,-7.237
YUXTWNOTAQMGDN-UHFFFAOYSA-N,FC1=CC=C(CN2C(N3CCN(C4=CC=NC5=CC(Cl)=CC=C45)CC3)=NC3=CC=CC=C23)C=C1,-7.444
GTXARQJHRIQJRP-UHFFFAOYSA-M,COC1=CC=C2C=C3[N+](=CC2=C1OCCN(CCN1C=NC=C1[N+](=O)[O-])CC1=CC=C(Cl)C(Cl)=C1)CCC1=CC2=C(C=C31)OCO2.[Cl-],-5.782
DLDJTHHLHVBYOQ-UHFFFAOYSA-N,ClC1=CC=CC=C1CN1CCC(CNCC2=CC=CC=C2)CC1,-3.213
NONKHARSCKKOKP-UHAXWWKNSA-N,C=CCO/N=C1/C=C2C3=CC[C@H]([C@@]4(C)OC(C)(C)O[C@@H]4CCC(C)(C)O)[C@@]3(C)CC[C@@H]2[C@@]2(C)C[C@@H]3OC(C)(C)O[C@@H]3C[C@@H]12,-6.266
RROKRDUARFDCDH-UHFFFAOYSA-N,COC1=CC=C(C2=CC(=O)C3=C(O)C=C(OC)C(C4=CC(C5=CC(=O)C6=C(O)C=C(O)C=C6O5)=CC=C4OC)=C3O2)C=C1,-8.668
SDKLULIHLKAKSJ-UHFFFAOYSA-N,O=C1C=C(C2=CC=CC=C2)OC2=CC(OCCOCC3=CN(CCOCCOC4=CC=CC(C5=C(OCC6=CC=CC=C6)C(=O)C6=CC=CC=C6O5)=C4)N=N3)=CC=C12,-8.392
RWPYPIHGTGMDON-OEXHGEGMSA-N,FC1=CC=C(NC2=CC3=NC4=CC=CC=C4N(C4=CC=C(F)C=C4)C3=C/C2=N/CCCCCCC23CCCCN2CCCC3)C=C1,-8.413
JLKITJMRRRZCIH-UILWBTOOSA-N,N#CC1=CC=C2C(=C1)CN(CC[C@H]1CC[C@H](NC(=O)C3=CC=NC4=CC=CC=C34)CC1)C2,-5.651
QQOFQSAXDAKMPY-LHRUSGROSA-N,COC1=CC(/C=N/NC(=O)NC2=CC3=C(NC4=CC=C(F)C(Cl)=C4)N=CN=C3C=C2O[C@H]2CCOC2)=CC(OC)=C1OC,-7.736
PLTNUHRNSXAFAG-UHFFFAOYSA-N,O=C1C=CC(C2=CC=CC=C2)=C(Cl)O1,-3.797
OHSHVNCARFVERY-QFIPXVFZSA-N,CC[C@@]1(O)C(=O)OCC2=C1C=C1N(C2=O)CC2=C1N=C1C=CC=CC1=C2C(C)=O,-5.125
MSGROYGVIQQFGI-UHFFFAOYSA-N,CC1=NC(O)=C2C(SC3=CC=NC=C3)=C(O)C=CC2=N1,-3.706
CXNFFFGNHMIMLT-UHFFFAOYSA-N,O=C1C2=C(F)C=C(C3CC3)C=C2C=CN1C1=CC=CC(C2=NC=NC3=C2C=C(C2=CC=C(CN4CCOCC4)C=C2)N3)=C1CO,-6.692
GWULXZDUQGZXSI-UHFFFAOYSA-N,O=C(O)CCNC(=O)C1=CC=C(C(OC2=CC=C(N3C=C(C(F)(F)F)C=N3)C=C2)C2CCCC2)C=C1,-5.993
GPBSAHMUBFEMIK-OEAKJJBVSA-N,C/C(=N\NC(=O)C(C)OC1=CC=C2C=CC=CC2=C1)C1=CC=C(Br)C=C1,-7.402
XFPJUNXTKPPRQV-UHFFFAOYSA-N,COC(=O)C1=C(S(=O)(=O)N2CCN(C3=CC=C(C(C)=O)C=C3)CC2)C2=CC=CC=C2S1,-5.25
VEOLTPKYWXFAGA-VDQVFBMKSA-N,COC1=CC(/C=C2\CCC/C(=C\C3=C(F)C=CC=C3F)C2=O)=CC=C1O,-6.82
SLEWUPBUEBQZJK-UHFFFAOYSA-N,COC(=O)C1=CC=CC(C2CN(C3CCCCC3)C(=O)N2C2CCN(C(C)CCNC(=O)C3=C(C)N=CN=C3C)CC2)=C1,-4.344
FFLLIFIHCHVZJY-UHFFFAOYSA-N,CC(C)C(O)CNC(=O)CCCC1=CC=CC=N1,-1.889
UIQMPVFCYITWMX-UHFFFAOYSA-N,C=CCN1C(C)=CC(C(=O)COC2=CC=C(C)N=C2[N+](=O)[O-])=C1C,-5.281
QTOAETOUDNETJU-CPNJWEJPSA-N,CCCCC(OC(=O)CN1CCN(CCOC2=CC=C(C3=CC(=S)SS3)C=C2)CC1)C1=CC=CC=C1C(=O)OC1=CC=C(/C=C/C(=O)OCCCCO[N+](=O)[O-])C=C1OC,-7.925
WWHYUUPJFNLXRS-SANMLTNESA-N,CSC1=CC=C(OP(=O)(OC2=CC=C(SC)C=C2)[C@@H](CC(C)C)NC(=O)OCC2=CC=CC=C2)C=C1,-6.859
YFWVAYGDSFKIJW-UHFFFAOYSA-N,CC(=O)N1CCN(C2=NC=C3C=C(C4=CC=CC=C4)C(C4=CC=C(CN5CCC(C6=NN=C(C7=CC=CC=N7)N6)CC5)C=C4)=NC3=N2)CC1,-6.618
WTKPIKFFNARXBW-UHFFFAOYSA-N,NC1=NC(N2CCC(Br)CC2)=C2C(=N1)NC1=CC=C(O)C=C21,-4.019
RLAMGSGBMOXEQV-UHFFFAOYSA-N,COC1=CC(N2CC3=CC=C(C4=CC=CC(Cl)=C4)N=C3C2=O)=CC=C1OCCN1CCCC1,-5.99
QKQITTYGLPXNKK-CHWSQXEVSA-N,CC1=CC=NC=C1N1N=CC2=C1N=C([C@@H]1CC[C@H]1C1=NC=CC=N1)NC2=O,-4.596
UTHAEXNJCQPSLG-UHFFFAOYSA-N,OC1=CC=C2OC3=NC=C(OCC4=CC=C(Cl)C=C4)C(C4=CC=C(Cl)C=C4)=C3C2=C1,-8.041
YRAWGFMGIZRYGV-UHFFFAOYSA-N,C1=CC=C2SC(C3=CSC(NC4=CC=NC=C4)=N3)=NC2=C1,-5.959
XIIIQMWMUNCLMZ-UHFFFAOYSA-N,CC1=NN2C(=C(CC(=O)O)C=C2C2=CC=C(C(F)(F)F)C=C2CC2=C(C3CC3)ON=C2C)C=C1,-7.114
CAMJXJIQLUUNJS-UHFFFAOYSA-N,CC1=CSC(CN(C)CCOC2=CC=CC=C2)=N1,-3.092
YQPMOXSWJBWGTI-UHFFFAOYSA-N,COC1=CC(C2=CC=C3N=CN=C(NC4=CC=C(C)C(O)=C4)C3=C2)=CC=C1O,-5.883
DPXBWCMINVFLHU-UFPOUHGLSA-N,COC1=CC=C2C(OCC[C@@H]3NC(=O)N(C)CCCC/C=C\[C@@H]4C[C@@]4(C(=O)NS(=O)(=O)C4(C)CC4)NC3=O)=CC(C3=NC(C(C)C)=CS3)=NC2=C1Cl,-7.182
YNUOKJQLMFJASA-UHFFFAOYSA-N,COC1=CC(C2=CC=C3N=CN=C(NC4=CC=C(Cl)C=C4F)C3=C2)=CC=C1O,-6.855
PLGMZOTUYREITK-CAOOACKPSA-N,O=C(O)C1=CC=C(/C=N/OC2=CC(F)=CC(F)=C2)C=C1,-4.641
DJVHDNQFYKNAOE-UHFFFAOYSA-N,OCCCCN1C(CN2C3=C(C4=CC=CC=C24)CCNC3)=NC2=CC=CC=C12,-3.448
MHPVLVBFRYEPNX-UHFFFAOYSA-N,COC1=NC2=CC=C(Br)C=C2C2=C1C(C)(OCC(O)CN1C=CC(C3=CC=C(C)C(C)=C3)=N1)C1=CC=CC=C21,-7.63
BBLJOUQSLOHUGG-QBFSEMIESA-N,CC/C(=C/C1=[N+](CCCS(=O)(=O)[O-])C2=CC(C)=CC=C2S1)SC,-1.527
JJQQOJRGUHNREK-PWNYCUMCSA-N,O=C(NO)[C@H](O)[C@H](O)COP(=O)(O)O,0.126
WQOUNYVRWYXXHY-GDLZYMKVSA-N,C#CCN(C)[C@H](C)CC1=CC=C(OCCCCCCCCCCNC2=C3C(=NC4=CC=CC=C24)CCCC3)C=C1,-6.756
FNCPPQSDJAVTHV-UHFFFAOYSA-N,CCNC(=O)C1CCN(C(=O)CSC2=NN=C(N)S2)C1,-2.496
RXYVZXJSTKOGOM-NTISSMGPSA-N,CC(=O)O.CC(C)CCC(=O)N1CCC[C@H]1C(=O)NCC1=CC=C(C(=N)N)C=C1,-2.853
MGRJCCWBLNKZOA-UONOGXRCSA-N,CC(C)=C[C@H]1[C@@H](COC(=O)C2=CC=CC=C2Cl)C1(C)C,-5.909
WSNOTOOAAHPYDR-UHFFFAOYSA-N,CNC1=C([N+](=O)[O-])C(C2=CC=C(N3CCN(C4=CC=NC5=CC(Cl)=CC=C45)CC3)C=C2)C2=C(C=O)C(C)=CC(Cl)=C2O1,-7.306
BIYYFMFQCADOGW-UHFFFAOYSA-N,CC1=CC=C2C(=O)C(C(=O)NC3CCCCC3)=CN(CC3=CC=C(F)C=C3)C2=N1,-6.246
RCLMMZLOWGATLM-WPIFCNJOSA-N,C=C(C)C(O)CC/C(C)=C/CC1=C(O)C=CC2=C1O[C@H](C1=CC=C(O)C=C1)CC2=O,-5.366
ZRXCMNYOWWCGIL-UHFFFAOYSA-N,O=C(NC1=CC=C2N=C(SCC3=CC=C(Cl)C=C3)SC2=C1)C1=CC=CC=C1C(=O)N1CCCC1,-8.055
HFMIHUXQMATZBT-UHFFFAOYSA-N,CN(CCC1CCOCC1)C(=O)C1=CC2=CC(NC3=NC=CC(C4=CC=CC=N4)=N3)=CC=C2N1,-5.692
CHFBDRLIFKQVCM-UHFFFAOYSA-N,FC(F)(F)C1=CC=C(OC2=CC=C3N=C(C4=CC=C(OCCCN5CCCCC5)C=C4)OC3=C2)C=C1,-6.902
VMMYOXWMJSIMQE-RZQQEMMASA-N,CC1=CSC2=C(N3N=C(NC4=CC=C(N5CCN([C@@H]6C[C@H]7CC[C@@H]6C7)CC5)C(Cl)=C4)N=C3N)N=C(Cl)N=C12,-7.054
IYLBPELTTFJGJQ-LJAQVGFWSA-N,OC1=CC=C2C(=C1)O[C@@H](C1=CC=CC(OCCN3CCSCC3)=C1)C1=C2CCOC2=CC(O)=CC=C12,-6.213
SVVUPQGHOYWEIT-RXFWQSSRSA-N,C[C@H](O)CNC(C)(C)C(=O)N[C@@H]1CCC2=CC=CC=C2N(CC2=CC=C(C3=CC=CC=C3C3=NNN=N3)C=C2)C1=O,-4.935
RZUKFYARUVPKQC-UHFFFAOYSA-N,C1=CN=C(OC2=CC=C(NC3=NC4=CC=CC=C4S3)C=C2)C(C2=CC=NC3=CC=CC=C23)=C1,-8.528
GESMKOBFFPRXSF-UHFFFAOYSA-N,CSC1=CC=C(O)C(C(=O)NC2=NNN=N2)=C1,-2.951
STQGDTJVPDFSBX-UHFFFAOYSA-N,CN1CCN(CC2=CC=CC(C3=CC(NCCCN4C=CN=C4)=C4C=CC=CC4=N3)=C2)CC1,-3.4
IFLRTIBATNZOEH-UHFFFAOYSA-N,CC1=CC=C(N2N=C(C3(C)CC3)C=C2NC(=O)NC2=CC=C(OC3=CC=NC4=C3N=CC(=O)N4)C3=CC=CC=C23)C=C1,-8.501
GGFZPVUMYNJORJ-RMKNXTFCSA-N,C=CCOC1=CC=C(C(=O)/C=C/C2=CC(OC)=C(OC)C(OC)=C2)C(O)=C1,-5.46
BANDIVBQLBQKTO-OOJXKGFFSA-N,CSC1=NC2=C(SN=C2)N1[C@@H]1O[C@H](CO)[C@@H](O)[C@@H]1O,-1.545
KNKHANHDPGAJSA-UHFFFAOYSA-N,CC1=NN(C)C2=C1N=C(C)N1C=C(CC3=CC=CC=C3)N=C21,-4.051
DJZFPJUVKBHFEB-UHFFFAOYSA-N,CC1=CC=C2N=C(NC(=O)CCCCN3CCN(C4=CC=C(Cl)C=C4)CC3)SC2=C1,-5.848
LWHIOWBZHDFICQ-JVCXMKTPSA-N,O=C1/C(=C\C2=CC=CN2CCCCCCN2C3=CC=CC=C3C(=O)C3=CC=CC=C23)C2=CC=CC=C2N1C1=C(Cl)C=CC=C1Cl,-8.679
ZDKMGEAVPHLHAU-UHFFFAOYSA-N,CCCCCCCCCCCCCCCCCCNC(=O)OCC(COC(=O)N(CC1CCC[N+]1(C)CC)C(C)=O)OC.[I-],-1.947
FMZRVAWPQMDTNK-UHFFFAOYSA-N,OC1=CC=C(C2=CC=C(F)C=C2F)C=C1C1=NNC(=S)N1C1=CC=CC=C1,-7.078
MYHADYIDHTWANE-UHFFFAOYSA-N,COC1CCC2(CC1)CC1=CC=C(C3=CC=CC(C#N)=C3)C=C1C21N=C(N)N(C)O1,-6.187
GMJUGPZVHVVVCG-UHFFFAOYSA-N,CC(=O)N(O)C1=CC=CC=C1,-1.086
SNQHXUXSDXWQKG-UHFFFAOYSA-N,CCCC(C)NC1=NC=C(C#CC2=CC=C(CC(C)NC(C)=O)C=C2)C=N1,-5.433
UCEMIGLIQIYVAH-JEEWRSNPSA-N,COC1=CC=CC2=C1C(=O)C1=C(O)C3=C(C(O)=C1C2=O)C[C@@](O)(C(C)=O)C[C@@H]3OC1CC(NC(C)=O)C(O)C(C)O1,-4.411
GTNKWTDFCSUTHM-UHFFFAOYSA-N,N=C(N)C1=CC=CC(COC2=CC=CC(C(=N)N)=C2)=C1,-2.469
NFJNDYWXSUDTHS-ROCBYOHGSA-N,CCN(C1=CC=CC=C1)S(=O)(=O)[C@H]1C[C@H]2O[C@@H]1C(C1=CC=C(OCCN3CCCCC3)C=C1)=C2C1=CC=C(O)C=C1,-6.422
LOVPMHIHFWTOMF-MFDNGWNGSA-N,CC(=O)N[C@@H](CC1=CC=C2C=CC=CC2=C1)C(=O)N(C)[C@@H](CC1=CC=CC=C1)C(=O)N(C)[C@@H](CC1=CC=CC=C1)C(=O)N(C)[C@@H](CC1=CC=CC=C1)C(N)=O,-5.688
AQGQIEMZZCPJGG-QZXDNJHYSA-N,CCC(=O)O[C@H]1CC[C@H]2[C@@H]3CCC4=CC(=O)CC[C@]4(C)[C@H]3CC[C@]12C.CCC1(C2=CC=C(N)C=C2)CCC(=O)NC1=O,-7.145
VVHQMLWERNTLCL-UHFFFAOYSA-N,COC1=CC=C(N2CCCC2)C(NC(=O)COC2=CC=CC=C2Cl)=C1,-5.387
WGIVTUOTGVLTQN-JTQLQIEISA-N,COC[C@@H]1CCCN1CC1=C(C(F)(F)F)N=C(NC2=C(Cl)C=C(Cl)C=C2Cl)S1,-6.671
KMBJZFPFFKGGEU-UHFFFAOYSA-N,OC1=CC=C2N=CC=C(NC3=CC=C(OCC4=CC=CC=C4)C=C3)C2=C1,-6.247
ONBNRNAPWUOESH-UHFFFAOYSA-N,OC1=NC2=CC=C(N3C=CN=C3)N=C2N=C1O,-2.752
IHEDUOBWVMZMIY-VZKILSJISA-N,C[C@@H]1NC(=O)[C@H](C)NC(=O)[C@@H](C)N(C)C(=O)[C@H](C)NC(=O)[C@H](C)N(C)C(=O)[C@H](C)NC1=O,-1.886
WSFYPJICJPIWOT-UHFFFAOYSA-N,CCC(NC1=NC=NC2=C1N=CN2)C1=NC2=CC=CC(C)=C2C(=O)N1C1=CC(F)=CC(F)=C1,-7.345
RYTDHVYYTOBADZ-OAHLLOKOSA-N,COC1=CC=C(C2=CC3=NC=CC=C3C(OC[C@H]3CNC(=O)C3(C)C)=N2)C=C1OC,-5.631
MVAYPHGEGDDSJN-UHFFFAOYSA-N,COC1=CC2=C(OC3=CC=C(NC(=O)C4=CN(C5=CC=CC=C5Cl)N=N4)C=C3F)C=CN=C2C=C1OCCCN1CCCCC1,-7.91
XLCHKSGXVNHTKZ-UHFFFAOYSA-N,O=C1NC(=O)C2=C1C(C1=C(Cl)C=CC=C1Cl)=CC1=C2C2=CC(O)=CC=C2N1CCCC(=O)N1C=CN=C1,-7.524
MGOFOQNKYHFDSR-UHFFFAOYSA-M,CCN1C(/C=C/C=C2/C3=CC=CC4=CC=CC(=C34)N2C)=[N+](CC)C2=CC3=CC=CC=C3C=C12.[Cl-],-2.092
FCUKYLPPXZWKMS-UHFFFAOYSA-N,O=C1NC2=CC=CC=C2C1(C1=CNC2=CC=C(Br)C=C12)C1=CNC2=CC=C(Br)C=C12,-8.006
QYJVJXAEEROTDH-UHFFFAOYSA-N,C1=CC=C2C(=C1)N=NN2CN1C=[N+](CN2N=NC3=CC=CC=C23)C2=CC=CC=C12,-4.144
NXGCDOOPOMZLGO-UHFFFAOYSA-N,CC(C)NC(=O)C(=O)NNC(=O)C12CC3CC(CC(C3)C1)C2,-3.186
IOJHRAOPMRKJKK-UHFFFAOYSA-N,CCCCC(=O)NC1=CC=C2C(=C1)N=C(CCN1CCOCC1)N2C,-2.792
XUQQXOZTTUIURE-OYBAPSEUSA-N,C/C(=N\N=C1\SCC(=O)N1C1=CC=CC=C1)C1=CC=C(Cl)C(Cl)=C1,-7.415
HZRJARBNGRXUJE-UHFFFAOYSA-N,COC1=CC(CNCCCN2CCN(CC(C3=CC=CC=C3)C3=CC=CC=C3)CC2)=CC(OC)=C1OC,-3.371
KFRBDJQRBDMBMK-ZPKFVELUSA-N,C[C@@H]1CC[C@H]2[C@@H](C)[C@H](NC(=O)CCC(=O)OCC3=CC=C4N=CN=C(NC5=CC=C(F)C(Cl)=C5)C4=C3)O[C@@H]3O[C@@]4(C)CC[C@@H]1[C@@]23OO4,-7.294
MEVILRZVFPPRAZ-UHFFFAOYSA-N,CC1=CC=CC2=C1NC(C1=CC=CC(C3=CC=CC(CNCCN4CCNCC4)=C3)=C1)=N2,-3.609
SRAAXKYMNRBGKA-UHFFFAOYSA-N,O=[N+]([O-])C1=CC=C2NN=C(C3=CC=CC(C(F)(F)F)=C3)C2=C1,-5.495
OTHIKKZLZJYTPI-UHFFFAOYSA-N,C1=CC=C2OC(C3=CC=C(OCCCN4CCN(C5=NSC6=CC=CC=C56)CC4)C=C3)=NC2=C1,-6.11
NRMOSMIHDJDDLR-YMBRHYMPSA-N,CN1CCN(C2=CC=C(C3=CC4=C(C(=O)N(C)C=N4)C(NC4CCCC[C@@H]4CO)=N3)C=C2)CC1,-3.579
NBGMIOBNSRVIGS-UHFFFAOYSA-N,O=C1C2=CC(O)=CC=C2C=C(C2=CC=C(O)C=C2)N1C1=CC=C(OCCN2CCCCC2)C=C1,-6.105
CSHSNUPIDIUETJ-UHFFFAOYSA-N,O=C(C1=CC=CC(C(F)(F)F)=C1)C1CCCN(C(=O)CN2C=NC=N2)C1,-3.509
YUOAZNVYAFPIDP-UHFFFAOYSA-N,CCOC1=C(N2CCN(CCCCNC(=O)C3=CC=C(NC(=O)C4=CC=C(Cl)C=C4)C=C3)CC2)C=CC2=CC=CC=C12.Cl,-5.727
UVJYAKBJSGRTHA-CUZKYEQNSA-N,C=C1C(=O)O[C@H]2[C@H]1CC[C@]1(C)O[C@@]13CC=C(C)[C@H]23,-2.921
UVEQLXUXABFFME-UHFFFAOYSA-N,CN(C)CC1=CC=CC=C1N/C(=N\C#N)N1CCN(C(=O)NC2=CC=C(Cl)C=C2)C(C2=CC=CC=C2)C1,-5.563
AFIUKPIKKLBRLF-UHFFFAOYSA-N,O=C(NC1=NN=C(SCC(=O)N2CCCC3=CC=CC=C23)S1)C1=CC=CC=C1,-6.214
FTLDCSOQTAHNBM-UHFFFAOYSA-N,CC1=NOC(CN2C(=O)C3=CC=CC=C3N(CC(=O)NC3=CC=C(C(C)C)C=C3)C2=O)=N1,-5.778
MZZZNHQEMKZNJS-IKYDMHQPSA-N,COC1=CC=CC=C1NC1=NC=NC2=C1N=CN2C1O[C@H](CO)[C@@H](O)[C@H]1O,-2.198
NCWXRZLEODZYTE-YKILCQELSA-N,CCCC[C@@H](C[C@@H](CCC1=CC=C(C2=CC=C(C3=CC=CC=C3)C=C2)C=C1)C(=O)N[C@H](C(=O)NC)C(C)(C)C)C(=O)O,-6.692
AKCJHCAIFNIUKD-UHFFFAOYSA-N,CCC1=NN=C(NC(=O)CSC2=NC3=C(C)C=CC=C3N2)S1,-4.865
WRCHTDQYXSMUBK-UHFFFAOYSA-N,COC1=CC(OC)=NC(NC(=S)NC(=O)C2=CC=CC=C2)=N1,-5.529
UWMYWRABQSOMCF-UHFFFAOYSA-N,CC1=CC2=CC(NC(=O)C3=CC=CC(S(=O)(=O)O)=C3)=CC=C2N1,-3.542
BJOSXRHCJGGFNY-DHNIJCFSSA-N,O=C1N=C(N2CCC[C@H]2C(=O)NC2=CC=C3N=CN=C(NC4=CC=CC(Cl)=C4)C3=C2)S/C1=C/C1=CC=CS1,-8.172
AONJQUAWYALAIL-UHFFFAOYSA-N,CC(C)(C)C1=CC=CC=C1NC1=C2C(=NC3=CC=CC=C13)C=CC=C2,-7.524
GPGUNVYMPJAUNT-NSHDSACASA-N,CCN1C(=O)C2=CC=CC3=C(S(=O)(=O)N4CC[C@H](N)C4)C=CC1=C23,-3.325
CYXPHNZJEDAZDD-UHFFFAOYSA-N,C1=CC=C(CCNC2=NC=NC3=C2C(C2=CC=CC=C2)=C(C2=CC=C(OCCN4CCCC4)C=C2)O3)C=C1,-6.389
OMAWGNJHHJSGDZ-LXYHUSIVSA-N,C[C@H]1OC(=O)/C=C/C(=O)[C@@H](OC(=O)CCC(=O)O)CCCCCCCC[C@@H]1O,-3.259
ODUBEYQKYAQFNS-UHFFFAOYSA-N,CC(O)CNC(=O)C1=CC=CC=C1SSC1=CC=CC=C1C(=O)NCC(C)O,-3.051
MSSVRMZTTHGMIT-NRFANRHFSA-N,COC1=CC=C(C2=NC(C(=O)N[C@@H](CC(C)C)C(=O)O)=CN2C2=CC=NC3=CC(Cl)=CC=C23)C(OC)=C1,-5.852
OGYJLIKSIYHXOE-UHFFFAOYSA-N,COC1=CC2=C(OC3=CC=C(NC(=O)C4=CC5=CC=CN=C5N(C5=CC=C(C(F)(F)F)C=C5Cl)C4=O)C=C3F)C=CN=C2C=C1OCCCN1CCCCC1,-8.586
WZZWPEJHQNCXFH-RDCVRMOHSA-N,C[C@@H]1CC[C@H]2[C@@H](C)[C@@H](OCCOC3=CC=CC(C(=O)/C=C/C4=CC=C(O)C=C4)=C3)O[C@@H]3O[C@@]4(C)CC[C@@H]1[C@@]23OO4,-6.592
HPYIZQVYHGPMDT-UHFFFAOYSA-N,CN1CCN(CC2=CC=C(C3=CC4=C(C5=CC=CC(N6N=CC7=CC(C8CC8)=CC=C7C6=O)=C5CO)N=CN=C4N3)C=C2)CC1,-5.757
VFAUJTTUDQVDCY-UHFFFAOYSA-N,CC1=CC(=O)C2=CC=C3C(=C2O1)C(=O)C1=C(OCCN(C)C)C=CC=C1C3=O,-4.822
NRUMCMSOKVFYJL-UHFFFAOYSA-N,Br.O=[N+]([O-])C1=CC(C(NCC2=CC=CC=C2)P(=O)(O)CC2=CC=CC=C2)=C2N=C(O)C(O)=NC2=C1,-4.055
ZKPUWBASAVMSDI-UHFFFAOYSA-N,CCC1=C(C2=CC=CC=C2)OC(C2=CC=C(O)C=C2)=C1C1=CC=C(OCCN2CCCCC2)C=C1,-6.736
UDBRLTKXJFXTTH-UHFFFAOYSA-N,COC1=CC2=NC=NC(OC3=CC=CC(NC(=O)NC4=NOC(C(C)(C)C)=C4)=C3)=C2C=C1OCCCN1CCOCC1.Cl,-5.246
JEDDEMYHWQZSLN-UHFFFAOYSA-N,O=C(O)C(CC1=CC=CC=C1)NS(=O)(=O)C1=CC=C(Cl)C=C1,-3.842
XXHXSMOZEJLAPV-UHFFFAOYSA-N,O=C(O)CC1=CN(C2=CC=CC=C2)N=C1C1=CC=C(C#CC2=CC=C(Cl)C=C2)C=C1,-7.128
FXBGWQBBFOHQAR-UHFFFAOYSA-N,CN(C)C1=NC=C2C(=N1)C1=CC=C(Cl)C=C1C(C1=CC=CC=C1F)=NC2,-6.472
DGAUYWMGGCJBPK-UHFFFAOYSA-N,CCOC1=CC(CNC2=CC=CC=N2)=CC=C1OC1=CC=NC2=CC(Cl)=CC=C12,-7.314
CFARINXNYHKOAS-UHFFFAOYSA-N,CC1=C(C(=O)N2CC(C3=NC4=CC=CC=C4N3)C2)SN=N1,-3.666
UXOVJSZDEICRBM-ZOMYCCNSSA-N,CO[C@H]1/C=C\C=C(/C)C(=O)NC2=CC3=NC(/N=C(\N)N4CCC4)=NC3=C(C[C@@H](C)C[C@H](OC)[C@H](O)[C@@H](C)/C=C(\C)[C@@H]1OC(N)=O)C2=O,-4.715
NZHCIBGJINLBQA-UHFFFAOYSA-N,CC1=CC=CC=C1OCC(=O)NC1=CC=CC2=NSN=C12,-5.031
GLUGUXLASIATPC-UHFFFAOYSA-N,CC1CCCC(N2CCN(S(=O)(=O)C3=CC=CC=C3)CC2)C1.O=C(O)C(=O)O,-2.58
SJGXIZJRNOMSAZ-RPBSMMDNSA-N,O=C1NC(=O)N([C@H]2C[C@H](O)[C@@H](CO)O2)C=C1CCCCC[18F],-1.955
WODXCEOADJHAKH-UHFFFAOYSA-N,O=C1C=CC(C2=NN=C(C3CCN(CC4=CC=C(C5=NC6=C(C(=O)NC=C6)C=C5C5=CC=CC=C5)C=C4)CC3)N2)=CN1,-7.378
YERHTZARWRDJEE-UHFFFAOYSA-N,COC1=CC(Cl)=CC=C1C1=CC=CC2=CC(S(=O)(=O)NC3=NN(CCN(C)C)C=C3)=CC=C12,-6.266
GAKVIUPIYZMQBR-UHFFFAOYSA-N,BrC1=CC=C(CC2=NC3=CC=CC=C3O2)C=C1,-4.772
HULIPYRTZHBHFC-UHFFFAOYSA-N,FC(F)(F)C1=CC=C(NC2=NC(NCC3=CC=CC=N3)=NC3=C2CCN(C2=NC=CC=C2C(F)(F)F)CC3)C=C1,-7.634
VWLAXRKXUAJELW-UHFFFAOYSA-N,CC1=CC(C)=C(S(=O)(=O)NCC2CCC(C(=O)NCC3=CC=C4C(=C3)OCO4)CC2)C(C)=C1,-5.3
FXWOMJWHQPKJAE-UHFFFAOYSA-N,CC1=CC=C(S(=O)(=O)N2C(=O)C(C3=CC=CC=C3)(C3=CC=CC=C3)C3=CC=CC=C23)C=C1,-6.964
SQNBRMRPJYPSFQ-UHFFFAOYSA-N,NC1=NC=C2C(C3=CN(C4CCNCC4)N=C3)=COC2=C1OCC1=C(Cl)C=CC(F)=C1Cl,-5.694
KLXLMLWCDCJXCC-UHFFFAOYSA-N,CC1CCN(C2=CC=C(NC3=NC=C4C5=CC=NC=C5N(C5CCCC5)C4=N3)N=N2)C1,-5.519
VWPOSFSPZNDTMJ-YUELXQCFSA-N,CC(C)(C)NC[C@@H](O)COC1=CC=CC2=C1C[C@H](O)[C@H](O)C2,-1.473
MJNIDQNCVPHZNY-UHFFFAOYSA-N,CC(C)C1OC2=CC=CC=C2N(CC(=O)N(CC2=CC=NC=C2)CC2=CC=CO2)C1=O,-4.327
GLTSCVBMRODKDO-BUHFOSPRSA-N,COC1=NC(NC(=O)C2(NC(=O)C3=CC=C4C(C5CCCC5)=C(C5=CC=C(F)C=N5)N(C)C4=C3)CCCC2)=CN=C1/C=C/C(=O)O,-7.263
USQYTSWMROVFKA-ZONNCAFXSA-N,CC1CCCCN1CCC/N=C1\C=C2N(C3=CC=C(Cl)C=C3)C3=CC=CC=C3N=C2C=C1NC1=CC=C(Cl)C=C1,-8.351
RSGLHEXDNYTUAD-GMAHTHKFSA-N,C=CC[C@@]1(CC)C(=O)N(C(=O)NCC2=CC=CC=C2)[C@H]1OC1=CC=C(C(=O)O)C=C1,-4.739
NNUTXINJOJHNTF-UHFFFAOYSA-N,CC1=NC2=C(C3=CC=CC=C3)C(C)=NN2C(NCCN2CCOCC2)=C1,-3.581
