inchikey,smiles
KZDIELOBSVXZCJ-UHFFFAOYSA-N,O=C1OC(C)(CCCC(=C)C)C2C(=O)CC3(C)C4C(=CCC123)C5(C)CCC(OC6OCC(OC7OC(CO)C(O)C(OC8OC(CO)C(O)C(OC)C8O)C7O)C(O)C6OC9OC(C)C(OC%10OCC(O)C(OC%11OC(CO)C(O)C(O)C%11O)C%10O)C(O)C9O)C(C)(C)C5CC4
JGTRUZSFUZQJBG-UHFFFAOYSA-N,O=C1C=2C(O)=CC=CC2C3C4C=5C=CC=C(O)C5C(=O)C(C4O)C3C1
QHBOJGGEJPZRLD-UHFFFAOYSA-N,O=C(O)CCC1(C)C(C(=C)C)CC=C(C)C1CCC2C(=C)CCC3C(C)(C)C(OCC4OC(O)C(NC(=O)C)C(O)C4O)CCC23C
LUXFFBSWZZSABV-UHFFFAOYSA-N,O=C(O)C1CCC(=C)C(CCCNC2=CC=C(C=3C=CC=C(C3)CC4=C5C=CC=CC5=CC6C4=CC78C(=CCC9(C)C(O)CCC6(C%10=C(C7)C%11(C)C%12CCCC%11(CC%10)C1C%12O)C89)CC(C)C)CN2)C%13CCCCC%13
DRGGNGHZTGEFMB-UHFFFAOYSA-N,ClC1=CC=C(C=C1)C(NNC=2C=CC=CC2)CC(=NNC=3C=CC=CC3)C4=CC(Br)=CC=C4O
FUMSTPYHLBODRT-UHFFFAOYSA-N,O=C(OC)C1N(C[C]2[C](C1)[NH2+][CH]N2C[C]3[CH][CH][C](OC)[CH][CH]3)CCC[C]4[CH][CH][CH][CH][CH]4
AREFYVKPYJWXLV-UHFFFAOYSA-N,BrC1CCC(=C)C2CC(CCC12C)C(O)(C)C
IFNJAYLLCOMDNC-UHFFFAOYSA-N,O=C1C=C2OC3=C(C(=O)C)C(O)=C(C(O)=C3C2(C(=O)C1=C(NC=4C=CC5=C(N=C(N5CCO)C(F)(F)F)C4)C)C)C
RBYRHDBWVSOLNG-UHFFFAOYSA-N,O=C(OC1CCC2(C)C(C1)C(Br)C(=O)C3C4CCC(C(C)CCC(=O)OCC)C4(C)C(OC(=O)C)CC32)C
PVZJZNWKDRDNDY-UHFFFAOYSA-N,O=C1OCC2OC(O)C(OC(=O)C3=CC(O)=C(O)C(OC=4C(O)=C(O)C(O)=C5C4C(=O)OC6C(OC(OC(=O)C7=CC(O)=C(O)C(O)=C7)C8OC(=O)C9=CC(O)=C(O)C(O)=C9C%10=C(O)C(O)=C(O)C=C%10C(=O)OC86)COC(=O)C%11=CC(O)=C(O)C(O)=C%115)=C3)C(O)C2OC(=O)C%12=CC(O)=C(O)C(O)=C%12C%13=C(O)C(O)=C(O)C=C1%13
TVVIOELGHGBQLO-UHFFFAOYSA-N,OC=1C=CC=CC1CCC2=CC(O)=C3C(OCC(=CC3)C)=C2
XALPPUVIMAFGQZ-UHFFFAOYSA-N,[O-][NH+](O)C1=CC=CC(=C1)C2=NOC(=N2)C3N(CC=4C=CC=C(OC(F)(F)F)C4)CC(O)C3
DWXSJAAPPYYVFJ-UHFFFAOYSA-N,OC1(CCC)CCC2C3CCC4CC5(OC5)C(C)CC4(C)C3CCC21C
KDRXYAZQGZWMOE-UHFFFAOYSA-N,OC1CC2C3(C)CCC(O)C(C)(C)C3CCC2(C)C4(C)CCC(C14)C(O)(C)CCCC(OCC)(C)C
HSEXXWKKLFURIM-UHFFFAOYSA-N,O=C1C=C2OC3=C(C(=O)C)C(O)=C(C(O)=C3C2(C(=O)C1=C(NCCN4C=5C=CC=CC5N=C4C(C)C)C)C)C
BXQYQCWJLODGHQ-UHFFFAOYSA-N,O=C1OC(C=2C=COC2CC(C(O)CO)C3CCC4C(C=CN5CNCC54)C3)C6(C)CC7CC89CC%10C=CC%119C(=O)OCC%12%13C(C(=O)C(O)C(C%14CCCC(CC=%15C=CC=CC%15)C%14)(C7%12)C%166OC1%16)C%17%18OC%11%13C(=CC%18C%19(C=CC%17)C=CC%20CCCCC%20C%19C)CC8C%10
CSOWTGYPOYWLDY-UHFFFAOYSA-N,OC1=CC=CC(=C1)CC2=CC(=CC=C2O)CCC3C#CC=4C5=C(NC6NC(OC)CCC46)N7C=C8C=C(C=C(C8=C7)COC9=C(O)C=C(C%10=C9C(CC(C)C)CC(C%10)C(O)CC(OC5)CCC3)CO)C%11%12C=%13C%14=CC=CC%13CC%15CCC%16CCCCC%16(OCC%11CC%14)C%15%12
ZTRMOPKTQWRGER-UHFFFAOYSA-N,O=C1C2=C3CCC4C(CCCC5CCCCC5C2CC(O)C6OC6(C)C7CCCC7C=8C=CC=C(N)C8)(CC9NCC(O)(C)CCCCC%10%11C(=O)C(C=%12C=C(O)C=C(C%12)CNC)C(C=CC%10)C4(C)C9%11)C3(C)C1
VFELUOCMRWUEOW-UHFFFAOYSA-N,O=C1C=2C=CC=CC2OC=3C=C(OCC(=O)C4=CC=C(Br)C=C4)C=C(O)C13
GHRAVCGFLPMBNV-UHFFFAOYSA-N,O=C(C=1C=CC=CC1)C=2OC=3C=CC(=CC3C2C)NC(=O)C4CCCCC4
JPSJAEKGWQQZLV-UHFFFAOYSA-N,O=C1C2=C3C(CN4C=C(C=5NC=C(C54)CCC2(C)CC(O)C6OC6(C)C)CC=7C=C(C=C(C7)C8(O)CCOCC8)C9CCCCC9CNC)C(O)C%10C(C)(CCC%11C%12(C(=O)C%13C=%14C=CNC%14C%15CCC%13(C%15)C%11%10C)CCCC(NC)C%12)C3(C)C1
CFGCTVYZBSWLKA-UHFFFAOYSA-N,O=C(OCC1OC(OC(=O)C2=CC(O)=C(O)C(O)=C2)C(OC(=O)C3=CC(O)=C(O)C(O)=C3)C(OC(=O)C4=CC(O)=C(O)C(O)=C4)C1OC(=O)C5=CC(O)=C(O)C(O)=C5C6C=7C(O)=C(O)C(O)=C8C7C(=O)OC6C(OC(=O)C9=CC(O)=C(O)C(O)=C98)C%10OC(=O)C%11=CC(O)=C(O)C(O)=C%11C%12=C(O)C(O)=C(O)C=C%12C(=O)OCC%10O)C%13=CC(O)=C(O)C(O)=C%13
PLOGIPJVPFDPKT-UHFFFAOYSA-N,O=C1C2=C3C(CN4C=C(C=5NC=C(C54)CCC2(C)CC(O)C6OC6(C)C)CC=7C=C8C(=C(C7)C9(O)CCOCC9)CCC%10CCCCC8%10)C(O)C%11C(C)(CCC%12C%13(C(=O)C%14C=%15C=CNC%15C%16CCC%14(C%16)C%12%11C)CCCC(NC)C%13)C3(C)C1
QKLBOXIFIITUPD-UHFFFAOYSA-N,O=C(OC)C1(CO)C2C(=CC)CN(C)C1CC=3C=4C=CC=CC4NC3C(C=5C=CC6=C(C5)NC=C6CCN)C2
DXKZNZIRTVCHBN-UHFFFAOYSA-N,O=C1OC2=CCC3(CCC(C3)C(NCC(O)C)C=4C=C(C=C(C4)CCNCC5=CC=CC(=C5)C=6C=CC(O)=CC6C7=C8C(=O)OC(=CC(CC=9C=CC=CC9)CC)C8%10CCC7C%11CCC2=C1C%11%10)CNC%12CCCCC%12)C%13CCNC(NC)C%13
QFLMCNVRCRLXMT-UHFFFAOYSA-N,O=C1OC(C=2C=COC2CC(C(O)CO)C3CCC4C(C=CN5CNCC54)C3)C6(C)CC7CC89C%10CC%11=CC%12C%13(OC%11%14C9(C=CC(C%10)C%158CCCC%15)C(=O)OCC%16%14C%13C(=O)C(O)C(C%17CCCC(CC=%18C=CC=CC%18)C%17)(C7%16)C%196OC1%19)C%20C=CC%21=CCC%22C%23CCCCC%23C=CC%12%22C%21C%20
QDVYEGQEKVWCSH-UHFFFAOYSA-N,O=C(OC=1C=C2OC(=CC(=O)C2=C(OCC)C1)C=3C=CC=CC3)N(C)C
LAAQDTGBDMDDMK-UHFFFAOYSA-N,O=C(OC1OC(CO)C(O)C(O)C1OC2OC(CO)C(O)C(O)C2O)C34CCC(C)C(O)(C)C4C5=CCC6C7(C)CC(O)C(O)C(C)(C)C7CCC6(C)C5(C)CC3
PPMKBMZMIZBLDL-UHFFFAOYSA-N,O=C1OC(C=2C=COC2CC(C(O)CO)C3CCC4C(C=CN5CNCC54)C3)C6(C)CC7CC89CCCC9CC%10=CC(C%11C=CC%12CCCCC%12C%11C)C%13(OC%10%14C8C(=O)OCC%15%14C%13C(=O)C(O)C(C)(C7%15)C%166OC1%16)C
AGSHKZHSGTVPDS-UHFFFAOYSA-N,OCC12C(=CC(C)(C)CC1)C3CCC4C5(C)CCC(O)C(C)(C)C5CCC4(C)C3(C)CC2
QKVLYKATVKEUOR-UHFFFAOYSA-N,O=C(OC1C(OC2=CC(=CC=C2OC)C34OC=5C=C(OC)C=C(OC)C5C4(O)C(O)CC3C=6C=CC=CC6)OC(C)C(O)C1OC)C
YYXWVWSTOYJJJP-UHFFFAOYSA-N,O=C1C=C2C(=CC=C1NC(C(=O)NC(C3=CC=C(OC)C(OC)=C3)C(C)C)C)C4=C(OC)C(OC)=C(OC)C=C4CCC2NC(=O)C
OQJDVTONDORMQG-UHFFFAOYSA-N,O=C(CC(O)C)C(C)CC1=C(OC)C(=C(O)C=C1C)C
VHOPGJHKSPGXIZ-UHFFFAOYSA-N,O=C1C(=O)C2(O)OC(C(OC)CC(C)CC(=CC(C(=O)CC(O)C(C)C(OC(=O)C3N1CCCC3)C(=CC4CCC(O)C(O)C4)C)CC=C)C)C(OC)CC2C
PLVFNMQHMRRBAA-UHFFFAOYSA-N,FC=1N=C(F)C(F)=C(N)C1F
YNESMRVRBKEIHA-UHFFFAOYSA-N,O=CC12CC34C5OC(CC6=CC=CC(=C6)CC7CCC(C7)C(C)C8CCC5C2(O)C(C8)C(O)C9(O)C1CCC%10%11CC%12(C#CC%13=CC=CC(=C%13CC(NC)C%14CC(CC9%10O)C%11C%15=CC(=O)OC%15%14)CO)CCC(CC=%16C=CC=CC%16)C%12)C%17CCC%184CCC(C=%19C=CC=CC%19)CC%18CC%173
YKZNLRPMGYSQJU-UHFFFAOYSA-N,O=C1OC(C)(CCCC(=C)C)C2C(=O)CC3(C)C4C(=CCC123)C5(C)CCC(OC6OCC(OC7OC(CO)C(OC8OC(CO)C(O)C(OC)C8O)C(O)C7O)C(O)C6OC9OC(C)C(OC%10OC(CO)C(O)C(OC%11OC(CO)C(O)C(OC)C%11O)C%10O)C(O)C9O)C(C)(C)C5CC4
QYBBZKGLWYOIPL-UHFFFAOYSA-N,O=C1OC2=CCC3(CC4CC(C#CCC(O)(C)CNC(C=5C=C(C=C(C5)CCNCC6=CC=CC(=C6)C=7C=CC(O)=CC7C8=C9C(=O)OC(=CC(CC=%10C=CC=CC%10)CC)C9%11CCC8C%12CCC2=C1C%12%11)CNCCC)C4C3)CO)C%13CCNC(NCCCC(C)C)C%13
GBZGOGIQXCJISH-UHFFFAOYSA-N,O=C1OC2=CCC3(CC(CC4=CC(=CC=C4CCCO)CCNCC5=CC=CC(=C5)C=6C=CC(O)=CC6C7=C8C(=O)OC(=CC(CC=9C=CC=CC9)CC)C8%10CCC7C%11CCC2=C1C%11%10)C(CCCO)C3)C%12CCNC(NC)C%12
QKQPATPXWFRSQO-UHFFFAOYSA-N,OCC1OC(OCC(C)CCC2(OC)OC3CC4C5CCC6CC(OC7OC(CO)C(OC8OC(CO)C(O)C(OC9OC(CO)C(O)C(O)C9O)C8OC%10OC(CO)C(O)C(OC%11OC(CO)C(O)C(O)C%11O)C%10O)C(O)C7O)C(O)CC6(C)C5CCC4(C)C3C2C)C(O)C(O)C1O
XJFHUTJCTVYBPI-UHFFFAOYSA-N,O=C(C=CC=1C=C(OC)C(OC)=C(OC)C1)N2C=3C=CC=CC3C(NC=4C=CC=CC4)CC2C
RCTKUXTUNFRIHB-UHFFFAOYSA-N,OC=1C=C(OCC(=C)C)C=CC1C=2N=C(N=CC2C3=CC=CC=C3OC)N
UCJVDELOXFIOCA-UHFFFAOYSA-N,O=C1C(OC2=CC(OCC=3C(Cl)=CC=CC3Cl)=CC=C12)=CC4=CC(OC)=C(OC)C=C4OC
CDNAQAUXZIWCIE-UHFFFAOYSA-N,O=C(OC1CC2=C(O)C=3C(=O)C=C(OC3C4=C2OC1(C)C5CC6=CNC(C=C6CCC5C7C8=C(N)NCC=C8C4C(C9=CC(O)=CC=C9CC7)CO)NCC)CO)C(=CC)C%10(O)CCC(C%11=CC=CC(=C%11)C%12(O)CCC%13(CCCC%13)C%12)C%10
YIHQVCLNFHNFBO-UHFFFAOYSA-N,O=C1OC(C=2C=COC2CC(C(O)CO)C3CCC4C(C=CN5CNCC54)C3)C6(C)CC7CC89C%10CC%11=CCC%12(OC%11%13C9(C=CC(C%10)C%148CCCC%14)C(=O)OCC%15%13C%12C(=O)C(O)C(C%16CCCC(CC=%17C=CC=CC%17)C%16)(C7%15)C%186OC1%18)C%19CCCCC%19
RLTGEHPNJVMPKI-UHFFFAOYSA-N,O=C1C(=O)C2(C)CCC(C2C3=C(Br)C(=CC(O)=C13)C)C(C)C
JZDFXSMOBHIZBC-UHFFFAOYSA-N,O=C(OC)C(=CCCC1=COC=C1)CCC=C2C(=O)OC(CC2)C(O)(C)C
KVIATPOXIBNAGK-UHFFFAOYSA-N,O=C1C(O)=C(C(=O)C(C=2OC(=CC2CCCC(=CCC3=C(O)C=C(C=C3O)C)C)C=C(C)C)=C1C)CC=C(C)CCC=C(C)CC(O)C=C(C)C
IPWHHFXGOKOKGN-UHFFFAOYSA-N,O=C(C1=NC=CN=C1)N2CCC(C3=NN=C(O3)C=4C=NC=CC4)C2
LROMRMAWAPMTDP-UHFFFAOYSA-N,O=C1C2=C3CCC4C5(C)CC6(C=7C=C(O)C=C(C7)CNC)C(=O)C8(C)CCCCC(O)(C)CNC(CC4(C(CO)C(CCCCC)CC9CCC(CO)CC9C2CC(O)C%10OC%10(C)C%11CCCC%11C=%12C=CC=C(N)C%12)C3(C1)CCC6)C85
LPLKITYJSHNVOP-UHFFFAOYSA-N,O=C1C2=C(C=3OC4(C5=CC=C6C(C5=CC(=O)C4(O)OC3C=C2C7(C)CCC8(C)C9CC(C(=O)C(O)C9(C)CCC8(C)C7C1)C)(C)CCC%10(C)C%11CC(C(=O)CC%11(C)CCC6%10C)C)C)C
UDLXXZFQOLACFZ-UHFFFAOYSA-N,O=C1C=2C=C(C(=C(O)C2C(=O)C3=C(OC4OC(CO)C(O)(CCC=5C=CN=C(N)C5)C(O)C4O)C=C(OC)C(=C13)CC)CNC(=N)NC)CCC6=CN=C(N)C=C6
RAZCTPDVCIYQFH-UHFFFAOYSA-N,O=C(NC1=CC=C(C=C1)C(=O)C)NCC2N3CCC(C2)C(CN4CCSCC4)C3
BKJCFTSEOMKHFF-UHFFFAOYSA-N,O=C(OC1CC(OC2C3CC4=CC=C(O)C(OC5CCCC6(NC(=NC(N7C=C8C=CNC8=C7)C6CNC)NCCCC=9C=C(N)NCC9)C5C#CC3CCC12)=C4)C%10=CC(O)=C(O)C(OCCC=%11C=NC=CC%11)=C%10)C
ROCQRTLTAPQWRP-UHFFFAOYSA-N,O=C(OC1CC2C(O)(CC=C3CC(OC4OC(C)C(OC5OC(C)C(OC6OC(C)C(OC7OC(C)C(O)C(OC)C7O)C(OC)C6)C(OC)C5)C(OC)C4)CCC32C)C8(O)CCC(O)(C(=O)C)C18C)C=CC=9C=CC=CC9
OXQGTIUCKGYOAA-UHFFFAOYSA-N,O=C(O)C(CC)CC
XNEKQJUEYCSCOA-UHFFFAOYSA-N,O=CC(NC1=CC=CN1)CC=2N=CNC2CC3=CC(C=CC(=O)N4C5=CC(OC6(O)OC(CO)C(O)C(O)C6O)=C(O)C=C5C(CC7(C=8C=CC=CC8)CCCC7N)C4C(=O)O)=CC=C3O
CDMZKHHAATULQG-UHFFFAOYSA-N,O=C1OCC(C2C#CCC3CC4(O)C5=C6NC(C(=O)CC(C7=CC=C(O)C=C7)CSSCC8C(O)C(O)CC(C9CCCCC9)(C8C6=O)C5C%10CCC(CN=C(N)N)C4(C%10)C3C(O)(C)C(O)CC(C(O)O)C%11CC=C%12CCC(C)CC%12C%11C2)CO)C1C=%13C=CNC%13
OAYVNKJYHMMEOO-UHFFFAOYSA-N,O=C1OCC23C4C(=O)C(O)C5(C6CCCC(CC=7C=CC=CC7)C6)C3C(CC8(C)C(OC(=O)C9OC985)C=%10C=COC%10CC(C(O)CO)C%11CCC%12C(C=CN%13CNCC%13%12)C%11)CC%14%15C(CC%16=CC(CC(C)C)C4(OC%162C1%14)C)CCC%17%15CCC%18(CCCC%18)C%17
QWRNICFBCFNFFN-UHFFFAOYSA-N,O=C1OC(C=2C=COC2CC(C(O)CO)C3CCC4C(C=CN5CNCC54)C3)C6(C)CC7CC89CCCC9CC%10=CC(C%11CCC%12CCCC%12C%11C)C%13(OC%10%14C8C(=O)OCC%15%14C%13C(=O)C(O)C(C)(C7%15)C%166OC1%16)C
CUGUCNNFFYVMDF-UHFFFAOYSA-N,OC1=CC=CC(=C1)CC2=CC(=CC=C2O)CCC3C#CC4=CC(N)NC5=C4COC(CCC3)CC(O)CCC6=CC=C(O)C(OCC7=CC(=CC8=CN5C=C87)C9%10C=%11C=CC=CC%11C%12CCC(OCC9)C%10C%12)=C6
MLQRAZJIOUZQQK-UHFFFAOYSA-N,O=C(OCCOC)C1=C(OC=2C=CC(OCC(=O)OC(C)(C)C)=CC21)C
TYUQMAUSJYPCQM-UHFFFAOYSA-N,O=C(OC1COC2C1OCC2NC(=O)NC3=CC=C(C=C3)C(=O)C)NC4=CC=C(OC)C=C4
CTVUVLBKFNAMSZ-UHFFFAOYSA-N,O=C1OC2=C(C=CC=3OC45CC=CC6(CC7C8=CC9=CC=C8C%10CC(C(=O)OC4C(OC(=O)CC%11CC(C=CC9%11)C%12=CC=CC%13=C%12CCC%14CCCC%15C=CC=%16C=CC(=CC%16C%13%15%14)CC%17=CC=C(C=C%17)C%18(CCCC%18)C%10C7)C32)=C(C)CO)C%19C=CC=%20C=CC=CC%20C%19CC56)C(=C1C(COC)CCO)CO
OCHWMXWUOZTUSN-UHFFFAOYSA-N,O=C(O)C1OC(OC2CCC3(C)C4CC=C5C6CC(C)(C)CCC6(C(=O)OC7OCC(O)C(O)C7OC8OC(C)C(O)C(O)C8O)CCC5(C)C4(C)CCC3C2(C)C)C(O)C(O)C1O
LXUOLXRAUIFAEF-UHFFFAOYSA-N,O=C(C=1C=CC=CC1)CC2=NC=3C=CC=CC3N=C2CC(=O)C=4C=CC=CC4
OUNWRJKZPYDMAI-UHFFFAOYSA-N,O=C1OCC23C4C(=O)C(O)C5(C)C3C(CC6(C)C(OC(=O)C7OC765)C=8C=COC8CC(C(O)CO)C9CCC%10C(C=CN%11CNCC%11%10)C9)CC%12%13C(CC%14=CC(CC(C)C)C4(OC%142C1%12)C)CCC%15%13CCCC%15
VRHJKNOYDGRORA-UHFFFAOYSA-N,O=C(OCC1OC(OCC(O)C(O)C(O)CO)C(O)C(O)C1O)C=CC2=CC=C(O)C(O)=C2
OXERJKWWIZWKLQ-UHFFFAOYSA-N,O=C1C2=C(CC(O)C3(O)C(O)C=4C(O)=CC=CC4C(=O)C23O)C(O)C(C)C1
YIVGQETVHMMZJZ-UHFFFAOYSA-N,O=C1OC(C=2C=COC2CC(C(O)CO)C3CCC4C(C=CN5CNCC54)C3)C6(C)CC7CC89C(CC%10=CC(CC(C)C%11CCCC%11)C%12(OC%10%13C8C(=O)OCC%14%13C%12C(=O)C(O)C(C%15CCCC(CC=%16C=CC=CC%16)C%15)(C7%14)C%176OC1%17)C)CCC%189CCCC%18
WDNXIMGXONMELZ-UHFFFAOYSA-N,O=C1OCC23C4C(=O)C(O)C5(C6CCCC(CC=7C=CC=CC7)C6)C3C(CC89CCCC9CC%10=CCC4(OC%102C18)C)CC%11(C)C(OC(=O)C%12OC%12%115)C=%13C=COC%13CC(C(O)CO)C%14CCC%15C(C=CN%16CNCC%16%15)C%14
DDVISXXJUZSWPZ-UHFFFAOYSA-N,O=C(OCC1C2=CC=C3C=4C(OC)=CC(O)=CC4CC56C3=C2OC1C7=C8C=CC9NC%10CCCC(CSSCC9OC8=C(O)C%11=C7C(C#CC=%12NC(N)C(=CC%12CC(CC5)C6)CC)C#CCC(COC)C(CO)CNC%11)C%10)C
RYTKQFYVSGDKJI-UHFFFAOYSA-N,O=C1OC(C)(CCCC(C)C)C2C(=O)CC3(C)C4C(=CCC123)C5(C)CCC(OC6OCC(OC7OC(CO)C(O)C(OC8OC(CO)C(O)C(O)C8O)C7O)C(O)C6OC9OC(C)C(OC%10OC(CO)C(O)C(OC%11OC(CO)C(O)C(OC)C%11O)C%10O)C(O)C9O)C(C)(C)C5CC4
SAYLBFNMBLIPBJ-UHFFFAOYSA-N,O=C(O)C1OC(COC2CCC3(C)C(CCC4(C)C3CC=C5C6CC(C)(C)CCC6(C(=O)OC7OC(CO)C(O)C(O)C7O)CCC54C)C2(C)C)C(OC8OC(CO)C(O)C(O)C8O)C(OC9OC(CO)C(O)C(O)C9O)C1O
FPYRYWTYVLYMNV-UHFFFAOYSA-N,O=C(OC1CC2=C(O)C=3C(=O)C=C(OC3C4=C2OC1(C)C5CC6=CNC(C=C6CCC5C7C8=C(N)NCC=C8C4C(C9=CC(O)=CC=C9CC7)CO)NCC)CO)C(=CC)C%10(O)CC%11C=%12C=CC=C%13C%12C(=CC%10C%11)C%14CCC(O)CC%14C%13O
YKRRILQABOVGOM-UHFFFAOYSA-N,O=C1OC2C3CC(O)CC4C5CC6=CC(=CNC6NCC5)CC(C)(CC=7C=CC=C8C(=O)C9(OC19C(=O)C87)CC(=C(C)CCC%10=CCNC=%11NC(NC)CCC%11%10)CO)CCCCC%12CC=CC%13=CC(NCC)(CC34)C2CC%13%12
RRAWWQCBVFWXMV-UHFFFAOYSA-N,O=C(OC1=CC=C2C(=O)C(OC2=C1)=CC=3OC=CC3)C4=CC=C(Cl)C=C4
CDQSVJNQVDTHSI-UHFFFAOYSA-N,OC1C=C(C)C(O)(C=CC(=CC=CC(=CC=CC=C(C=CC=C(C)C2OC3(C(=C2)C(C)(C)CC(O)C3)C)C)C)C)C(C)(C)C1
CKJPHCOQTQMKRY-UHFFFAOYSA-N,O=C(OCC)CCC1=CC=2C=COC2C=3OCCNC4CCC(C)C5CSSCC6CC4(SSCC7(OC(OC31)C8(O)C(O)C7(O)CC9C=CC(O)C(CO)C98)C(O)CC5)CC%106CCC%11(CCCC%11)C%10O
LWPJIODYUMXZLI-UHFFFAOYSA-N,O=C1OC(C=2C=COC2CC(C(O)CO)C3CCC4C(C=CN5CNCC54)C3)C6(C)CC7CC89CCCC9CC%10=CC%11C%12(C=CCC%13%11OC%10%14C8C(=O)OCC%15%14C%13C(=O)C(O)C(C%16CCCC(CC=%17C=CC=CC%17)C%16)(C7%15)C%186OC1%18)C=CC%19CCCCC%19C%12C
UXBFJWCMRVWBJY-UHFFFAOYSA-N,N=C(NC1CCCC(CCC=2C=CC=CC2)C1)NC3CSSCC4C(N)CC5CC(CCC=6OC(=CC6CO)CCC7=CC=C(O)C(OCC(O)C8=CC9=C(N8)C%10C=CC%11(CCCC%11C%12%10CCCC%12)C9CNCC(O)C)=C7)CCC%134C=CC(CC5%13)C3C
LNMKRKBQQWLMTG-UHFFFAOYSA-N,O=C(OCC=1C=COC1CC2C(=C)CCC3C(C)(C)CCCC23C)C
ASZBLJLYGDIJBS-UHFFFAOYSA-N,O=C1C2=CC=C(OCC(=O)N3CCN(C)CC3)C=C2OC=C1C=4C=CC(OC)=CC4
REPPNUPKOJKPSP-UHFFFAOYSA-N,O=CCC1CC(C(=O)C=CC=CCC(OC(=O)CC(O)C(OC)C1OC2OC(C)C(OC3OC(C)C(OC(=O)C(C)C)C(O)(C)C3)C(N(C)C)C2O)C)C
BVVXKQVJVHFVBC-UHFFFAOYSA-N,O=C1OC(CC2=CC=C(O)C(OC)=C12)CCCC(O)C
CVIVANCKIBYAOP-UHFFFAOYSA-N,O=C1C2=C(OC=C2C)CC(=CCCC3(OC13)C)C
NRUKNRPYMNPMRU-UHFFFAOYSA-N,O=C(O)C1NNCC(O)C1
UDCXFIPWJOFKAV-UHFFFAOYSA-N,O=C1NC(C(=O)N1CC2=CC=C(OC)C=C2)CCC(=O)NCCC=3N=CNC3
HMMGMWAXVFQUOA-UHFFFAOYSA-N,O1[Si](O[Si](O[Si](O[Si]1(C)C)(C)C)(C)C)(C)C
AGPOSQPFCKIKOB-UHFFFAOYSA-N,O=C(CCC1=C(O)C=C2OC#CC3(CCCC3)C4C#CC(O)C5=CC=C6C7=C5C8C9=CNC%10=CN(C=C%109)C4OC2=C1CSSCC7(CNC6N)CC%118CCCC%11)C(CCCCC)C(O)C%12C=C%13CCC%14CCCCC%14C%13CC%12O
WLBPINGUUUKFPB-UHFFFAOYSA-N,O=C(NC(=CC)C(=O)NC(C(=O)NC(C(=O)O)CC(C)C)CC(C)C)C(=CC)NC(=O)CCCCCCC
QOLZRNDRTACQKJ-UHFFFAOYSA-N,O=C(O)C1N=C(O)C2N=C(O)C(N=C(O)C3N=C(O)C4N=C(O)C(N=C(O)C(NC)C5=CC=C(O)C(OC6=CC(O)=C(Cl)C4=C6)=C5)C(O)C7=CC=C(OC=8C=C3C=C(OC9=C(Cl)C=C(C=C9Cl)C2O)C8OC%10OC(C(=O)O)C(O)C(O)C%10N=C(O)CCCCCCCCCCC)C(Cl)=C7)C%11=CC=C(O)C(=C%11)C%12=C(OC%13OC(CO)C(O)C(O)C%13O)C=C(O)C=C%121
GBYYEVSWHQRYFI-UHFFFAOYSA-N,O=C1C=2C=CC=CC2C(=O)C1=C3C=CC=4C=CC(O)=CC4N3
BMXNUTUYWQWEFA-UHFFFAOYSA-N,N#CC(OC1C(O)C(O)C(O)OC1CO)C=2C=CC=CC2
RRUZCAQZOZMEEB-UHFFFAOYSA-N,O=CCC1C#CC(CC2CC3(CC(O)=C4OC(=O)C5=C4CCC6C7C(C=8C=C(O)C=CC8C=9C=CC=C(C9)CNCCC%10=CC(=CC(=C%10)C(NCC1(O)C)C2C3)CNCCC)=C%11C(=O)OC(=CC(CC=%12C=CC=CC%12)CCO)C%11(CC7)C56)C%13CCNC(NC)C%13)C%14(O)CCCCC%14
DEBMTRRCNAXGIC-UHFFFAOYSA-N,O=C(O)CC1CCN(C(=O)C2CCCC2)CC1CCN3CCNCC3
MZGLFGZLQGCELA-UHFFFAOYSA-N,OC1CCC2(C3=CCC4(C)C(C3=CCC2C1)CCC4C(C)CCCC(C)C)C
XOTDQICKJVYJLO-UHFFFAOYSA-N,OC1CCC2(C)C1CCC3C4CCC(C(C=C(C)C(C)C(C)C)C)C4(C)CCC32
XTRKEFMNBBXYJG-UHFFFAOYSA-N,O=C(O)C1(OC(CO)C(O)C2OC(OC(CO)C(O)C3OC(OC4C(O)C(OC(CO)C4OC5OC(CO)C(O)C(OC6OC(CO)C(O)C(OC7(OC(C(O)C(O)CO)C(NC(=O)C)C(O)C7)C(=O)O)C6O)C5NC(=O)C)OC8C(O)C(O)C(OCC(NC(=O)CCCCCCCCCCCCCCCCCCCCCCC)C(O)C=CCCCCCCCCCCCCC)OC8CO)(C(=O)O)CC(O)C3NC(=O)C)(C(=O)O)CC(O)C2NC(=O)C)OC(C(O)C(O)CO)C(NC(=O)C)C(O)C1
MAZGNXBCXQXHEW-UHFFFAOYSA-N,O=C1OC(CC)C(C2C#CCC3CC4(O)C5=C6NC(C(=O)CC(C7=CC=C(O)C=C7)CSSCC8C(O)C(O)CC(C)(C5CCC4(CCN=C(N)N)C3C(O)(C)C(O)CC(C)C9C%10C=C%11CCC(C)CC%11C9C2CC%10)C8C6=O)CO)C1C=%12C=CNC%12
FWXVIRPYGIZLJY-UHFFFAOYSA-N,O1C(CCC2(C)CC3C(=C)CCC4OC4(C)CCC32)C1(C)C
SZYQWSMUBODLBB-UHFFFAOYSA-N,O=C1C2(CN3CC1(CN(C2)C3C=4C=CN=CC4)CC)CC
RGNAANQOKDULQD-UHFFFAOYSA-N,O=C(OCC12C3OC4CC(O)(O3)C2CC41OC5OC(COC=6C=CC=CC6)C(O)C(O)C5O)C=7C=CC=CC7
AJPYIHNNFGRZHL-UHFFFAOYSA-N,O=C1OC2=CCC3(CCC(C3)C(NCC(O)C)C=4C=C(C=C(C4)CCNCC5=CC=CC(=C5)C=6C=CC(O)=CC6C7=C8C(=O)OC(=CC(CC=9C=CC=CC9)CCO)C8%10CCC7C%11CCC2=C1C%11%10)CNCC(C)C)C%12CCNC(NC)C%12
LIHFUBIMEVIKHU-UHFFFAOYSA-N,O=CC12CC34C5OC(CC6=CC=CC(=C6)CC7CCC(C7)C(C)C8CCC5C2(O)C(C8)C(O)C9(O)C1CCC%10%11CCC#CC%12=CC=CC(=C%12CC(NC)C%13CC(CC9%10O)C%11C%14=CC(=O)OC%14%13)CO)CC4CC%15CC(C=%16C=CC=CC%16)CCC%153
LOOVNAROGQVITO-UHFFFAOYSA-N,O(C=1C=CC=2C(=CC=C3C(=CC(OC)=C(OC)C23)CCNC)C1OC)C
CROCRMKIAPZRJU-UHFFFAOYSA-N,O=C(OCC1C2=CC=C3C=4C(OCO)=CC(O)=CC4CC56C3=C2OC1C7=C8C=CC9NC%10CCCC(CSSC(CC=%11C=CC=CC%11)C9OC8=C(O)C%12=C7C%13C#CC=%14NC(N)C(=CC%14C(C(CC5)C6)C%15(C%16=CC=C%17C(=C%16)CC(C#C%13)C(COC)C(CO)C(NC%12)CCC%17)CCCCC%15)CC)C%10)C
AEFZQUUSMKVYDD-UHFFFAOYSA-N,O=C(OC1CC2=C(O)C=3C(=O)C=C(OC3C4=C2OC1(C)C5CC6=CNC7NC(C)CCC7=C6CCC5C8C9=C(N)NCC=C9C4C(C%10=CC(O)=CC=C%10CC8)CO)CO)C(=CC)C%11(O)CC%12C=%13C=CC=C%14C%13C(=CC%11C%12)CC(CCO)C%14O
ANUALJMESJHKJE-UHFFFAOYSA-N,O=C1OCC(C2C#CCC3CC4(O)C5=C6NCC(=O)CC(C7=CC=C(O)C=C7)CSSCC8C(O)C(O)CC(C9CCCC9)(C8C6=O)C5C%10CCC(CN=C(N)N)C4(C%10)C3C(O)(C)C(O)CC(C(O)O)C%11CC=C%12CCC(C)CC%12C%11C2)C1C=%13C=CNC%13
DDJOWZMGMPKRHV-UHFFFAOYSA-N,O=C(OC1CC2C(=COC(OC(=O)CCC(C)C)C2C31OC3)COC(=O)CC(C)C)C
ONRJGNLTRVJSEJ-UHFFFAOYSA-N,O=C1OC(C)(CCCC(C)C)C2CCC3(C)C4C(=CC(O)C123)C5(C)CCC(OC6OCC(OC7OC(CO)C(O)C(O)C7O)C(O)C6OC8OC(C)C(OC9OC(CO)C(O)C(OC%10OC(CO)C(O)C(OC)C%10O)C9O)C(O)C8O)C(C)(C)C5CC4
HUKGUKVPWNHCCI-UHFFFAOYSA-N,O=C(OC1CC2=C(O)C=3C(=O)C=C(OC3C4=C2OC1(C)C5CC6=CNC7NC(C=CC7=C6CCC5C8C9=C(N)NCC=C9C4C(C%10=CC(O)=CC=C%10CC%118CCCC%11)CO)C)CO)C(=CC)C%12(O)CC%13C=%14C=CC=C%15C%14C%16%17C(C=CC(CC(O)CC(C)C%18CCCCC%18)(C%16)C%15O)=CC%13C%12C%17
CIHHOVMPTDNLJI-UHFFFAOYSA-N,O=C1OC2CC=3C=C4C(OC(=O)CC4C#CC(C=5C=C(C=C(C5)CO)NCC(O)(C)CCOC)CC1=CC(O)CC6=CC=CC(=C6)CC7C(=O)CC8CCC9C%10CCCCC%10C2(O)C8C79)=C(C3O)C%11CCCCC%11
MYUIPVRRFUXAMO-UHFFFAOYSA-N,O=C1CC(C2=CC(OC)=C(O)C=C2CO)C(C#CC3C4NC56CCC7(O)C1C8C=CC9(C#CC4)C%10=C8C=C%11C=%12C=%13C(=CCC%13C%14CCCCC%11%14C%15=CC%16=CC(C5)C%17%18C(=CC%19CCCC%19(C%17)C%20C%21=CC(O)=C(O)C=C%21C6(C%18C%20)C37)C%16CC%15O)C%22CCC%23(CCCC%23)C%22(C%12%10)CC9O)CC=%24C=CC=CC%24
FDZXTFDJMZVLGK-UHFFFAOYSA-N,O=C(OC1C(C)CC23OC13C=C4C(O)C(OC(=O)C(C)CC)C5C(C4(OC(=O)C)C(C2=O)C)C5(C)C)C
NEZSNYPOAQRZDV-UHFFFAOYSA-N,O=C(NC1C(=O)OC(C)CC(=O)N(O)CCCC(NC(=O)C)C(=O)OC(C)CC(=O)N(O)CCCC(NC(=O)C)C(=O)OC(C)CC(=O)N(O)CCC1)C
ZIJKHOKPKFKXNW-UHFFFAOYSA-N,O=C1OC(C=2C=COC2CC(C(O)CO)C3CCC4C(C=CN5CNCC54)C3)C6(C)CC7CC89CC%10(CCCC%10)CC9CC%11=CC%12C%13(OC%11%14C8C(=O)OCC%15%14C%13C(=O)C(O)C(C%16CCCC(CC=%17C=CC=CC%17)C%16)(C7%15)C%186OC1%18)CCCC%19%12C=CC%20CCCCC%20C%19C
GYEPDJGLTRFVJQ-UHFFFAOYSA-N,O=C1C=C2C3CC45C=CCC(O)(C6OC6C(C)C(C)C)C7CCC2(OCC4O)C75CCC=8C=C(O)C=C(C8)N9C(=O)C%10%11C(CSSC(O)C1%12CC(O)C(O)(CO)CC3%12C)CC%13C=CC(=CC%14CC%15C(O)(C=CC%16=CC%17CCCCC%18%17NC%16%15CC%19C=C%20C=CCOC%20CC%19%18)C%14%10C9)C%11(CO)C%13
SHPJEQBMSBAEBB-UHFFFAOYSA-N,OC1C2C=CC3CC(O)(CC2(C)C3)C4CC56CC(CCCC(C)CNC)CC6C7NC(CNC)CCC7CC145
DKZXTOPFCDDGGX-UHFFFAOYSA-N,N=1C=NC2=NC=NC3=NC=NC1N23
YEVQBJVJPQFPNE-UHFFFAOYSA-N,O=C1CCC2(C)C(CCC3(C)C2CCC4C5C(C)C(C)CCC5(C)CCC43C)C1(C)C
KXXJEDOBYWNPME-UHFFFAOYSA-N,N=1C=C(OC1CC)CCCC
PBJBSWFWFARFGV-UHFFFAOYSA-N,O=C(OC1OC(CO)C(O)C(O)C1O)C23CCC(C)C(O)(C)C3C4CCC5C6(C)CC(O)C(O)C(C)(CO)C6CCC5(C)C4(C)CC2
WEZKIKHPDIXTOZ-UHFFFAOYSA-N,O=C1OC2CC(=CC=CC(C)CCC2C1=C)COC(=O)C(C)C
GSODGMODDQYBSA-UHFFFAOYSA-N,O=CC(=C1C2C=CC(CCO)C1C3(CCC(C(=CC=CC(=C)C4CC=C(C)CNC(C)(CC=5C=CC=C(C5)C4)CCOC)CO)C3O)C(O)(CCNC)C2)C
WAPZZHWWZOUGPY-UHFFFAOYSA-N,O=C(C=1SC(=CC1)C=2SC(C#CC)=CC2)C3CCC45C=CC6C(C7C#CC8=C(C=C(O)C=9C=CC(NC89)C(O)(C)CC%10=CC=CC%11=C%10C(C%12=CN=CN%12)CC(CC%13(C=%14C=CC=CC%14)CCCCC%13)C%117)CC4NC(=N)NC%15CCCCC%15)C%16(CCCC%16CO)CC63C5
UHNHELGKNQMNGF-UHFFFAOYSA-N,O=C(O)CC(OC1OC(CO)C(O)C(O)C1NC(=O)C(N)CS)C(=O)O
QHKFXHYRWRVXOB-UHFFFAOYSA-N,O=CC(N)C1(C2CCCCC2)C3CCC(=C)C4CC(C)CC4C31
BHPVAPDLBIRJLN-UHFFFAOYSA-N,O=C1C(OC2=CC=C(C=C2)C(=O)N3CCN(C)CC3)=COC4=CC(OC)=CC=C41
GVLDOZDIEFWUJQ-UHFFFAOYSA-N,N1=CSC(=C1)C2=NC=3C=CC=CC3N2
ROUSJNZGMHNWOS-UHFFFAOYSA-N,O=C(OC1CC2=CCC3C(CCC4(C)C(CCC34)C(C)CCC(CC)C(C)C)C2(C)CC1)C=CC5=CC=C(O)C(OC)=C5
IQMNHBCIZYZHCZ-UHFFFAOYSA-N,O=C(OC1CC2=C(O)C=3C(=O)C=C(OC3C4=C2OC1(C)C5CC6=CNC7NC(C=CC7=C6CCC5C8C9=C(N)NCC=C9C4C(C%10=CC(O)=CC=C%10CC8)CO)C)CO)C(=CC)C%11(O)CCC%12(CCNCC%12)C%11
WFMXZXUXNFXMMZ-UHFFFAOYSA-N,O=C(OCC1C2=CC=C3C=4C(OC)=CC(O)=CC4CC56C3=C2OC1C7=C8C=CC9NC%10CCCC(CSSCC9OC8=C(O)C%11=C7C%12C#CC=%13NC(N)C=CC%13C(CC=%14C=CC=C(C%14)CC(C#C%12)C(COC)C(CO)CNC%11)C(CC5)C6)C%10)C
LQWCGMBGQCWKOO-UHFFFAOYSA-N,O=C(OCC1C2=CC=C3C=4C(OC)=CC(O)=CC4CC56C3=C2OC1C7=C8C=CC9NC%10CCCC(CSSCC9OC8=C(O)C%11=C7C%12C#CC=%13NC(N)C=CC%13C(CC%14=CC=CC(=C%14)C%15(CCCC%15)C(C#C%12)C(COC)C(CO)CNC%11)C(CC5)C6)C%10)C
RTTFWOLWRMFSKA-UHFFFAOYSA-N,N#CC(OCC)C=1C=CC=CC1
DCFOOKGXHAGITO-UHFFFAOYSA-N,O=C(OC1=CC(=CC(O)=C1O)C(=O)OC2COC(COC(=O)C3=CC(O)=C(O)C(O)=C3)C(O)C2O)C4=CC(O)=C(O)C(O)=C4
JQNRHUCIOVXOSD-UHFFFAOYSA-N,O=C1OC(C=2C=COC2CC(C(O)CO)C3CCC4C(C=CN5CNCC54)C3)C6(C)CC7CC89CCCC9CC%10=CC%11C%12(OC%10%13C8C(=O)OCC%14%13C%12C(=O)C(O)C(C%15CCCC(CC=%16C=CC=CC%16)C%15)(C7%14)C%176OC1%17)C%18C=CC%19=CCC%20C%21CCCCC%21C=CC%11%20C%19C%18
FXIFHXCDGCPALJ-UHFFFAOYSA-N,O=C(OC1COC2C1OCC2NC(=O)C=3SC=CC3)NC4=CC=C(OC=5C=CC=CC5)C=C4
IFMZHHVVPHOTMV-UHFFFAOYSA-N,O=C(O)C1=C(OC=2C=CC(OCC3=CC=C(Cl)C=C3)=CC21)C=4C=CC=CC4
AVDSWXSSYYNWGH-UHFFFAOYSA-N,O=C1OC2=CC(=CC(=C2C(=C1)C=3OC=4C=CC=CC4C3N)C)C
POBYEEZFXUAJIM-UHFFFAOYSA-N,O=C(OC)C1(C)C(O)CCC2(C)C3C(=CCC12)CC(C=C)(C)CC3
HSSSKZKUHOPHHU-UHFFFAOYSA-N,O=C(NC=1C=CC=CC1)NCC2OCC3=NC(=CN3C2)C=4C=CC=CC4
BVFVSOVOONXBEC-UHFFFAOYSA-N,O=C1C=2C=CC=C(O)C2OC=3C1=C(O)C=C(O)C3CCC(O)(C)C
MRJNASKQTHADNV-UHFFFAOYSA-N,O=C(OC1CC(OC2C3CC4=CC=C(O)C(OC5CCCC6(NC(=NC7N8C=C9NC=CC9=C8CCC76C(O)NC%10CCCCC%10)NCCCC=%11C=C(N)NCC%11)C5C#CC3CCC12)=C4)C%12=CC(O)=C(O)C(OCCC=%13C=NC=CC%13)=C%12)C
CHWCCVSKHCMVIW-UHFFFAOYSA-N,O=C1NC2(C=CC=3C=CC=CC3OCCCC)N(C=4C=CC=CC4C2(C)C)C1
ONRDINHQRIKCDK-UHFFFAOYSA-N,O=C1N=C(C=NN1C2OC(CO)C(O)C2O)NCC(=O)N
WUYYRWIYXBUPBS-UHFFFAOYSA-N,N#CC1=C(Cl)C(C(=O)N)=C(Cl)C(Cl)=C1O
LLJWDIYROGUZQL-UHFFFAOYSA-N,O=C(OCC1C2=CC=C3C=4C(OC)=CC(O)=CC4CC56C3=C2OC1C7=C8C=CC9NC%10CCCC(CSSCC9OC8=C(O)C(=C7CC#CC=%11NC(N)C=CC%11CC(CC5)C6)CNCCC%12(COC)CCCC%12)C%10)C
BXHZRBGWHLKVCC-UHFFFAOYSA-N,N=1C=CC(=NC1NC2COC3C2OCC3NCC4CC4)C=5C=CC(OC)=CC5
HQVNNIVKWHVGAD-UHFFFAOYSA-N,O=C1OC(=CC2(CC)CCCC2)C3=C1C4C(CC3)C5C6=C7C(=O)OC(=CCC(C(SSCNC8=CC(=CCN8)C6CN9C(=O)C=CC9=O)NCC(O)C%10CCCCC%10CC=%11N=CNC%11)C%12C%13C=CC%14C#CC(CO)CC(CO)CC(C%13)CC%14%12)C74CC5
QMYIBZVZPLSCPV-UHFFFAOYSA-N,O=C(O)C1(OC2C(O)C(OC(CO)C2O)OC3C(O)C(OC(OC4C(OC(OC5C(O)C(O)C(OCC(NC(=O)CCCCCCCCCCCCC)C(O)C=CCCCCCCCCCCCCC)OC5CO)C(O)C4OC6(OC(C(O)C(O)CO)C(NC(=O)C)C(O)C6)C(=O)O)CO)C3CC(=O)C)CO)OC(C(O)C(O)CO)C(NC(=O)C)C(O)C1
CPHCRRMMBQMAAE-UHFFFAOYSA-N,O=C(C=1C=CC=CC1F)N2CC3N(CCOC3)C4(C2)CN(C4)C5CCN(C)CC5
DRVCNTMPQYVCBK-UHFFFAOYSA-N,O=C(OC1CC2C3C(=CCC2C4(O)CCC(C(=O)C)C14)CC(OC5OC(C)C(OC6OC(C)C(OC7OC(C)C(O)C(OC)C7O)C(OC)C6)C(OC)C5)CC3)C(=CC)C
KNLJFYVIVVSUNJ-UHFFFAOYSA-N,OCC(=C)C1CCC(C=C)(C)C(C(=C)C)C1
MSXOYZHHAHMCNE-UHFFFAOYSA-N,O=C(OCC(OC(=O)CCCCCCCCCCCCCCC)COP(=O)(O)OC1C(O)C(O)C(OP(=O)(O)O)C(OP(=O)(O)O)C1O)CCCCCCC=CCC=CCC=CCC=CCC
AUQWYMCHCXUVHQ-UHFFFAOYSA-N,BrC=1C=CC=2N=C3N(CCC3)C(O)C2C1
RCCZQRQMBFFESQ-UHFFFAOYSA-N,O=C1CC(=O)C2C(=CC=3NC=CC3C2CC4C=CC=5C(O)=CC=CC5CC4)CNC=6NC=CC6CC7=CC=CC(=C7)CC8=CC(=CC(OC)=C8O)CC1
CUBWPEJFBBHBHB-UHFFFAOYSA-N,O=C(OC1CC(OC2C3CC4=CC=C(O)C(OC5CCC6CCC7CC8=C9C=CNC9=CN8C%10N=C(NCCCC=%11C=C(N)NCC%11)NC6(C5C#CC3CCC12)C%107C(O)NC)=C4)C%12=CC(O)=C(O)C(OCCC=%13C=NC=CC%13)=C%12)C
PNRSWDFCBRIMBT-UHFFFAOYSA-N,O=C(C=C(CO)C1CCC=CC1CO)CCC2=CC(OC3CCCC3)=C(O)C4=C2C#CCC5N=C(N)NC6(C=7C=CC=C(C7)CC8=CC(O)=CC(=C8)C9C%10=CC(C5)C(COC%11CCCCC%11)C4C%10CC(C)C9)CCCCC6
AWUHBUKNSPYYTJ-UHFFFAOYSA-N,O=C1CCC2(C3=CC=C4C5C(C)C(C)CCC5(C)CCC4(C)C3(C)CCC2C1(C)C)C
VVFGRJNUVDEPPB-UHFFFAOYSA-N,O=C(N)CN1C(=O)COC2CN(CC12)C3CCCCC3
YNHVZXATNGMVNC-UHFFFAOYSA-N,O=C1NC(C(=O)NC1CC2=CN=CN2)CC3=CNC=4C=CC=CC43
SPOYOCCBDWULRZ-UHFFFAOYSA-N,O=C1NC(=O)C(O)=C(N)N1
VDFGSWJGGJLPOR-UHFFFAOYSA-N,O=C(OC1CC2=C(O)C=3C(=O)C=C(OC3C4=C2OC1(C)C5CC6=CNC7NC(C=CC7=C6CCC5C8C9=C(N)NCC=C9C4C(C%10=CC(O)=CC=C%10CC%118CCCC%11)CO)C)CO)C(=CC)C%12(O)CC%13C=%14C=CC=C%15C%14C(CC(CC(O)CC(C)C%16CCCC%16)C%15O)CC%12C%13
DQWSZOUXDXDZGG-UHFFFAOYSA-N,O=S(=O)(N=C(N)N)C=1C=C(C=C(C1)C)C
HUZYIABAGFALTN-UHFFFAOYSA-N,O=C(O)C1OC(OC2=C(O)C=C(O)C=3C(=O)C(OS(=O)(=O)O)=C(OC23)C=4C=CC(O)=C(O)C4)C(O)C(O)C1O
FDOUCWQEJJYQMH-UHFFFAOYSA-N,O=C1C(=O)C(=CC=2C=CC3(C(=CC(=O)CC3(C)C)C12)C)C(C)C
XZMXBVCUHOWMGY-UHFFFAOYSA-N,O=C(NC1C2=C(C=3C(OC)=C(O)C(OC)=CC3CC1)C4C=C(OC)C(=O)C24)C
LKFROINAGXQJQQ-UHFFFAOYSA-N,O=C1OC2=C(C=CC(O)=C2CN3CCCC(C)C3)C=C1C4=CC(OC)=CC=C4OC
GINAYBXJSDMKOK-UHFFFAOYSA-N,O=C(OCC1C2=CC=C3C=4C(OCO)=CC(O)=CC4CC56C3=C2OC1C7=C8C=CC9NC%10CCCC(CSSCC9OC8=C(O)C%11=C7C(C#CC=%12NC(N)C=CC%12C(CCC=%13C=CC=CC%13)C(CC5)C6)C#CCC(COC)C(CO)CNC%11)C%10)C
MOWRWEFMFWAWSD-UHFFFAOYSA-N,O=C(C=C(C1=CC(OCO)=C(O)C=C1CC2=CN=C(N)C=C2CCC=3C=CC=C(C3)CCC=4C=CC=CC4)CO)CC(=O)CCCC5(CCC(NCC(O)C)C5)CC6C7NCC=CC7CC8CNCCC86
YBOUMWDQINSHIS-UHFFFAOYSA-N,O=C(OC1C(O)C(O)COC1OC2CCC34CC54CCC6(C)C(C(O)CC6(C)C5CC(OC7OC(C)C(O)C(O)C7O)C3C2(C)C)C8(OC(CC8)C(O)(C)C)C)C
DULQEYDTWZSFSG-UHFFFAOYSA-N,O=C(O)C(CCCCCC1C=CC(CCCCC)CC1O)C(O)CC(CNC)C2(O)CC(CC=3C=CN=C(N)C3)CC2CC4=NC(C=5C=C(O)C=C(O)C5)=C([CH-]4)C=6C=CC=CC6
HNAWRIBKJUWGPW-UHFFFAOYSA-N,O=C(NC(C)C)N1CCC(CC(=O)OCC)C(C1)CCN2CCCC2C(=O)N
BHQWKANRVJXSTD-UHFFFAOYSA-N,O=C(OC1CC2=C(O)C=3C(=O)C=C(OC3C4=C2OC1(C)C(CC=5C=CC(NC5)NCC)CC6C7=C(N)NCC=C7C4C(C8=CC(O)=CC=C8CC6)CO)CO)C(=CC)C9(O)CCCC9
BJZSXNYAEUEYQA-UHFFFAOYSA-N,OC1=CC=C(C=CC=2C=3C=CC=C(O)C3C(O)=C(O)C2CCC4=CC=C(C=C4)C5NC6C(CC7CCCC87CCC9%10CCCC%10C=CC(O)C9C68C=%11N=CNC%11)C%12(C5)CC%13NC(C%12)C(C=C%13CNCCC%14=CNC(=C%14)CC)C=%15C=CC=CC%15)C=C1O
SOCHDRSNZACSEQ-UHFFFAOYSA-N,OCC1OC(OC2C(O)C(O)C(OC2OC3CCC4(C)C5C=CC6=C7CC(C)(C)C(O)CC7(CO)CCC6(C)C5(C)CCC4C3(C)CO)C)C(O)C(OC8OC(CO)C(OC9OC(C)C(O)C(O)C9O)C(O)C8O)C1O
YTBJFANNHRNATB-UHFFFAOYSA-N,O=C1OC2=CC(=C3C(OC(=O)CC3C4=CC=C5OCOC5=C4)=C2C6=C1CCC6)C
SOPLTPIHSJXIFF-UHFFFAOYSA-N,O=C1C(=C2CCC3C(C)(CC4NCC(O)(C)CCCCC5(C(=O)C(C=6C=C(O)C=C(C6)CNC)CC3(C7CCCC7)C45)C)C2(C)C1)C8C(CCC9CCCCC89)C(O)C%10OC%10(C)C%11CCCC%11C=%12C=CC=C(N)C%12
DFWPVXMTMIVXFQ-UHFFFAOYSA-N,O=C1NC(C(=O)NC=2C=CC=CC12)CCC(=O)NCCC3=CNC=4C=CC(OC)=CC43
FECCSPZIEUDRSR-UHFFFAOYSA-N,O=CC1CCC(OC(=O)C=CC=2C=CC=CC2)C3C(C)(CCC4CCOC4OC)C(C)CC(OC5OC(CO)C(O)C(O)C5O)C13C
LBXOQMUGYVOHPE-UHFFFAOYSA-N,O=CC12CC34CCC5CC(C=6C=CC=C(C6)C(C=7C=CC=C(C7)CC8CCC9(C#CC%10=CC=CC(=C%10CC(NC)C%11CC%12CC%13(O)C(O)(C(O)C%14CC%15C(C=CCC%15C%16CCCC%16)CC(C3O)C%141O)C2CCC%13(C9)C%12C%17=CC(=O)OC%17%11)CO)C8)CC)CCC54
SOWMUQMELJWVMW-UHFFFAOYSA-N,OCC(OC1OC(CO)C(O)C(O)C1O)C(O)C
JIVOKBFAJGADIY-UHFFFAOYSA-N,O=C1N2CC(C3=CC=C(OCCC)C(OCC)=C3)C=4C=5C=CC=CC5NC4C2(C(=O)N(C1)CCC=6C=CC=CC6F)C
PRQCNYXSSYLFKE-UHFFFAOYSA-N,O=C(CC(C)C)CC(O)(C)C1CCC2C3C(=CCC21C)C4(C)CCC(OS(=O)(=O)O)CC4C(OC5OC(C)C(O)C(OC6OC(C)C(OC7OC(C)C(O)C(O)C7OC8OC(C)C(O)C(O)C8O)C(O)C6OC9OC(C)C(O)C(O)C9O)C5O)C3
ZTSCGHFGGQONGE-UHFFFAOYSA-N,O=C1NC=2C=CC=CC2C=3OC(C)(C)C4C5OC=6N=C7C(OC)=C(OC)C=CC7=C(OC)C6C5C4C13
NFUCPLNQHDGFBD-UHFFFAOYSA-N,O=C1OC2C3CC(O)CC4CC(C=5C=CC=C(O)C5)C6=CC(=CNC6N)CC(C)(CC=7C=CC=C8C(=O)C9(OC19C(=O)C87)CC(=C(C)CCC%10=CCNC=%11NC(NC)CCC%10%11)CO)CCCCC%12CC=CC%13=CC(NCC%14CCCCC%14)(CC43)C2CC%13%12
GDHNBPHYVRHYCC-UHFFFAOYSA-N,O(C1=CC=C(C=C1)C=CC=2C=C(OC)C=C(OC)C2)C
LJBBFFVIZYGILA-UHFFFAOYSA-N,O=C1C2=CC(=CC=C2OC3CN(CC4=NC=CS4)CC3N1C)C(F)(F)F
VUTHTPRTMKNOPJ-UHFFFAOYSA-N,O=C1OC2=CCC3(CCC(CC=4C=CC=C(C4)CCNCC5=CC=CC(=C5)C=6C=CC(O)=CC6C7=C8C(=O)OC(=CC(CC=9C=CC=CC9)CC)C8%10CCC7C%11CCC2=C1C%11%10)C3)C%12CCNC(NC)C%12
KNMJLCQPUBMARM-UHFFFAOYSA-N,O=C(O)C1C(C)CCCC1(C)C
SYSUVSWAEOKAPR-UHFFFAOYSA-N,OCC1OC(OCC(C)CCC2(OC)OC3CC4C5CC=C6CC(OC7OC(CO)C(O)C(OC8OC(C)C(OC9OC(CO)C(O)C(O)C9O)C(O)C8O)C7OC%10OC(C)C(O)C(O)C%10O)CCC6(C)C5CCC4(C)C3C2C)C(O)C(O)C1O
AQDDTVLBYNWNDA-UHFFFAOYSA-N,O=CCC1C#CC(CC2CC3(CC=C4OC(=O)C5=C4CCC6C7C(C=8C=C(O)C=CC8C=9C=CC=C(C9)CNCCC%10=CC=CC(=C%10)C(NCC1(O)C)C2C3)=C%11C(=O)OC(=CC(CC=%12C=CC=CC%12)CC)C%11(CC7)C56)C%13CCNC(NC)C%13)C%14(O)CCCC%14
WFDUEFBJGKFAKH-UHFFFAOYSA-N,O=C(NC1CCN2C(=O)C(NC(=O)C2C1)CC3CCCCC3)C4=CC=C(SC)C=C4OC
ZEXDFJVZXGPVLO-UHFFFAOYSA-N,O=C1OC2(C=3C=CC=C(C13)CCCN)C4CC(C)(CC)CCC5=C6C=CCC7CC8=C9N%10CC%11CN(CC(C%11)C%10CC8)C(CC(O)=C%12OC(=O)C%134C5=C(CCC%122%13)C9C67)CC%14CCCCC%14
JXHBGFBFCVSITH-UHFFFAOYSA-N,O=C(O)C1C2C3(OC(=O)C2(C)C(O)C=C3)C4CCC5(C(=C)CC14C5)C
WIRSKEVYAYYJDP-UHFFFAOYSA-N,O=C1OC2=CC(O)=C3C(=O)C(=COC3=C2C(C4=CC=5C=C(OC)C=CC5N=C4N6CCOCC6)C1)C=7C=CC(Cl)=CC7
CWULDWOUVFORDH-UHFFFAOYSA-N,O=CC(C=1C=C(C=C(C1)C2(O)CCOC3(CCCCC3)C2)C4CCCCC4)C5=CN6C7=C5NC=C7CCC(C=8C(=O)CC9(C8C(C6)C(O)C%10C9(C)CCC%11C%12(C(=O)CC%13(CCC(O)C%13)C%11%10C)CCCC(NC)C%12)C)(C)CC(O)C%14OC%14(C)C
KJQLCOYWBFUGEH-UHFFFAOYSA-N,OC1CC23N(CCC4=CC=5OCOC5C=C4C2C1OC)CCC3
ZOIGFKNVOAAVEW-UHFFFAOYSA-N,OCC1OC(OC2C(O)C(OC3CCC4(C)C(CCC5C4CCC6(C)C5CC7OC8(OCC(C)CC8)C(C)C76)C3)OC(CO)C2O)C(OC9OCC(O)C(O)C9OC%10OC(CO)C(O)C(OC%11OCC(O)C(O)C%11O)C%10O)C(O)C1O
MJXAGNKOLXTEOJ-UHFFFAOYSA-N,O=C(OC1CC2=C(O)C=3C(=O)C=C(OC3C4=C2OC1(C)C5CC6=CNC7NC(C=CC7=C6CCC5C8C9=C(N)NCC=C9C4C(C%10=CC(O)=CC=C%10CC8)CO)C)CO)C(=CC)C%11(O)CC%12C=%13C=CC=C%14C%13C(CC%11C%12)CC%15(CCC%16CCCCC%16(O)C%15)C%14O
JLIKAODAEFIHSQ-UHFFFAOYSA-N,OCCCC1CCC23CC4(C5=CC(=C)C6C7(C=CC(C=CC12)C3C57C)C6(C)C)CCC(CC(CO)CC=8C=NCC8)C4
UTPLNLSLJVYFSJ-UHFFFAOYSA-N,O=C1OC2CC=3C=C4C(OC(=O)CC4C#CC(C=5C=C6C=C(C5)C(O)C7(C#CC8CCC9OC(CCC9C8)C(O)C(O)(C)CN6)CCC(CNC)C7)CC1=CC(O)C%10(C=%11C=CC=C(C%11)CC%12C(=O)CCC%13C%12CC%14CCCCC%14C2%13O)CCCCC%10)=C(C3O)C%15CCCCC%15
QJJSOPFVEVTLIO-UHFFFAOYSA-N,O=C(NC=1C=CC=2NC=CC2C1)CCN3C=CC=4C=CC(Br)=CC43
FNRSUKBPOJJNNE-UHFFFAOYSA-N,O=C1OC(C=2C=COC2CC(C(O)CO)C3CCC4C(C=CN5CNCC54)C3)C6(C)CC7CC89CCCC9CC%10=CC%11C%12(C=CCC%13%11OC%10%14C8C(=O)OCC%15%14C%13C(=O)C(O)C(C%16CCCC(CC=%17C=CC=CC%17)C%16)(C7%15)C%186OC1%18)C=CC%19CCCC%19C%12C
DWNDGEHIRFNJHS-UHFFFAOYSA-N,OCC1OC(OC2=CC=C(C=C2OC)C3OCC4C(OCC34)C5=CC(OC)=C(OC6OC(OC)C(O)C(O)C6O)C(OC)=C5)C(O)C(O)C1O
DMNOUXOIETXWKS-UHFFFAOYSA-N,O=C(O)C12C=C(CCCO)C(C2C3=CC(O)=C(OC4(O)OC(CO)C(O)C(O)C4O)C=C3N1C(=O)C=CC5=CC=C(O)C(=C5)C6C=7NC=NC7C(CNC8=CC=CN8)C(CO)C6)C9(C=%10C=CC=CC%10)CCCC9N
GLWRGCSLWSWZTJ-UHFFFAOYSA-N,O=C1OC(=O)C(=C1C)C(O)C(C)CC(C)C
FYQRZPQVILQRCQ-UHFFFAOYSA-N,OC(C)(C)C1C=C2C3N(C)CCC42C(OC=5C(OC)=CC=C(C54)C3)=C1OC
LOHIIONNJDKVBW-UHFFFAOYSA-N,O=C(OC1=CC=C2C(=O)C(C3=NC=4C=CC=CC4S3)=C(OC2=C1C)C(C)C)C=5SC=CC5
FQGQWJCNHUNBTI-UHFFFAOYSA-N,O=C(NC1COC(CN(CC)CC)C1O)CCCCC
CCLFCEDTWDCXKG-UHFFFAOYSA-N,O=C1C(=C2CC(C(=C)COC(=O)C(O)(C)CC)CCC(C)C2C1)C
PFNBTZIECYHRTC-UHFFFAOYSA-N,O=S(=O)(O)OC1CC=2C=C(O)C=C(O)C2OC1C3=CC(O)=C(O)C(O)=C3
UPZNPUZCOUOQTB-UHFFFAOYSA-N,O=C1OC(=CC2(CC)CCCC2)C3=C1C4C(CC3)C5C6=C7C(=O)OC(=CCC(C(SSCNC8=CC(=CCN8)C6CN9C(=O)C=CC9=O)NC%10CCC%11CCCC(CC=%12N=CNC%12)C%11C%10O)C%13CCC%14CC(CO)CC(C#CCC%13C%14)CO)C74CC5
KXPNDIVVAQWMSC-UHFFFAOYSA-N,O=C1OC2C(C1=C)C(OC(=O)C(C)C)CC(=C)C3CC4OC4(C)C23
AOUJXNNNXXXEKX-UHFFFAOYSA-N,O=C1SCC2NC(=O)C=3N=C(SC3OC4OC(C)C(OC5OC(C)C(OC6OC(C)C(O)C(OC)C6O)CC5)C(OC)C4OC)C(NC(=O)C=7N=C(SC7)C(NC(=O)C(NC(=O)C=8N=C(SC8)C=9C=C(O)C(=NC9C=%10N=C2SC%10)C%11=NC(=CS%11)C(=O)NC(=C)C(=O)N)C(O)C)=C(OC)C)C(O)CC(=O)OCC=%12C=CC=C%13NC1=C(C%13%12)COC
WGVQVFNAGYFBEO-UHFFFAOYSA-N,O=C(O)CNC(=O)C(NC(=O)C(NC(=O)C(NC(=O)C(NC(=O)C(NC(=O)C(NC(=O)C(N)CC=1C=CC=CC1)CC(C)C)C(C)C)CCSC)CC=2C=CC=CC2)CC(C)C)CO
LPTSCDLCMLGRNB-UHFFFAOYSA-N,O=C1OC(CC(C)C2CCC3C(=CC=C4CC(O)CCC4C)CCCC32C)CC1(O)C
CGHBGVXAUJZYFF-UHFFFAOYSA-N,O=C(O)C1=CC(=CC2=C1NC=3C=CC=CC3N2CC=C(C)C)C(=O)C=4C=CC=CC4
FFHWRBHSTIFOBB-UHFFFAOYSA-N,O=C(OC1CC2=C(O)C=3C(=O)C=C(OC3C4=C2OC1(C)C5CC6=CNC7NC(C=CC7=C6CCC5C8C9=C(N)NCC=C9C4C(C%10=CC(O)=CC=C%10CC8)CO)C)CO)C(=CC)C%11(O)CC%12C=%13C=CC=C%14C%13C%15(CCC%12C%11C%15)CC(CC(O)CC(C)C)C%14O
IQTHFAGREGPBNL-UHFFFAOYSA-N,OC1=CC=C(C=CC=2C=3C=CC=C(O)C3C(O)=C(O)C2CCC4=CC=C(C=C4)CNCC5(C6=NCN=C6)C7C(O)C=CC8CCC9C=CC(CC897)C%105CCCC%10)C=C1O
LHFLSIPWAUOODT-UHFFFAOYSA-N,OCC1OC(OC2C(O)C(OC(CO)C2O)OC3C(O)C(OC(OC4C(O)C(O)C(OC5CC6CCC7C(CCC8(C)C7CC9OC%10(OCC(C)CC%10)C(C)C98)C6(C)CC5O)OC4CO)C3OC%11OC(CO)C(O)C(O)C%11O)CO)C(O)C(O)C1O
DNQUWNXJJIVHRT-UHFFFAOYSA-N,O=C(OCC1C2=CC=C3C=4C(OC)=CC(O)=CC4CC56C3=C2OC1C7=C8C=CC9NC%10CCCC(CSSC(CC=%11C=CC=CC%11)C9OC8=C(O)C%12=C7C(C#CC=%13NC(N)C(=CC%13CC(CC5)C6)CC)C#CCC(COC)C(CO)CNC%12)C%10)C
GVIPVQXSLQJUHQ-UHFFFAOYSA-N,O=C(OCC1C2=CC=C3C=4C(OCO)=CC(O)=CC4C5CCC6=CC7(O)CCCCC87C=9C=CC=C(C9)CC%10C#CC%11C#CC=%12NC(N)C(=CC%12C8C6%13CCC5(C3=C2OC1C%14=C%15C=CC%16NC%17CCCC(CSSC(CC=%18C=CC=CC%18)C%16OC%15=C(O)C(=C%14%11)CNCC(CO)C%10COC)C%17)C%13)CC)C
CFWWBCJAJBSZLG-UHFFFAOYSA-N,O=C(OC1CCC2(OC2)C3C(OC(=O)C)C4(O)C(OC(=O)C4C)C(Cl)C(=C)C=CC(OC(=O)COC(=O)CC(C)C)C13C)C
RZUUNUSEMHKMBD-UHFFFAOYSA-N,O=C(O)CCC(=O)C(NC(=O)C)CC1=CC=C(C=C1)N(C)CC(=O)CC=2C=CC=CC2
XAZWWRNOYUVIGG-UHFFFAOYSA-N,O=C1OC2=CCC3(CC4CC(C#CCC(O)(C)CNC(C=5C=C(C=C(C5)CCNCC6=CC=CC(=C6)C=7C=CC(O)=CC7C8=C9C(=O)OC(=CC(CC=%10C=CC=CC%10)CCO)C9%11CCC8C%12CCC2=C1C%12%11)CNCCC)C4C3)C%13(O)CCCCC%13)C%14CCNC(NC)C%14
DEDAMYUZTARNNU-UHFFFAOYSA-N,O=C(OCC1C2=CC=C3C=4C(OC)=CC(O)=CC4CC56C3=C2OC1C7=C8C=CC9NC%10CCCC(CSSC(CC=%11C=CC=CC%11)C9OC8=C(O)C%12=C7C%13C#CC=%14NC(N)C=C%15C%14C(C(C=%16C=CC=C(C%16)CC(C#C%13)C(COC)C(CO)CNC%12)CC%15)C(CC5)C6)C%10)C
KUKCUROTFRBUNU-UHFFFAOYSA-N,O=C(O)C=1OC(C(=O)O)C(O)C(O)C1
APYPWKQCSUQQTA-UHFFFAOYSA-N,O=C1OC2=CC(=CC(=C2C(=C1)CP(=O)(O)O)C)C
HMZUFGKKTTZTIX-UHFFFAOYSA-N,O=C1OC2C(=C1C)C3C(C(=C)C(O)C2)C45OC5(CC(C)C4OC(=O)C(C)CC)C6OC63C
OIXWZJRIOBMAGK-UHFFFAOYSA-N,O=C1OCC23C4C(=O)C(O)C5(C6CCCCC6)C3C(CC78CCCC8CC9=CCC4(OC92C17)C%10CCCCC%10)CC%11(C)C(OC(=O)C%12OC%12%115)C=%13C=COC%13CC(C(O)CO)C%14CCC%15C(C=CN%16CNCC%16%15)C%14
CDJMGIPDLLPMDF-UHFFFAOYSA-N,O=C(NCC1OC(CO)C(O)C1N(C)CC=2C=CC=CC2)C3=CC=C(F)C(Cl)=C3
HJSPQVGDFJDQOW-UHFFFAOYSA-N,O=C1OC(C)(CCCC(=C)C)C2C(=O)CC3(C4=CCC5C(C)(C)C(OC6OCC(OC7OC(CO)C(O)C(OC8OC(CO)C(O)C(O)C8O)C7O)C(O)C6OC9OC(C)C(OC%10OCC(O)C(OC%11OC(CO)C(O)C(OC)C%11O)C%10O)C(O)C9O)CCC5(C)C4CCC123)C
NBCAKURIMWVVET-UHFFFAOYSA-N,O=C1OC2C3C=4C(OC2(C)CCSSCC5=C(N)NC(C=C5C6C=C(C=C(N)N6)CCC7OC17C8CCC3C(CNC)C8)CN9C=C%10C=CNC%10=C9)=CC=%11OC(=CC(=O)C%11C4O)C
YHACWGCIZNKEDU-UHFFFAOYSA-N,N#CC(C#N)=NNC=1C=C(C=C(C1)C)C
WTLAKJALNDNBRX-UHFFFAOYSA-N,O=C1OC2=C(O)CC3(CC4C(NCC(O)(C)CC#CC5C(CCC6CCCCC56O)C4C3)C=7C=C(C=C(C7)CCNCC8=CC=CC(=C8)C=9C=CC(O)=CC9C%10=C%11C(=O)OC(=CC(CC=%12C=CC=CC%12)CCO)C%11%13CCC%10C%14CCC2=C1C%14%13)CNCCC)C%15CCNC(NC)C%15
COVZIUXOQFAJNB-UHFFFAOYSA-N,O=C(OCC1OC(O)C(O)C(O)C1O)C2=CCC(CC2)C(O)(C)C
BPSJMBKZSUTYNF-UHFFFAOYSA-N,OC=1C(OC)=CC(OC2OC(COC3OCC(O)(CO)C3O)C(O)C(O)C2O)=CC1OC
ZDGJAHTZVHVLOT-UHFFFAOYSA-N,O=C(O)CCC(NCCCCC(N)C(=O)O)C(=O)O
LFIGTJHZZUEWTK-UHFFFAOYSA-N,OC1=CC=CC(=C1)CC2=CC(=CC=C2O)CCC3C#CC=4C5=C(NC(N)C4CNC)N6C=C7C=C(C=C(C7=C6)COC8=C(O)C=C(C9=C8C=CC(C9)C(O)CC(OC5)CCC3)CO)C%10%11C=%12C=CC=CC%12CCC%11C%13(OCC%10)CCCCC%13
LVZHZOVRJZRJOR-UHFFFAOYSA-N,OCC(O)CC=CC(O)CC=CC(O)CCCC(O)CCCC(O)CCCC(O)C(C)C(O)C(O)CC(O)CCC(=CC(O)C(O)C1OC(CC(O)C1O)C(O)CCC(=C)C(O)C(O)C2OC(C(O)C(O)C=CCCC=CC=CC=CCCC=CC=C)C(O)C(O)C2)C
HSVIPWLVWJLPPD-UHFFFAOYSA-N,O=C1OC(C=2C=COC2CC(C(O)CO)C3CCC4C(C=CN5CNCC54)C3)C6(C)CC7CC89C%10CC%11=CC(CC(C)C)C%12(OC%11%13C9(C=CC(C%10)C%148CCCC%14)C(=O)OCC%15%13C%12C(=O)C(O)C(C%16CCCC(CC=%17C=CC=CC%17)C%16)(C7%15)C%186OC1%18)C
KRFPTFLBQUGVOL-UHFFFAOYSA-N,C=1C=CC2=C(C1)C3=C4N2CC(C5=CC=C6NC7CCC8(CC)CCCN9CCC7(C6=C5)C98)C%10(CC)CCCN(CC3)C4%10
BZXINCMCFVKGKB-UHFFFAOYSA-N,O=C1OCCC2C1=COC(OC3OC(CO)C(O)C(O)C3OC(=O)C4=CC(O)=CC(O)=C4C5=CC=CC(O)=C5)C2C=C
CLRFQMBGERHMLI-UHFFFAOYSA-N,O=C(O)C(O)NC(=O)C(NC(=O)CCC(N)C(=O)O)CSC1C=2OC(=O)C3C(=C(CC=4C=CN=CC4)CC(C23)CCCCCC1)CCCO
RGVQYTFOJGDTOK-UHFFFAOYSA-N,O=C(OCC)C1=NN(C(=O)C1C(Cl)C2C(=O)N(N=C2C(=O)OCC)C=3C=CC=CC3)C=4C=CC=CC4
OEMZHRPIBDZSQI-UHFFFAOYSA-N,O=C1OC2(C=3C=COC3CC(C(O)CO)C4CCC5C(C=CN6CNCC65)C4)CC#CC7CCC(CC=8C=CC=CC8)CC7C9%10C(O)C(=O)C%11C%12%13OC%14%15C(=CC%12C%16%17C=CC%18CCCC%18C%17CC=C%19C=CC%13CC%19%16)CC%20CC%21C=CC%22%15C(=O)OCC%11%14C%10C(CC%20%22C%21)CC2(C)C%239OC1%23
BFZSUUCBGMUWLY-UHFFFAOYSA-N,O=C1OC2=CCC3(CC(CC=4C=CC=C(C4)CCNCC5=CC=CC(=C5)C=6C=CC(O)=CC6C7=C8C(=O)OC(=CC(CC=9C=CC=CC9)CC)C8%10CCC7C%11CCC2=C1C%11%10)C(CCC%12(O)CCCC%12)C3)C%13CCNC(NC)C%13
RBXCAMBJAPBEIL-UHFFFAOYSA-N,O=C(OCC1C2=CC=C3C=4C(OC)=CC(O)=CC4CC56C3=C2OC1C7=C8C=CC9NC%10CCCC(CSSC(CC=%11C=CC=CC%11)C9OC8=C(O)C%12=C7C%13C#CC=%14NC(N)C=CC%14C(CC%15=CC=CC(=C%15)C%16(CCCC%16)C(C#C%13)C(COC)C(CO)CNC%12)C(CC5)C6)C%10)C
OXNHAAYGVXMNGP-UHFFFAOYSA-N,O=CCC1C#CC(CC2CC3(CC=C4OC(=O)C5=C4CCC6C7C(C=8C=C(O)C=CC8C=9C=CC=C(C9)CNCCC%10=CC=CC(=C%10)C(NCC1(O)C)C2C3)=C%11C(=O)OC(=CC(CC=%12C=CC=CC%12)CC)C%11(CC7)C56)C%13CCNC(NC)C%13)C%14(O)CCCCC%14
NANSUBZHVFBRDC-UHFFFAOYSA-N,O=C1CCC2CC(CNC2C1)C3(CCCC3)CC4CCC5(C#CC(C6=CC(O)=C(OC)C=C6CCC5=O)CC(O)C(O)CC(C=7C=CC=8C=CC=CC8C7)C9=CC(=NC=C9CC)N)C(O)C4
PNEWEJZVASCCAJ-UHFFFAOYSA-N,O=C1C2=C3CCC4C5(C)CC(C=6C=C(O)C=C(C6)CNC)C(=O)C7(C)CCCCC(O)(C)CNC(CC4(C(CO)C(CCC(C)C)CC8CCC(CO)CC8C2CC(O)C9OC9(C)C%10CCCC%10C=%11C=CC=C(N)C%11)C3(C)C1)C75
YOQNYAMCQMZMHX-UHFFFAOYSA-N,O=C1C2=C3C(CN4C=C(C=5NC=C(C54)CCC2(C)CC(O)C6OC6(C)C)CC=7C=C(C=C(C7)C8CCOC9(CCCCC9)C8)C%10CCCCC%10)C(O)C%11C(C)(CCC%12C(C(=O)C%13C=%14C=CNC%14C%15CCC%13(C%15)C%12%11C)(C)CCNC)C3(C)C1
NEVCDDVKCSNJKV-UHFFFAOYSA-N,O=C1C=2C=C(C=CC2NC(=O)C3N1CCC(NC(=O)C4CCCC4)C3)C=5SC=CC5
ALNWFSSTDQDNOE-UHFFFAOYSA-N,O=C1OC2C3CC(O)CC4CCC5=CC(=CNC5N)CC(C)(CC=6C=CC=C7C(=O)C8(OC18C(=O)C76)CC=C(C)CC9(NC(=NCCC9)NC)C%10=CCNC=%11NC(NC)CCC%11%10)CCCCC%12CC=CC%13=CC(NCC%14CCCCC%14)(CC43)C2CC%13%12
WOWABSUZFYHFEO-UHFFFAOYSA-N,N#CCCN1CCN(C)CCCSCCSCCC1
AUQGWKSPMBKANY-UHFFFAOYSA-N,O=C1OC(NC(=O)NCC)C2=CC=C(OC)C(OC)=C12
WPCBXRKYKJHHMS-UHFFFAOYSA-N,O=C(O)CC1(C)C2CC=C3C1(C(=O)C2(C)C)CCC4(C)C5CCC(C(C)C)C5(C)CCC34C
HNJXIBZSTWZWSE-UHFFFAOYSA-N,O=C1OC2=CCC3(CCC(C3)C(NCC(O)C)C=4C=C(C=C(C4)CCNC5C=CC67CCC2=C1C6C89C(OC(=O)C9=C(C=%10C=C(O)C=CC%10C=%11C=CC=C5C%11)C7CC8)=CC(CC=%12C=CC=CC%12)CC)CNCCC)C%13CCNC(NC)C%13
PJPXFKMVVSXRLB-UHFFFAOYSA-N,O=C1NC(C(=O)NC=2C=CC=CC12)CC(=O)NC=3C=CN=CC3
FREXECGTBMCACQ-UHFFFAOYSA-N,O=C(OC)C=CC#CC#CC=CCOC(=O)C
HOBBEYSRFFJETF-UHFFFAOYSA-N,O=C(C)C1CC=C(C)CC1
YOUFJZFVVXHDCX-UHFFFAOYSA-N,O=C(OC1CC(OC(C1)C(CC2=CC=C(O)C(OC3CCCC4(NC(=NC5N6C=C7NC=CC7=C6CCC54)NCCCC=8C=C(N)NCC8)C3)=C2)CCCCC)C9=CC(O)=C(O)C(OCCC=%10C=NC=CC%10)=C9)C
WHHLGUJCCNPTCV-UHFFFAOYSA-N,O=C1OC2C3CC(O)C45CCCC5CC#CC(NC67C=C8C=CCC(CCCCC(C)(CC9=CNC(N)C(=C9)C(C=%10C=CC=C(O)C%10)CC4C3C6)CC=%11C=CC=C%12C(=O)C%13(OC1%13C(=O)C%12%11)CC(=C(C)CCC%14=CCNC=%15NC(NC)CCC%14%15)CO)C8CC27)C
XJYKKSWBSUUWAV-UHFFFAOYSA-N,O=C(OCC1OC(OC=2C(=O)C=3C(O)=CC(O)=CC3OC2C=4C=CC(O)=CC4)C(O)C(O)C1O)C5=CCC(CC5)C(O)(C)C
DHPUCRJALNWKKQ-UHFFFAOYSA-N,O=C1C2=CC(OC)=CC=C2OC3=C(OC)C(OC)=C(OC)C(OC)=C13
CVUVRUSISWCZTA-UHFFFAOYSA-N,O=C(NC1CC1)CC2OC3C(OC(CN(C)C)C3O)C2
JSCQSBGXKRTPHZ-UHFFFAOYSA-N,O=C(OC)C(=COC)C(=CC=CC=1C=CC=CC1)C
WWDGIHDLRWPZDO-UHFFFAOYSA-N,C(#CCCCCCCCCCCN)CCC=1C=NC=CC1
SHVCSCWHWMSGTE-UHFFFAOYSA-N,OC=1N=C(O)C=C(N1)C
HCVIJONZMYVLAW-UHFFFAOYSA-N,O=C(O)CCC(NC(=O)CC(C)C)C(=O)O
TZTJNQBLCDCAPS-UHFFFAOYSA-N,[CH2-][NH2+]C12C=C(CCC2(C)CCCC1C)C(C)C
WJBLPYZLDZYZIX-UHFFFAOYSA-N,N=C(NC1CCCC1)NC2CSSCC3C(N)CC4CC(CCC=5OC(=CC5CO)CCC6=CC=C(O)C(OCC(O)C7=CC8=C(N7)C9C=CC%10(CCCC%10C%119CCCC%11)C8C(NCC(O)C)CCCO)=C6)CCC3C4CCC2C
ORIIRKFDNAHAKD-UHFFFAOYSA-N,O=C1C(O)=C(OC=2C=C(O)C=C(O)C12)C=3C=C(O)C(O)=C(OC=4C=C(C=C(O)C4O)C=5OC=6C=C(O)C=C(O)C6C(=O)C5O)C3
HIVGZUXYLGTEAM-UHFFFAOYSA-N,O=C(OCC1C2=CC=C3C=4C(OC)=CC(O)=CC4CC56C3=C2OC1C7=C8C=CC9NC%10CCCC(CSSCC9OC8=C(O)C%11=C7C%12C#CC=%13NC(N)C=CC%13C(C(CC5)C6)C%14(C=%15C=CC=C(C%15)C%16(CCCC%16)C(C#C%12)C(COC)C(CO)CNC%11)CCCCC%14)C%10)C
XJEQMOOUZMOIDX-UHFFFAOYSA-N,O=C1C(=C2CCC3C4(C)CC5(C=6C=CC=C(O)C6)C(=O)C(C)(C)C4C(O)CC3(C)C2(C1)CCC5)C(C)CC(O)C7OC7(C)C8CCCC8C=9C=CC=C(N)C9
GSYILALIKPPEIQ-UHFFFAOYSA-N,O=C1C(=C2CCC3C4(C)CC5(C=6C=C(O)C=C(C6)CNC)C(=O)C7(C)CCCCC(O)(C)CNC(CC5)(CC3(C)C2(C)C1)C74)C8C(CCC9CCCCC89)C(O)C%10OC%10(C)C%11CCCC%11C=%12C=CC=C(N)C%12
XYKCUCATJZCKIH-UHFFFAOYSA-N,O=C1OC2(C=3C=COC3CC(C(O)CO)C4CCC5C(C=CN6CNCC65)C4)CC#CC7CCC(CC=8C=CC=CC8)CC7C9%10C(O)C(=O)C%11C%12%13OC%14%15C(=CC%12C%16%17C=CC%18CCCC%18C%17CC=C%19C=CC%13CC%19%16)CC%20CCCC%21%20CC(CC2(C)C%229OC1%22)C%10C%11%15COC(=O)C%14%21
BVSPXSLCUKWRNP-UHFFFAOYSA-N,OC=1C=C2C=C(OC2=CC1OC)C=3C=CC(OC)=CC3O
UVYNBPVVRIMZLF-UHFFFAOYSA-N,O=C(CCC1=CC=C(O)C(OCN)=C1)C2CC(CC3=CC=C(O)C=C3O)C4CC5C6=C(OC7(C=8C=CC=C(O)C8)CCCC7CCC(C)C)C(O)=C(O)C=C6C(C(C5)C9%10C=%11C=CC=CC%11C=%12NC=CC%12C9C%13(CCC(CCC%14(O)CCCC%14)C%13)CC%10)C4C2O
ZZICUUURZWIZKM-UHFFFAOYSA-N,O=C(N1N=C(C2=C1CC3C2C3(C)C)C)CC4=CC(OC)=C(OC)C(OC)=C4
UKVUKGPXYQABPT-UHFFFAOYSA-N,O=CC12CC34CC(CCC=5C=CC=CC5)CC4CC6OC3C7CCC(CC(CC8(O)C1CCC9%10CC%11(C#CC%12=CC=CC(=C%12CC(NC)C%13CC(CC89O)C%10C%14=CC(=O)OC%14%13)CO)CCCC%11)C72O)C(C)C%15CCC(CC=%16C=CC=C(C%16)C6)C%15
ZNIMVIXICBMOEU-UHFFFAOYSA-N,O=C(C=1SC(=CC1)C=2SC(C#CC)=CC2)C3CCC45C=CC6C(C7C#CC8=C(C=C(O)C=9C=CC(NC89)C(O)(C)CC%10=CC=CC%11=C%10C(C%12=CN=CN%12)CCC%117)CC4NC(=N)NC%13CCCCC%13)C%14(CCC(CNC)C%14CO)CC63C5
QYWGEDAIMDKLCZ-UHFFFAOYSA-N,O=C(OC(C)(C)C)NC(C(=O)O)CCCCNCC
UDOIWWHUYYPBCX-UHFFFAOYSA-N,O=C1C(=C2CCC3C(C)(CC4NCC(O)(C)CCCCC5(C(=O)C(C=6C=C(O)C=C(C6)CNC)CC3(C7CCCC7)C45)C)C2(C)C1)C(CC(O)C8OC8(C)C9CCCC9C=%10C=CC=C(N)C%10)C%11CCCCC%11
LIQOUDVIYLTBJV-UHFFFAOYSA-N,O=CC(C=1C=C(C=C(C1)C2(O)CCOCC2)C3CCCCC3)C4=CN5C6=C4NC=C6CCC(C=7C(=O)CC8(C7C(C5)C(O)C9C%10(C)CCC(=O)C(C)(CCNC)C%10CCC98C)C)(C)CC(O)C%11OC%11(C)C
SRFLFXCYODWCCY-UHFFFAOYSA-N,O=C(OC1C2OC(=O)CCC3C4C=CC56CC78C=C(C=CC2(O)C9OC1(O)C=CC9NCC(O)C)C(CC(C)C7C%10C=CC36C(C=CC5C4C)C%10O)C8)C(=CC%11=CC=C(O)C(OC)=C%11)CC%12C%13=CC(=CC=C%13CCC%12CO)CCO
LUKCLUMJLVKJTI-UHFFFAOYSA-N,O=C(OC)C1=CC2C(=C(C)CCC2C(C)C)CC1OC(=O)C
FMJRYCBPDIIEAZ-UHFFFAOYSA-N,O=C1OC23C(=O)NC(CC=4C=CC=CC4)C3C(C)C5(OC5C2C=CCC(O)(C(=O)C(C)CC1)C)C
HFYGRAPYDBAGHT-UHFFFAOYSA-N,O=C1C(NCC(O)C)=C2C3(O)CCC(C(O)(C)C4(O)CCCC(O)C5C4OC6CCC(CCC)CCC65)C3(CC7(O)C=CC8(C=CC27C9(CC(O)C(O)CC19)C8)C=%10C=CC(N)NC%10CCCO)C%11CCCCC%11
HVRWJPNEHHBGGY-UHFFFAOYSA-N,O=C1OC=2C=3C=CC=CC3C(=O)C2C=4C=CC=CC14
HWKCWIIFDARZFZ-UHFFFAOYSA-N,O=C(O)CC1=C(C(=O)CC1)CC=CC(OC)COC2OC(CO)C(O)C(O)C2O
RRCUGOXHKVXQMR-UHFFFAOYSA-N,O=C1OCC(=C1)C2CCC3(O)C4CCC5CC(OC6OC(CO)C(OC7OCC(O)C(O)C7OC8OC(CO)C(O)C(O)C8O)C(OC(=O)C)C6OC(=O)C)CCC5(C)C4C=CC23C
JTRPFLRWMDKEAG-UHFFFAOYSA-N,O=C1C=C(C(=O)C(=C1)CC=C(C)CC(OC(=O)C)C=C(C)CCC=C(C)C2OC(C)(C)C(O)C2)C
LKSFCUNIADOOTK-UHFFFAOYSA-N,O=C(O)CC1CCN(CC=2C=CC=CC2O)CC1CC3=NC=4C=CC(=CC4N3)C
XMYJMCJXUWUUNU-UHFFFAOYSA-N,O=C(OC=C1CC(OC(C)C)OC1CCC2C(=C)CCC3C(C)(C)CCCC23C)C
XOBBFYCKWQDXCY-UHFFFAOYSA-N,O=C1OC2(C=3C=COC3CC(C(O)CO)C4CCC5C(C=CN6CNCC65)C4)CC#CC7CCC(CC=8C=CC=CC8)CC7C9%10C(O)C(=O)C%11C%12%13OC%14%15C(=CC%12C%16%17C=CC%18CCCC%18C%17CC=C%19CCC%13CC%19%16)CC%20CC%21C=CC%22%15C(=O)OCC%11%14C%10C(CC%20%22C%21)CC2(C)C%239OC1%23
MFNYQSGHYYFXQM-UHFFFAOYSA-N,N=1N=C(OC1CC2C(=CC(CNCC3=NC=CC=C3)C(C2)C(C)C)C)C(C)(C)C
QNOXEINYPHZJBN-UHFFFAOYSA-N,OC(CCCCC)CC(O)CCCCCCCCCCCCCCCCCCCCCCC
HITWHALOZBMLHY-UHFFFAOYSA-N,N=1C=2C=CC=CC2NC1CCCC
NHHXDROLDZLFAJ-UHFFFAOYSA-N,O=C1OC2(C(OC)=C1C)C(=O)C(C)C3C4N(CCCC32O)C(CCC4)C(O)CC
XBSOPKBAWCWEBN-UHFFFAOYSA-N,O=C(OC1=CC(OC2OC(CO)C(O)C(O)C2OC3OC(C)C(O)C(O)C3O)=CC(OCCC(C)CO)=C1C(=O)C)CC4=CC=C(O)C=C4
WONCZZRXAVMZRG-UHFFFAOYSA-N,O=CC1=C(OC=2C(=C(OC3CCCCC3)C4=C(OC(C4)C(O)(C)C5CCNCC5)C2CO)C1=C6CCC(=O)C(C=7C=CC=8NC=CC8C7)C6)C(=O)OCC
CTRWBXOZUNMXCL-UHFFFAOYSA-N,O=C(OC1CCC(O)(C)C23OC(C)(C)C(C(=O)C(OC(=O)C=4C=CC=CC4)C12COC(=O)C)C3OC(=O)C)C=CC=5C=CC=CC5
JJXDMJDRSVKAOR-UHFFFAOYSA-N,O=C(OC1CCC2(C)C3CC=C4C5CC(C)(C)CCC5(C)CCC4(C)C3(C)CCC2C1(C)C)CCCCCCCCCCCCCCCCC
AQQDRPWZTYEQDK-UHFFFAOYSA-N,O=C1OC2=CCC3(CC(CCCO)C(C3)C(NCC(O)C)C4=CC(=CC=C4CCCO)CCNCC5=CC=CC(=C5)C=6C=CC(O)=CC6C7=C8C(=O)OC(=CC(CC=9C=CC=CC9)CC)C8%10CCC7C%11CCC2=C1C%11%10)C%12CCNC(NC)C%12
ACKXTYMEKJHJJG-UHFFFAOYSA-N,O=C1C2=C3C(CN4C=C(C=5NC=C(C54)CCC2(C)CC(O)C6OC6(C)C)CC=7C=C(C=C(C7)C8CCCCC8)C9CCOCC9)C(O)C%10C(C)(CCC%11C(C(=O)C%12C=%13C=CNC%13C%14CC%12(CC%14CNC)C%11%10C)(C)C%15CCCC%15)C3(C)C1
AETQKLIUKSESEY-UHFFFAOYSA-N,OC1CCC2(C(=C(C)CCC2C1(C)C)CCC3=COC=C3)C
NFHNAALGBZFXIK-UHFFFAOYSA-N,O=C(O)C=1C=CC=CC1C(=O)C=2C=C3C4=C(C2O)CCCN4CCC3
CRLBSUMNJCZNTL-UHFFFAOYSA-N,O=C(OC1(C)C(C=C2CSSC3CC4C(=O)C=CC5N(C(=O)CC6=C(C=C(N)NC6)C2C71OC8=CC=9OC(=O)C(=CC9C=C8C7)C%10(CCCCC%10)C(CO)CCC(O)CC=%11C=CC=CC%11)C3C5C4NC)CO)C(=CC)CCO
IQHIXONQELENSK-UHFFFAOYSA-N,O=C1C2=C3C4C(CC[C]5[CH][CH][CH][CH][CH]5)(CCC6CC(O)CC1C64C)CC7(C)C(CC(CC2)C37O)C8(OCCC(C)C8)C9OC9C(O)(C)C(C)(C)CC[C]%10[CH][CH][NH2+][C](N)[CH]%10
FXUZDRZGBNXNEY-UHFFFAOYSA-N,O=C(O)C(=CC1C=C(COC(=O)C)CCC1C(C)C)CO
PFVBQFQPXZYNQA-UHFFFAOYSA-N,O=C1OC(C=2C=COC2CC(C(O)CO)C3CCC4C(C=CN5CNCC54)C3)C6(C)CC7CC89CCCC9CC%10=CC%11C%12(OC%10%13C8C(=O)OCC%14%13C%12C(=O)C(O)C(C)(C7%14)C%156OC1%15)CCCC%16%11CCC%17CCCCC%17C%16C
UURLYCCSRIMOHH-UHFFFAOYSA-N,OCC1OC(OCC(C)CCC=2OC3CC4C5CCC6CC(OC7OC(CO)C(OC8OC(CO)C(O)C(O)C8OC9OC(CO)C(O)C(O)C9O)C(O)C7O)CCC6(C)C5CCC4(C)C3C2C)C(O)C(O)C1O
FDZYLGWJDWREOI-UHFFFAOYSA-N,O=C(O)C12CCC(C)(CO)CC2C3=CCC4C(C)(CCC5C(C)(CO)C(OC6OCC(O)C(O)C6O)C(O)C(CC7CC(=O)NC7CC=8N=CNC8)C45C9CCCCC9)C3(C)CC1
TWZNZLPMIFOBPA-UHFFFAOYSA-N,O=C1OC23C(O)=C1CC(C)CC(C)CCCC3(C=C(C)C(CC)C2)C
OVGKPRSKOPTIPZ-UHFFFAOYSA-N,O=C1C=C2C(C3=CC=4OC5(O)C(=O)C=C6C(=CC=C7C6(C)CCC8(C)C9CC(C(=O)C(O)C9(C)CCC78C)C)C5(OC4C(=C13)C)C)(C)CCC%10(C)C%11CC(C(=O)CC%11(C)CCC2%10C)C
XTNVYYVGYVTZFS-UHFFFAOYSA-N,O=C1OC=2C3=C1C4C(CC3CCC2C5(CC)CCCC5)C6C7=C8C(=O)OC(=CCC(C(SSCNC9=CC(=CCN9)C7CN%10C(=O)C=CC%10=O)NC%11CCC%12CCCCC%12C%11O)C%13CCC%14CC(CO)CC(C#CCC%13C%14)CO)C84CC6
UXRHXCAOOWVWAW-UHFFFAOYSA-N,O=C1OC2C(CCO)CCC3(C=C4C=CCC5C4C(CCC5CCCC(C)(CC=6C=CC(N)NC6)CC=7C=CC=C8C(=O)C9(OC19C(=O)C87)CC(=C(C)CCC%10=CCNC=%11NC(NC)CCC%11%10)CO)C23)NCC
XZDJLQPOYUSHRN-UHFFFAOYSA-N,O=C(NN1C=NN=C1)NC(CC)(C(F)(F)F)C(F)(F)F
CUVIKLNIJJAXLF-UHFFFAOYSA-N,O=C1C(C(=O)C2(C)C(C=CC3CC(C)CCC32)C)=C(O)C(N1C)C(O)C
IBEOQSSKLWJOMF-UHFFFAOYSA-N,O=C1C=C(OC=2C1=C(O)C=C(O)C2C(CC(=O)OC)C(C)C)C=3C=CC=CC3
XQZQLQWGNGEDMN-UHFFFAOYSA-N,O=C1OC2=CCC3(CC4CC(C#CCC(O)(C)CNC(C=5C=C(C=C(C5)CCNC6C=CC78CCC2=C1C7C9%10C(OC(=O)C%10=C(C=%11C=C(O)C=CC%11C=%12C=CC=C6C%12)C8CC9)=CC(CC=%13C=CC=CC%13)CC)CNCCC)C4C3)C%14(O)CCCCC%14)C%15CCNC(NC)C%15
NNNPVAYTYDQJFO-UHFFFAOYSA-N,O=C(O)C1N(C(=O)C(NC(=O)C2N3C(=O)C=4C=CC=CC4C3SC2(C)C)C)CCC1
IIJUXCHFDCTCAH-UHFFFAOYSA-N,O=C1C=C(OC=2C1=C(O)C=C(O)C2C(C3=CC=4C=CC=CC4NC3=O)CC(=O)N5CCN(C)CC5)C=6C=CC=CC6
PDTYPEPORBIWLJ-UHFFFAOYSA-N,O=C(OC(C)C)COC1=CC=C2C(OC=C(C2=O)C=3C=CC=CC3OC)=C1
LSQZKGHLXQDOOD-UHFFFAOYSA-N,O=C1OCC(=C1)CCC=C(C)CCC=C(C)CCC=C(COC2OC(CO)C(O)C(O)C2OC3OC(COC(=O)C)C(O)C(O)C3OC4OC(CO)C(O)C(O)C4O)CCC=C(C)C
FFNRZJMOPKJSEP-UHFFFAOYSA-N,O=CC1=CCC=C(C)CCC(C1C=O)C(C)CCC=C(C)C
LFDIXHMYXFFMFD-UHFFFAOYSA-N,O=C(OC1CC2C(CC=C3CC(O)CCC32C)C4(O)CCC(O)(C(=O)C)C14C)C=5C=CC=CC5
HGMKECQOUODVIX-UHFFFAOYSA-N,O=C1C2=C(OC)C=3OCOC3C(=C2CCN1C)S(=O)(=O)NCC4=CC=C5OCOC5=C4
MRVBXEAPIBCACK-UHFFFAOYSA-N,O=C(O)C1OC(OC2CCC3(C)C(CCC4(C)C3CC=C5C6CC(C)(C)CC(C(=O)OC7OC(CO)C(O)C(O)C7O)C6CCC54C)C2(C)C)C(OC8OCC(O)C(O)C8O)C(O)C1OC9OCC(O)C(O)C9O
OPKPFEWFKYKJCF-UHFFFAOYSA-N,O=C1C=2C=CC=CC2C(=O)C1=CC=3C=CC=CC3
RBENVNKHOIZJKQ-UHFFFAOYSA-N,O=C(OCC1C2=CC=C3C=4C(OCO)=CC(O)=CC4CC56C3=C2OC1C7=C8C=CC9NC%10CCCC(CSSC(CC=%11C=CC=CC%11)C9OC8=C(O)C%12=C7C%13C#CC=%14NC%15NCCC(C%15=CC%14C%16C(C=CC%17(O)CCCCC%16%17C=%18C=CC=C(C%18)CC(C#C%13)C(COC)C(CO)CNC%12)(CC5)C6)C)C%10)C
TWYWMWIHMJKUPX-UHFFFAOYSA-N,O=C1OC(C=2C=COC2CC(C(O)CO)C3CCC4C(C=CN5CNCC54)C3)C6(C)CC7CC89CCCC9CC%10=CC(CC(C)CCC)C%11(OC%10%12C8C(=O)OCC%13%12C%11C(=O)C(O)C(C%14CCCC(CC=%15C=CC=CC%15)C%14)(C7%13)C%166OC1%16)C
CQOWTZQLPMDZBF-UHFFFAOYSA-N,O=C(C=1SC(=CC1)C=2SC(C#CC)=CC2)C3CCC45C=CC6C(C7C#CC8=C(C=C(O)C=9C=CC(NC89)C(O)(C)CC%10=CC=CC%11=C%10C(C%12=CN=CN%12)CCC%117)CC4NC(=N)NC%13CCCCC%13)C%14(CCCC%14CO)CC63C5
UTTMVFMTWNLRGZ-UHFFFAOYSA-N,O=C(OC(CC(C)C)CC1(OC(=O)C23CCC4C(=CCC5C(C)(C)C(OC6OCC(OC7OC(CO)C(O)C(OC8OC(CO)C(O)C(OC)C8O)C7O)C(O)C6OC9OCC(OC%10OC(CO)C(O)C(OC%11OC(CO)C(O)C(OC)C%11O)C%10O)C(O)C9O)CCC45C)C3(C)CCC12)C)C
YNFXMDYOMYEYND-UHFFFAOYSA-N,O=C1C(=C2CCC(O)(C)C3(CC4CCCC5OCC#CCC(=CCC(O)C(=C)C=CC=C5C4C3O)C)C2CCC(O)CC6=CC=CC(=C6)CC(C(O)CNC7C(=O)NC(N)C=8C=CC=C(C87)C1)C(C9=CC=C(O)C=C9)CN=C(N)N)C
AHNAHPZPCKXEBX-UHFFFAOYSA-N,O=C(OCC1C2=CC=C3C=4C(OC)=CC(O)=CC4CC56C3=C2OC1C7=C8C=CC9NC%10CCCC(CSSC(CC=%11C=CC=CC%11)C9OC8=C(O)C%12=C7C%13C#CC=%14NC(N)C=CC%14C%15C(C=CC%16CCCCC%16%15C=%17C=CC=C(C%17)C%18(CCCC%18)C(C#C%13)C(COC)C(CO)CNC%12)(CC5)C6)C%10)C
CQFGSVOBTUWADP-UHFFFAOYSA-N,O=C(C=CC1=CC(OC)=C(O)C=C1CC2=CN=C(N)C=C2CCC=3C=CC=C(C3)CCC=4C=CC=CC4)CC(=O)CCCC5(CCC(NCC(O)C)C5)CC6C7NCC=CC7CC8CNCCC86
OXRNZMFIWMUANZ-UHFFFAOYSA-N,O=CC1=CNC=2C=C(C=CC12)CC=C(C)C
VHTHLZPHUOIBLH-UHFFFAOYSA-N,O=C(OC)C1C2C(=CC)CN(C)C1CC=3C=4C=CC=CC4NC3C(C5=CC=6NC7=C(C6C=C5OC)CCN8C(O)C9CC7(C(=O)OC)C8CC9CC)C2
RCIFTJNDFHIKHT-UHFFFAOYSA-N,O=CC=1C(=CC=CC1C2(O)CCCCC2)CC3=C(O)C=4C(=O)C5=C6C(=O)C4C(=C3OC7OC(C)C(O)C(O)C7O)CC#CC(N)CCC(O)CC8=CC=CC(C=CC6=C(OC(=O)C)C=C5CO)=C8
VADVOLSTRCVERX-UHFFFAOYSA-N,O=C(OCC1OC(SC=2C=CC=CC2)C(NC(=O)C)C(OC(=O)C)C1OC(=O)C)C
XLIOFFLNGANYEP-UHFFFAOYSA-N,O=C1C2(OC)C=C(CC=C)C(O)C1(OC)C(C3=CC(OC)=C4OCOC4=C3)C2C
KPOCSQCZXMATFR-UHFFFAOYSA-N,S1C=CC(=C1)CCCC
VCCSJCPZKYPORJ-UHFFFAOYSA-N,O=C(O)C12CCC(C)C(O)(C)C2C3=CCC4C5(C)CCC(O)C(=C)C5C(O)CC4(C)C3(C)CC1
ZYHYJVPQJXNZAK-UHFFFAOYSA-N,O=C1C(Cl)=COC2=CC(OC)=CC=C12
JDRBSYXWWIUQCB-UHFFFAOYSA-N,O(CC=C(C)CCCCCCCCCCCCC)CCCCCCCCC(C)CC(C)CCC(C)C
RAHNLNOOUJRUBH-UHFFFAOYSA-N,O=C1OC(C=2C=COC2CC(C(O)CO)C3CCC4C(C=CN5CNCC54)C3)C6(C)CC7CC89CCCC9CC%10=CC(CC(C)C%11CCCCC%11)C%12(OC%10%13C8C(=O)OCC%14%13C%12C(=O)C(O)C(C%15CCCC(CC=%16C=CC=CC%16)C%15)(C7%14)C%176OC1%17)C
UWSZKQJSJICAFV-UHFFFAOYSA-N,O=C1OC(CC)C(C2C#CCC3CC4(O)C5=C6NC(C(=O)CC(C7=CC=C(O)C=C7)CSSCC8C(O)C(O)CC(C)(C5CCC4(CCN=C(N)N)C3C(O)(C)C(O)CC(C)C9CC=C%10CCC(C)CC%10C9C2)C8(C6=O)CCCCC)CO)C1C=%11C=CNC%11
HBNODPHCQDQKDF-UHFFFAOYSA-N,O=C1OC2C3CC(O)C4(CCCC4)CC3CC5(C=C6C=CCC(CCCCC(C)(CC=7C=CC(N)NC7)CC=8C=CC=C9C(=O)C%10(OC1%10C(=O)C98)CC(=C(C)CC%11C%12=CCNC=%13NC(NC)CC(C%13%12)CC%11)CO)C6CC25)NCC
BHWPDZLUKSMVMU-UHFFFAOYSA-N,O=C1C=CC(=O)N1C2(CCCCC2)C3CC4C(CC5C=6C=CC=CC6C(C3)(C(CO)COC7=CC(=CC(OC)=C7O)C8COC=9C=C%10NC(O)C=%11C(OCNCC)=CC(OC)=C%12C%11C%10=C(C9C8O)CC%12)C4C5)C(CO)CCCO
PANVZJUEFKYYTD-UHFFFAOYSA-N,O=C1C=C(OC=2C=C3OC(C)(C)C4OC(=O)C5(OC5CCC=6C=C(N)NC(C6)C=7C=C(NCCCCC)NC(C7)CN8C=C9C=CNC9=C8)CCCC4C3=C(O)C12)C
BIHNZKYXOTXXSP-UHFFFAOYSA-N,O=C1OC(C)(CCCC(=C)C)C2C(=O)CC3(C)C4C(=CCC123)C5(C)CCC(OC6OCC(OC7OC(CO)C(O)C(OC8OC(CO)C(O)C(OC)C8O)C7O)C(O)C6OC9OC(C)C(OC%10OC(CO)C(O)C(OC%11OC(CO)C(O)C(OC)C%11O)C%10O)C(O)C9O)C(C)(C)C5CC4
HSGFCNFPJXZBFJ-UHFFFAOYSA-N,O=C1C=2C=CC=C(OC)C2N=C3N1CCC3(O)C=4C=CC=CC4N(C)C
AHZMLFPRFPKGFS-UHFFFAOYSA-N,O=C1OCC2C(C=C3C=CCC4C(C=CC2C34)CCCC(C)(CC=5C=CC(N)NC5)CC=6C=CC=C7C(=O)C8(OC18C(=O)C76)CC=C(C)CC9(NC(=NCCC9)NC)C=%10C=C(NCC%10)NCNC)NCC
WZJCJPWQKBHXTI-UHFFFAOYSA-N,O=CC12CC34C5OC(CC6=CC=CC(=C6)CC7CCC(C7)C8CC=CC9CC5C2(O)C(CC98)C(O)C%10(O)C1C%11(CCCC%11)CC%12%13CC%14(C#CC%15=CC=CC(=C%15CC(NC)C%16CC(CC%10%12O)C%13C%17=CC(=O)OC%17%16)CO)CCCC%14)CC4CC%18CC(C=%19C=CC=CC%19)CCC%183
NXUSNHVYBRWEFH-UHFFFAOYSA-N,O=C1OC(CC)C(C2C#CCC3CC4(O)C5=C(NC(C(=O)CCC6=CC=C(O)C=C6)CO)C(=O)C7CC(O)C(O)CC7(C)C5CCC4(CCN=C(N)N)C3C(O)(C)C(O)CC(C)C8CC=C9CCC(C)CC9C8C2)C1C=%10C=CNC%10
NKCISAZZXKYCSK-UHFFFAOYSA-N,O=C1OC2=C(C=C1)C=CC(OCC=C(C)CCC=C(C)C)=C2CC=C(C)C
NQYBLSMJHLCTDP-UHFFFAOYSA-N,N=1N=C(OC1C2=CN=CN2C)C3CN(CC3)CC4CCCCC4
KVKRTHRXHVCLRA-UHFFFAOYSA-N,O=C1OC(C2=COC=C2)CC13C(C)CC(O)C45COC(OC)C5CCCC34
WKJZIQIXVSYOPI-UHFFFAOYSA-N,O=C(OC1C(OC(C)C(OC2OC(C)C(O)C(OC(=O)C(C)CC)C2O)C1OC3OC(C)C(O)C(O)C3O)OC4C(OC5OC6C(OC(CCCCC)CCCCCCCCCC(=O)OC4C5O)OC(C)C(O)C6O)C)CCCCCCCCCCC
FLJCISDPSGXWGJ-UHFFFAOYSA-N,O=C(OC1CC2=CCC3C4CC=5ON=C(C5C4(C)CCC3C2(C)CC1)C)C
HWMLEMNRBIOEFM-UHFFFAOYSA-N,O1C=CC(=C1)CCC=C(C)CC=CC2(C=3OC=CC3CCC2)C
BMJMWYUCQYRGFK-UHFFFAOYSA-O,OC=1C=C(O)C=2C=C(OC3OCC(O)C(O)C3O)C([OH+]C2C1)C4=CC(O)=C(O)C(O)=C4
MDUIGXDVWYRFLK-UHFFFAOYSA-N,O=C1C=C(OC=2C1=C(O)C=C(O)C2C(C3=CC=C(O)C(OC)=C3)CC(=O)OC)C=4C=CC=CC4
QWRYBBZUENVOIJ-UHFFFAOYSA-N,FC(F)SC=1C=CC(=CC1)C2=CC=C(C=C2)C3CCC(CCCCC)CC3
UHTYQJHKMMQTPS-UHFFFAOYSA-N,O=C1OC2=C(C=CC(OCC3=CC(=CC=C3OC)[NH+]([O-])O)=C2C)C(=C1CC(=O)OC)C
RCEBTJQEAYASCW-UHFFFAOYSA-N,O=C(OC1CCC(C)C2(C)CC3=C(C(=O)OC3CC12O)C)C(=CC)C
RIVKDDXPCFBMOV-UHFFFAOYSA-N,OC1C=C(C)CCC=C(C)CCC(C=CC(O)(C)C1)C(C)C
WWKHCTOFYWAQII-UHFFFAOYSA-N,N=1C=CC(C2=NC=CC=3C4=CC=CC=C4NC23)=C5C=CC=CC15
QUQOFQHXHZVRJT-UHFFFAOYSA-N,O=C(O)C(CCCCCC1C=CC(CCCCC)CC1O)C(O)CCC2(O)CC(CC=3C=CN=C(N)C3)CC2CC4=NC=C[CH-]4
NIOPNRXIINFUMO-UHFFFAOYSA-N,O=C1OC23CC=4C=CC=CC4C1C(C=5C=CC=CC5)C3(OC(=O)C2(O)CC=6C=CC=CC6)CC=7C=CC=CC7
HZAOIVKKILWNCS-UHFFFAOYSA-N,O=C(OC1COC2C1OCC2NC3=NC=CC(=N3)C(C)(C)C)NC=4C=CC=CC4
YEMVXTRKRLRBNM-UHFFFAOYSA-N,O=C(OCC(=O)N(C)CC1=CC=C(C=C1)N(C)C)C2(C3=CC=C(F)C=C3)CCCC2
LDDJMFXNVSJXTN-UHFFFAOYSA-N,O=C1C=2C(OC)=C(OC)C=CC2C3=NC=CC=4C=5C=C(OCC(=O)C)C=CC5N1C34
XKEKFVWEVVIIDN-UHFFFAOYSA-N,O=C1C2=C3C(CN4C=C(C=5NC=C(C54)CCC2(C)CC(O)C6OC6(C)C)CC=7C=C(C=C(C7)C8(O)CCOCC8)C9CCCCC9CNC)C(O)C%10C(C)(CCC%11C(C(=O)C%12C=%13C=CNC%13C%14CCC%12(C%14)C%11%10C)(C)CCNC)C3(C)C1
ZCHJWSWVQSZALG-UHFFFAOYSA-N,O=C1OC(CC)C(C2C#CCC3CC4(O)C5=C6NC(C(=O)CC(C7=CC=C(O)C=C7)CSSCC8C(O)C(O)CC(C5CCC4(CCN=C(N)N)C3C(O)(C)C(O)CC(C)C9CC=C%10CCC(C)CC%10C9C2)(C8C6=O)C%11CCCC%11)CO)C1C=%12C=CNC%12
UMZXTLROWBYUHW-UHFFFAOYSA-N,O=C(O)C=1C=CC(=CC1)C=2OC(=CC2)C(C=3OC(=CC(=O)C3O)CN4CCN(C5=CC=C(OC)C=C5)CC4)CC(=O)OC
XLSMHHQDTOPZHN-UHFFFAOYSA-N,O=C(NCCC1NC(=O)C2N(C(=O)C(NC(=O)C(NC(=O)C(NC(=O)C(NC(=O)C(NC1=O)C(C)C)CO)CC(C)C)CCCCNC(=N)N)C(C)C)CC(OS(=O)(=O)O)C2)C3=CC=C(O)C=C3
WLZQKXJQTOONOM-UHFFFAOYSA-N,O=C1OC2(OC3CC4(C5=C6C(OC7=CC(=O)C(C)(C)C(CC5)C76C)CC4(C)C3C(C)C2)C)C=C1C
GXPHIUYLJYRQDY-UHFFFAOYSA-N,O=C(OC1CC2CC=3C=4C=CC=CC4NC3C2(C)C5(C)CCC67OC(C(=O)C=C6C15O)C(O7)(C)C)C(N(C)C)C(C)C
WWZRQVMMWYVRNE-UHFFFAOYSA-N,O=C1C=CC=C2N1CC3CN(C(=O)C=4C=CN5N=NN=C5C4)CC2C3
PIPPQHHGDIJTDH-UHFFFAOYSA-N,O=CC12C3C=4C5=CCC4CC6CCC3(C6)C(O)C7CCC(CC(C(O)C8(O)C1C5CC9%10CCC#CC%11=CC=CC(=C%11CC(NC)C%12CC(CC89O)C%10C%13=CC(=O)OC%13%12)CO)C72O)C(C)C%14CCCC%14
IDKNGDQQSUSMFL-UHFFFAOYSA-N,O=C1OC2=C(C=CC(OCC3=CC=C(Cl)C=C3Cl)=C2C)C(=C1)C4=CC=5C=CC=CC5OC4=O
SALOESJHNCDSCR-UHFFFAOYSA-N,O=C1OC(C)(CCCC(C)C)C2C(=O)CC3(C)C4C(=CC(O)C123)C5(C)CCC(OC6OCC(OC7OC(CO)C(O)C(OC8OC(CO)C(O)C(OC)C8O)C7O)C(O)C6OC9OC(C)C(OC%10OC(CO)C(O)C(OC%11OC(CO)C(O)C(OC)C%11O)C%10O)C(O)C9O)C(C)(C)C5CC4
FDDFSXUUNORYSR-UHFFFAOYSA-N,O=C(OC)C1C(=O)C(C(=O)OC)C2C=3C=CC=CC3C1C2[NH+]([O-])O
IVRMJRPJCMWTSD-UHFFFAOYSA-N,[CH]1[CH][NH+]([CH][CH][C]1C)C[C]2[CH][C]([CH][C]([CH]2)C)C
RTQMRTSPTLIIHM-UHFFFAOYSA-N,O=P(O)(O)OCC1OC(N2C=NC3=C(N=CN3C4OC(COP(=O)(O)O)C(O)C4O)C2=N)C(O)C1O
QCXCCDYJPYDVBP-UHFFFAOYSA-N,N=C(O)OC1C(O)C(OC(CO)C1O)OC2C(O)C(O)C(OC2OC(C3=CN=CN3)C(N=C(O)C=4N=C(NC(=N)C4C)C(NCC(N)C(=N)O)CC(=N)O)C(O)=NC(C)C(O)CC(O)=NC(C(O)=NC(OC5OC(C)C(N)C(O)C5O)C(O)C6=NC(=CS6)C7=NC(=CS7)C(O)=NCCCC(N)CC(O)=NCCCNCCO)C(O)C)CO
NYDVJHDLTJPWFB-UHFFFAOYSA-N,O=C1C(=COC=2C1=CC=C(OC)C2C)C=3C=CC(Cl)=CC3
XLEWMQYHLZKXOP-UHFFFAOYSA-N,O=P(O)(OCC1OC(N2C=CC(=N)N=C2O)C(O)C1O)OC3C(O)C(OC(C3O)C(N=C(O)C4NCCC(CC)C4)C(Cl)C)SC
GFZMJKBJZCUBOD-UHFFFAOYSA-N,O=C(O)C1=CC=C(OC2OC3(COC(=O)C4=CC(OCCC=5C=CC=CC5)=C(O)C(OC)=C4CC3)C(O)C(O)C2O)C(OC)=C1
DCHMVFIXPRBHPC-UHFFFAOYSA-N,O=P(C=1C=CC=CC1)(C=2C=CC=CC2)C=3C=CC=CC3OCCCP(=O)(C=4C=CC=CC4)C=5C=CC=CC5
GYCZNUWWKOYJHU-UHFFFAOYSA-N,N#CCCC(=O)C=NN1C(=O)OCC1
HJMFZRRKMVZJCX-UHFFFAOYSA-N,O=C(O)C12C(=C3CCC4C5(C)CC(O)C(O)C(C)(C)C5CCC4(C)C3(C)CC1)CC(C)(C)CC2
JDFOFHZAWHYLEB-UHFFFAOYSA-N,O=C1NC=2C=CC=CC2C13C4OCC5C6N(C)CC(C(O)C)(C5C4)C63
UCYAHIVNBSURER-UHFFFAOYSA-N,O=C(OC)C1=CC=2C=CC=CC2C(O)=C1C(=O)OC
RTMWIZOXNKJHRE-UHFFFAOYSA-N,OC1CCC2(C)C(CCC3C4CCC(C5(OC6C(OCC6C)C5)C)C4(C)CCC32)C1
YTGXJHCEXUYYFR-UHFFFAOYSA-N,O=C(OCC1C2=CC=C3C=4C(OC)=CC(O)=CC4CC56C3=C2OC1C7=C8C=CC9NC%10CCCC(CSSCC9OC8=C(O)C%11=C7C(C#CC=%12NC(N)C(=CC%12CC(CC5)C6)CC)C#CCC(COC)CCNC%11)C%10)C
JCEIRMPNYWCATH-UHFFFAOYSA-N,OC1C(OCC1N)CN2CCC(C)CC2
DRTJMXQPWKWAJT-UHFFFAOYSA-N,N=C(NC1CCCC(C2=CC=C(O)C=C2)C1)NC3CSSCC4C(N)CC5CC(CCC=6OC(=CC6CO)CCC7=CC=C(O)C(OCC(O)C8=CC9=C(N8)C%10C=CC%11(CCCC%11C%12%10CCCC%12)C9C(NCC(O)C)CCCO)=C7)CCC4C5CCC3C
HBUOYCWHERJBME-UHFFFAOYSA-N,O=C1OCC(C2C#CCC3CC4(O)C5=C6NC(C(=O)CC(C7=CC=C(O)C=C7)CSSCC8C(O)C(O)CC(C5CCC4(CCN=C(N)N)C3C(O)(C)C(O)CC(C)C9CC=C%10CCC(C)CC%10C9C2)(C8C6=O)C%11CCCC%11)CO)C1C=%12C=CNC%12
HSUOOTOSEYZBFD-UHFFFAOYSA-N,O=C1C=C(OC=2C=C3OC(C)(C)C4OC(=O)C5(OC5CCC=6C=C(N)NC(C6)C=7C=C(N)NC(C7)CN8C=C9C=CNC9=C8)CCCCC4C3=C(O)C12)C
TVQHIBBITLLBPD-UHFFFAOYSA-N,O=C1NC=2C=CC=CC2C3(O)C(=O)NC=4C=CC=CC4C13
MMGHAYAESBNGFM-UHFFFAOYSA-N,O=C(O)CCC=C(CNC)CCCCCCCCC1C=C(CO)CC1
FKQXRNWHPITKMH-UHFFFAOYSA-N,O=C(N1CCSCC1)CCC(C)C2CCC3C4CCC5CC(O)CCC5(C)C4CC(O)C23C
HEMSJKZDHNSSEW-UHFFFAOYSA-N,O=C(O)C1=C(O)C=C(OC(=O)C=2C(O)=CC(O)=CC2C)C=C1C
GBJDIKSFLQFQKL-UHFFFAOYSA-N,O=CC12CC34C5OC(CC6=CC=CC(=C6)CC7CCC(C7)C(C)C8CCC5C2(O)C(C8)C(O)C9(O)C1CCC%10%11CC%12(C#CC%13=CC=CC(=C%13CC(NC)C%14CC(CC9%10O)C%11C%15=CC(=O)OC%15%14)CO)CCC(CC=%16C=CC=CC%16)C%12)CC4CC%17CC(C=%18C=CC=CC%18)CCC%173
FAMHVDBYLLBZKI-UHFFFAOYSA-N,O=C1C2OC3(OCC(C)C(O)C3O)C(CO)C2C4(C)CCC5C(CC=C6CC(O)CC(OC7OCC(O)C(OC8OCC(O)C(O)C8O)C7OC9OC(C)C(O)C(OC%10OCC(O)(CO)C%10O)C9O)C65C)C14
PZHSASCBYIIZLV-UHFFFAOYSA-N,OC(=NCCC1=CNC=2C=CC=CC21)CCCCCCCCCCCCCCO
GFTRTMUGNRZABD-UHFFFAOYSA-N,O=C1OCC(OC2OC(C)C(N(C)C)C(O)C2)C=3C#CC4=CC(OC=5C=CC(=NC5Cl)CC1N=C(O)C=6C=C7C(OC)=C(OC)C(OC(C)C)=CC7=CC6O)C(OC8OC(C)C(O)C(O)(C)C8)C94OC9C#CC3
RMOLHIGRBORNDB-UHFFFAOYSA-N,O=C(OCC1C2=CC=C3C=4C(OCO)=CC(O)=CC4CC56C3=C2OC1C7=C8C=CC9NC%10CCCC(CSSCC9OC8=C(O)C%11=C7C%12C#CC=%13NC(N)C=CC%13C(CC=%14C=CC=C(C%14)CC(C#C%12)C(COC)CCNC%11)C(CC5)C6)C%10)C
JHGLIHMJUOGAMR-UHFFFAOYSA-N,O=C1C=C(OC2=CC(O)=C(O)C=C12)C=3C=C(OC)C=4OCOC4C3
ITBVNMLBVSURSR-UHFFFAOYSA-N,O=C1C=C(OC=2C1=C(OCCC(O)C=CC=3C=CC=CC3)C(OC)=C4OCC(CO)CC5=CC=C(C=C5N=C(N)N)C67CC89C%10=C(C=CC%11=CC%12=CC=CC%13=C%12C(=C%11%10)C(CC%13)C8)C=CC9C7C#CC%14CCC%15CCC%14C%15(C%16=CC=%17C%18=CC=CC(=C%18)CC(C#CC%19NCCN(C%17N%16)C%196)C24)C)C=%20C=CC(O)=CC%20
VIMNAWNGSPQUIP-UHFFFAOYSA-N,O=C(OC1CCC2(C)C3CC=4OC=CC4C(C(=O)OC)C3C(O)C(OC(=O)C)C2(O)C1(C)C)C=5C=CC=CC5
XIDABDMLGQKFPN-UHFFFAOYSA-N,O=C1C(=C2CCC(O)(C)C3(CCC(C(=CC=CC(=C)C(O)CC=C(C)C)CO)C3O)C2CCC(O)CC4=CC=CC(=C4)CC(C(O)CNC5C(=O)NC(N)C=6C=CC=C(C65)C1)C(C7=CC=C(O)C=C7)CN=C(N)N)C8CCCCC8
VVOQUOYGZOPTET-UHFFFAOYSA-N,O=C(NCC=1OC=CC1)CC2C(O)CCC3C4(C)COC(OC4CCC23C)CC=5C=CC=CC5
YVHOBXVKWCUWAD-UHFFFAOYSA-N,O=C1C(OC=2C1=CC=C(O)C2CN(C)C)=CC=3SC=CC3
KPRCBOWWIIMPHB-UHFFFAOYSA-N,S=C(NC(C1=CC=C(C=C1)CC)C)NC(C=2C=CC=CC2)(C=3C=CC=CC3)C=4C=CC=CC4
DFGVERBOYCCVQF-UHFFFAOYSA-N,O=CC12CC3(CCC4CC(C=5C=CC=CC5)CCC43)C(O)C6CCC(CC(C(O)C7(O)C1CCC89CC%10(C#CC%11=CC=CC(=C%11CC(NC)C%12CC(CC78O)C9C%13=CC(=O)OC%13%12)CO)CCC(CC=%14C=CC=CC%14)C%10)C62O)C(C)C%15CCCC%15
UQJQLNIDBWYKIP-UHFFFAOYSA-N,OC1=CC=CC(=C1)CC2=CC(=CC=C2O)CCC3C#CC4=CC(NC5=C4COC(CCC3)CC(O)C6CC=7C(=CC(O)=C(OCC8=CC(=CC9=CN5C=C98)C%10%11C=%12C%13=CC=CC%12CCC%11C%14(OCC%10CC%13)CCCCC%14)C7C(CCCO)C6)CO)NCOC
AYKYXWQEBUNJCN-UHFFFAOYSA-N,O=C1OC(=O)C(=C1)C
OABOXRPGTFRBFZ-UHFFFAOYSA-N,O=C(O)C(NC(=O)C(N)CS)CS
AQSQFWLMFCKKMG-UHFFFAOYSA-N,O=C(NCCCC)NCCCC
FYADCZYVWPMYFR-UHFFFAOYSA-N,O=C1OC(C=CC(=CC)C)=C(C(OC)=C1)C
FUUBBPBQJSJZFW-UHFFFAOYSA-N,O=C(OC1C2OC2(C)C3C(OC=CC13O)OC4OC(CO)C(O)C(O)C4O)C=CC5=CC=C(O)C=C5
RBDIFFRZCRBOLT-UHFFFAOYSA-N,N1=CN(C=2N=C(N=C(OC)C12)N(C)C)C
WZYGTIWHULFYCY-UHFFFAOYSA-N,O=CC1CC2SSCC3=CC(CO)C(OC(=O)C(=CC)CCO)(C)C4(OC5=CC=6OC(=O)C(=CC6C=C5C4)CCCO)C3C=7C=C(N)NCC7CC(=O)N8CC(C1NC)C82
HAFSHPGCWNAKCC-UHFFFAOYSA-N,O=C(NC1=CC=C(F)C=C1)N2CC3C4=CC=C(NC(=O)CN(C)C)C(=O)N4CC(C2)C3
QOBWAHGNXHPTJC-UHFFFAOYSA-N,O=C1C2=CC=3OCOC3C=C2C4=CC(=CC(OC(CO)CO)=C4N1CCN)CCC
NYHXTPQLAAKBHA-UHFFFAOYSA-N,O=C1C=CC(C=2C=NC=CC2)=C3N1CC4CN(CC5=CN(C=6C=CC=CC65)C)CC3C4
ZXVICOZMSIYHRN-UHFFFAOYSA-N,O=C(OC1CC2=C(O)C=3C(=O)C=C(OC3C4=C2OC1(C)C5CC6=CNC(C=C6CCC5C7C8=C(N)NCC=C8C4C(C9=CC(O)=CC=C9CC7)CO)NCC)CO)C(=CC)C%10(O)CC%11C%12=CC=CC%13=C%12C(CC%10C%11)CC%14C(CO)CCC%13%14O
NFDNSARRQSCCOG-UHFFFAOYSA-N,O=C1OC2=CCC3(CCC(C3)C(NCC(O)C)C=4C=C(C=C(C4)CCNC5C=CC67CCC2=C1C6C89C(OC(=O)C9=C(C=%10C=C(O)C=CC%10C=%11C=CC=C5C%11)C7CC8)=CC(CC=%12C=CC=CC%12)CC)CNC)C%13CCNC(NC)C%13
DMIAMWRCWMCODB-UHFFFAOYSA-N,O=C1OC=2C=C(OCC(=O)NCC3=CC=C(Cl)C=C3)C=CC2C(=C1)C=4C=CC=CC4
SRIVTICCVOYKPI-UHFFFAOYSA-N,O=C(OC1CCC23C4=CCC5(C)C(CCC5(C)C4CCC3(C1)C2)C(C=CC(C)C(C)C)C)C
IKSYBPLYPLDCSW-UHFFFAOYSA-N,OC1COC(OC2CC3=CCC4C(CCC5(C)C4CC6OC7(OCC(=C)CC7)C(C)C65)C3(C)C(O)C2)C(OC8OC(C)C(O)C(O)C8O)C1O
FVMLFEGQJDETJK-UHFFFAOYSA-N,OC=1N=C2C=NNC=C2C1
JOESNULBPBARBJ-UHFFFAOYSA-N,O=C1OC23C4=C(OC=C4CCC3C#CC5CCC(CC=6C=CC=CC6)CC5C78C(O)C(=O)C9C%10%11OC%12%13C(=CC%10C%14%15CCC%16CCCC%16C%15CC=C%17C=CC%11CC%17%14)CC%18CC%19C=CC%20%13C(=O)OCC9%12C8C(CC%18%20C%19)CC2(C)C%217OC1%21)CC(C(O)CO)C%22CCC%23C(C=CN%24CNCC%24%23)C%22
XTMBFZRNGJTOFE-UHFFFAOYSA-N,O=C(OCCCC#CC#C)C=CC=CCCC#CC#C
QKJMGMVEODCHCQ-UHFFFAOYSA-N,O=C1OC(CC(=C1COC2OC(CO)C(O)C(O)C2O)C)C(C)C3CCC4C5C6OC6C7(O)CC8OC8C(OC(=O)C)C7(C)C5CC(OC(=O)C)C34C
MNUSUYUWWCICIL-UHFFFAOYSA-N,O=C(OCC=1C=CC=CC1)N(C)C(C(=O)O)CC(=O)OCC=2C=CC=CC2
OADQHNPABUKHMI-UHFFFAOYSA-M,O=C([O-])[C]1[CH][NH+]([CH][C](C=CC2C(=COC(OC3OC(CO)C(O)C(O)(O)C3OC(C)C)C2C=C)C(=O)OC4CCCCC4)[C]1N=C(N)NCCCO)CCO
VCJCPIVKWWHJIG-UHFFFAOYSA-N,O=C1C2OC2(C)CCC1C(C)CCC=C(C)C
ABPXISKFLMGPJG-UHFFFAOYSA-N,O=C(C1=CC=C2OCOC2=C1)N3CCCCCC3
QKMAREIGOYKHRC-UHFFFAOYSA-N,OC1C(OC)C(C)C2CC(CCC(=C)C12)C(C)C
BKDLTBPGTMXGMR-UHFFFAOYSA-N,OCCC(CCC(C)C1CC(O)C2C3CC(O)C4CC(O)CCC4(C)C3CCC12C)C(C)C
APIINTKEQVTJFJ-UHFFFAOYSA-N,O=C1OC(C=2C=COC2CC(C(O)CO)C3CCC4C(C=CN5CNCC54)C3)C6(C)CC7CC89CCCC9CC%10=CC(CC(C)C%11CCCC%11)C%12(OC%10%13C8C(=O)OCC%14%13C%12C(=O)C(O)C(C%15CCCC(CC=%16C=CC=CC%16)C%15)(C7%14)C%176OC1%17)C
QSSICOOAJDSOCS-UHFFFAOYSA-N,O=C1C=CC(O)CCCC(C)CC=CC2C=C(C)C(C)C3C(N=C(O)C123)CC=4C=CC=CC4
QOWRRUMGFVBSIT-UHFFFAOYSA-N,O=C(OC1CC=2C(O)=CC(O)=C(C2OC1C3=CC(O)=C(O)C(O)=C3)CC4=C(O)C=C(O)C5=C4OC(C6=CC(O)=C(O)C(O)=C6)C(O)C5)C7=CC(O)=C(O)C(O)=C7
IILULJQHPCSNET-UHFFFAOYSA-N,C(#CC#CC)C#CC=CC1OC=CC1
SZYNJWAQHXVDTN-UHFFFAOYSA-N,O=C1OC(C)(C2OC(C)(C)CC2)C3(O)CCC4(C)C5C(=CC(O)C134)C6(C)CCC(OC7OCC(O)C(O)C7OC8OC(C)C(OC9OC(CO)C(O)C(OC%10OC(CO)C(O)C(OC)C%10O)C9O)C(O)C8O)C(C)(C)C6CC5
FTOMSCDGEUZQRL-UHFFFAOYSA-N,O=C1OC(C)(CCCC(C)C)C2CCC3(C)C4C(=CC(O)C123)C5CCC(OC6OCC(OC7OC(CO)C(OCC8OC(CO)C(O)C(OC)C8O)C(O)C7O)C(O)C6OC9OC(C)C(OC%10OC(CO)C(O)C(OC%11OC(CO)C(O)C(OC)C%11O)C%10O)C(O)C9O)C(C)(C)C5CC4
JHQJWAATPMMFRX-UHFFFAOYSA-N,O=C1OC2=CCC3(CC4CC(C#CCC(O)(C)CNC(C=5C=CC=C(C5)CCNCC6=CC=CC(=C6)C=7C=CC(O)=CC7C8=C9C(=O)OC(=CC(CC=%10C=CC=CC%10)CCO)C9%11CCC8C%12CCC2=C1C%12%11)C4C3)CO)C%13CCNC(NC)C%13
WAPDVZLSHHOCJF-UHFFFAOYSA-N,O=C(OC1CC2(C)C3CC=C4C5C(O)C(C)(C)CCC5(C(=O)OC6OC(COC7OC(CO)C(O)C(O)C7O)C(O)C(O)C6O)CCC4(C)C3(C)CCC2C(C)(C)C1O)C
KPNGOCXLTVWHAC-UHFFFAOYSA-N,OC1C=C(C)CC=CC(C)(C)CC=C(C)C1
INRIEPNXESYULG-UHFFFAOYSA-N,O=C(O)C(CCCCCC1C=CC(CCCCC)CC1O)C(O)CCC2(O)CC(CC2CC3=CC=CN3)C4(C=5C=C(N)NCC5)CCCC4
OQGNVHVHEVWZLC-UHFFFAOYSA-N,O=C1OC23C4=C(OC=C4CCC3C#CC5CCC(CC=6C=CC=CC6)CC5C78C(O)C(=O)C9C%10%11OC%12%13C(=CC%10C%14%15C=%16C=CC%17C%11C=CC(=CCC%14C%18CCCC%18C%16)C%17%15)CC%19CC%20(CCCC%20)CC%21%19CC(CC2(C)C%227OC1%22)C8C9%13COC(=O)C%12%21)CC(C(O)CO)C%23CCC%24C(C=CN%25CNCC%25%24)C%23
WRMRXPASUROZGT-UHFFFAOYSA-N,O=C(NC=1C(=CC=CC1C)C)CNCC
KCNZUVJWKRNYFI-UHFFFAOYSA-N,O=C1C2=C3CCC4C56CCCCC7(C(=O)C(C=8C=C(O)C=C(C8)CNC)C5)CCCCC(O)(C)CNC(CC4(C(CO)CCC9CCCC%10CCC(C(O)C%11OC%11(C)C%12CCCC%12C=%13C=CC=C(N)C%13)C2C9%10)C3(C)C1)C76
SURLGNKAQXKNSP-UHFFFAOYSA-N,N=1C=2C=CC1C=C3NC(=CC4=NC(C=C4)=CC5=CC=C(C2)N5)CC3
ZBUBJXXTGLTVJY-UHFFFAOYSA-N,O=C(C)CCC(O)C1=CC=2OC=C(C2C=C1C)C
LLNPYRJRCQLFFY-UHFFFAOYSA-N,O=C(O)CC(OC(=O)CC(OC1OC(CO)C(O)C(O)C1O)CCCCCCCCCCC)CCCCCCC
HRWUAXHZSYGTMF-UHFFFAOYSA-N,N=C(O)OC1C(O)C(OC(CO)C1O)OC2C(O)C(O)C(OC2OC(C3=CN=CN3)C(N=C(O)C=4N=C(NC(=N)C4C)C(NCC(N)C(=N)O)CC(=N)O)C(O)=NC(C)C(O)C(C(O)=NC(C(O)=NCCC5=NC(=CS5)C6=NC(=CS6)C(O)=NCCCCN)C(O)C)C)CO
MYNRELUCFAQMFC-UHFFFAOYSA-N,O=C(NC1CC1)C2OC(N3C=NC=4C(=NC=NC43)N)C(O)C2O
KEIPKMLOEISKCN-UHFFFAOYSA-N,O=C(C=CC1=C(C(=O)CC(C)C1(C)C)C)C
HPAGXLBCLUUXRW-UHFFFAOYSA-N,O=C(OCC1OC(OC2(OC(CO)C(O)C2OC(=O)C=CC3=CC=C(O)C(OC)=C3)CO)C(O)C(O)C1OC(=O)C)C=CC4=CC=C(O)C(OC)=C4
XQFMVGQXNIAIRE-UHFFFAOYSA-N,O=C(O)C=C(C)CCC1(O)C(=C)CC(O)C2C(C)(COC(=O)CCCC)C(OC(=O)CCCC)CCC21C
QVGNDSWLFVFADB-UHFFFAOYSA-N,O=C(NCCC1=CC=2C=CC(OC)=CC2N1C)C
XYGIMDGTRYIKJF-UHFFFAOYSA-N,O=C(OC(C)(C)C1CCC2(C)C1CCC3(C)C2CCC4C5(C)CCCC(C)(C)C5CCC43C)C
LXCNPSDULNZQOW-UHFFFAOYSA-N,O=C(OCC12CCC(C(=C)C)C2C3CCC4C5(C)CCC(O)C(C)(C)C5CCC4(C)C3(C)CC1)C=CC=6C=CC=CC6
AUKXCXNBZZBNMK-UHFFFAOYSA-N,O=C1OC2=CCC3(CCC(CC=4C=C(C=C(C4)CCNCC5=CC=CC(=C5)C=6C=CC(O)=CC6C7=C8C(=O)OC(=CC(CC=9C=CC=CC9)CC)C8%10CCC7C%11CCC2=C1C%11%10)CNCCC)C3)C%12CCNC(NC)C%12
HRDYPBCEQTVWCP-UHFFFAOYSA-N,O=C(OC1CC(=CCCC(=CC2OC(=O)C(=C)C21)C)CO)C(=CC)COC(=O)C
PVHQAZJOMXPXKJ-UHFFFAOYSA-N,O=C(NCC1N2CCC(C1)C(CN3CCN(C=4C=CC=CC4OC)CC3)C2)C5=CC=C(C=C5)C(F)(F)F
DTUUPLDKCMKMKW-UHFFFAOYSA-N,O=C(N)C(=CCCC12COC3(O)CC2CC1C3C)C
